configuration,Nxy,Nz,dx_um,padding,window_um,illumination_NA,theta_deg,phi_deg,continuous_born_scalar,continuous_rytov_scalar,continuous_born_co,continuous_rytov_co,continuous_born_full,continuous_rytov_full,scalar_co,scalar_full,polarization_leakage,voxel_born_scalar,voxel_rytov_scalar,voxel_born_co,voxel_rytov_co,voxel_born_full,voxel_rytov_full,voxel_born_continuous_gap,voxel_rytov_continuous_gap,scalar_norm2,co_norm2,vector_norm2,max_abs_rytov_phase,voxel_volume_error,voxel_seconds
baseline,256,80,0.1,2,25.6,0,0,0,0.890470916822732,0.0988522846352425,0.890840101145936,0.0986403575697555,0.890946035968161,0.103128593822727,0.00727382463907426,0.0311021659244163,0.0302404461663564,0.88807094492531,0.0998066957166861,0.888433901688845,0.0995748263104115,0.888542326532451,0.104021936969511,0.00610190968358717,0.00708652810571949,5378.23354011058,5369.6013730328,5374.51628532403,2.34298158639936,-0.000936675729245162,1.26680833333333
baseline,256,80,0.1,2,25.6,0.05,2.14579781294776,0,0.890839691093235,0.0990419309287887,0.891232244757026,0.0988382616427634,0.891337965248848,0.103325650183698,0.00730832140221004,0.0311368014155844,0.0302677678896998,0.88525891579612,0.0946306160934225,0.885632620250863,0.0943354504937614,0.885744154718159,0.0990311169304168,0.0109866261957059,0.0129707471641388,5383.49867708059,5374.73696088657,5379.66547563502,2.35356526674819,-0.000936675729245162,1.26680833333333
baseline,256,80,0.1,2,25.6,0.1,4.294612721817,0,0.892140762013417,0.099408128931207,0.892516191439902,0.0992111440536285,0.892620774858693,0.103690043031188,0.00733468576827947,0.0311697931337183,0.0302953422913235,0.883332844071586,0.0924967829255654,0.883677842683852,0.0921239392289989,0.883791623458145,0.0969372924841626,0.0161653725673541,0.0189346183286968,5398.44890991447,5389.72883446309,5394.68011375875,2.33982642602243,-0.000936675729245162,1.26680833333333
baseline,256,80,0.1,2,25.6,0.15,6.44950021830543,0,0.894253055674055,0.100011932543118,0.894638327830557,0.0998223312588752,0.894740986688178,0.104285878758896,0.00733354793357043,0.0312081338423068,0.0303350652332106,0.883419881852057,0.0929836600210493,0.883770853859458,0.0925862685244989,0.883884835607064,0.0973886287462717,0.0190817561575686,0.0221788256001845,5423.80110947128,5414.98430936308,5419.97185517399,2.29603540613376,-0.000936675729245162,1.26680833333333
baseline,256,80,0.1,2,25.6,0.2,8.61359395458848,0,0.897280279149171,0.100846869254999,0.897661084580047,0.100668738606882,0.89776093953588,0.105109461446769,0.00730681899259845,0.031248995939496,0.0303835388089055,0.885239044644896,0.0953319878876282,0.885587866801882,0.094987242311882,0.885700303050337,0.0996865404969984,0.0203956745883255,0.0234926038970992,5459.46934687669,5450.60759957119,5455.64402880612,2.23598006173836,-0.000936675729245162,1.26680833333333
baseline,256,80,0.1,2,25.6,0.25,10.7901483426374,0,0.901207743570152,0.101935074818597,0.901587417428869,0.101767644022309,0.901683612419424,0.106179012200597,0.0072667317839193,0.0312999295505464,0.0304455110961461,0.890029923701145,0.100868276882646,0.890384918453155,0.100612317321458,0.890492771644406,0.105073233455291,0.0203983513335403,0.0231181940490655,5506.19448328788,5497.26000056563,5502.36029869778,2.25513168045554,-0.000936675729245162,1.26680833333333
baseline,256,80,0.1,2,25.6,0.3,12.9825856588502,0,0.906079561780562,0.103273550277108,0.906457364326221,0.103118300675082,0.906548976529399,0.107493427543713,0.00721289612180774,0.0313581555273613,0.0305181339902514,0.891954297303057,0.0996036585612522,0.892300420214151,0.0992962050681315,0.892406774028716,0.103835976008452,0.023760651084565,0.0271799528865258,5564.49633555433,5555.44891497986,5560.62784187695,2.33914195264873,-0.000936675729245162,1.26680833333333
baseline,256,80,0.1,2,25.6,0.35,15.1945496629494,0,0.911939353177067,0.104963913186267,0.912316509304121,0.104820418744053,0.912402559640563,0.109148761208668,0.00714973168834424,0.0314243764578489,0.0306009908519425,0.895231815707159,0.0986958664469308,0.895567740639389,0.0983229283499842,0.895671228982104,0.102930880347831,0.02787651270695,0.0321401503571382,5635.1294517746,5625.95913719422,5631.23233939178,2.30778555422112,-0.000936675729245162,1.26680833333333
baseline,256,80,0.1,2,25.6,0.4,17.4299682548373,0,0.91885005874846,0.106978868346516,0.919223918643997,0.106846517648732,0.9193033682279,0.111119952491668,0.00708455048322214,0.0315018356297027,0.0306956362277112,0.900462383338676,0.0993191529690182,0.900790892713658,0.0989257062869431,0.900889511898374,0.103534035873172,0.0305458623372395,0.0354303256355369,5719.06339384345,5709.76520197265,5715.15014264715,2.34449032624053,-0.000936675729245162,1.26680833333333
baseline,256,80,0.1,2,25.6,0.45,19.6931284542689,0,0.926877229824964,0.109318600143538,0.927247508795173,0.109210168629347,0.927319212103834,0.113419397585864,0.00701819610995537,0.0315851031018597,0.0307962721013929,0.907493341141635,0.101785083536916,0.907821269617413,0.101448168876496,0.907913126644197,0.105973489889248,0.0314578344400999,0.0365864828447047,5817.56225691598,5808.09762240661,5813.61131169284,2.36465236651851,-0.000936675729245162,1.26680833333333
baseline,256,80,0.1,2,25.6,0.5,21.9887681072876,0,0.936108331936266,0.112013238760847,0.936475174756651,0.111943219246186,0.936537860423984,0.116076590429064,0.0069446320985584,0.0316643789011684,0.0308941905120441,0.918924918764221,0.107618547809612,0.919256831232146,0.107390717909638,0.919337277640794,0.111696955375404,0.0295031676313239,0.0339748643993317,5932.07727298702,5922.42756484027,5928.0856321438,2.42863549365172,-0.000936675729245162,1.26680833333333
baseline,256,80,0.1,2,25.6,0.05,2.14579781294776,45,0.89083968400485,0.0990384557538773,0.891227673349137,0.0988352496439654,0.891333376877932,0.103321870822503,0.00734339471136027,0.0311420269233076,0.0302646623639834,0.880604391384638,0.0855087667388928,0.880954685817182,0.0850031249745311,0.881071085031557,0.0901934743738152,0.0212694501902604,0.0254407371856819,5383.49948474625,5374.75825445866,5379.68577650519,2.34861420804962,-0.000936675729245162,1.26680833333333
baseline,256,80,0.1,2,25.6,0.1,4.294612721817,45,0.892140925747604,0.0994093472060225,0.892519649835722,0.0992095471457312,0.892624101040099,0.103683125810672,0.00733013160678985,0.0311506075496014,0.0302767035069422,0.882226085393788,0.0902218895104894,0.882575003981684,0.0898282453529177,0.882689798237277,0.0947543964848143,0.0180645386004902,0.0212462869509194,5398.44728687116,5389.72403702322,5394.66921579281,2.33192548460504,-0.000936675729245162,1.26680833333333
baseline,256,80,0.1,2,25.6,0.15,6.44950021830543,45,0.894253257382638,0.100015848000775,0.894637169246428,0.0998220064791153,0.894739541657369,0.104273327837227,0.00730867873214599,0.0311609599859662,0.0302925347188158,0.882267159597528,0.0908134256505958,0.8826174534158,0.0904038879986375,0.882732323269915,0.0953047789888653,0.0214563012598458,0.0250882322086272,5423.79863297148,5415.00715196083,5419.98073039385,2.28784250713663,-0.000936675729245162,1.26680833333333
baseline,256,80,0.1,2,25.6,0.2,8.61359395458848,45,0.897281092481659,0.100847405323384,0.897662379014216,0.100658708733895,0.89776173209652,0.105078069009993,0.00725421296085556,0.0311625887293126,0.0303072873592985,0.881294151364991,0.0882527628596517,0.881629885871527,0.0877469189042145,0.881745903912621,0.0927953726739014,0.0285532614229521,0.0335328881798303,5459.46029121031,5450.63371138765,5455.64489398712,2.24464831322296,-0.000936675729245162,1.26680833333333
baseline,256,80,0.1,2,25.6,0.25,10.7901483426374,45,0.901207739526483,0.10191590491381,0.901588230780048,0.101737827902193,0.90168369111954,0.106117492978533,0.00721242961497648,0.0311741727557208,0.0303291568669955,0.890264668784312,0.101535492624652,0.890626756055033,0.101317639463448,0.890733535043047,0.105715085205172,0.0202603029355268,0.0229936952422144,5506.19329224887,5497.30352895424,5502.36492200554,2.24068695677917,-0.000936675729245162,1.26680833333333
baseline,256,80,0.1,2,25.6,0.3,12.9825856588502,45,0.906078923375228,0.103278141313244,0.906458430508935,0.103105917142931,0.90654905185968,0.107435235392546,0.00714722528498116,0.0311821990653686,0.0303528214762722,0.88682484279465,0.0908087719739621,0.887154194882115,0.0903070255998868,0.887264764236105,0.0952320280311968,0.0335362705790672,0.0392853041567955,5564.50345756502,5555.52708840705,5560.65008069229,2.33847088432376,-0.000936675729245162,1.26680833333333
baseline,256,80,0.1,2,25.6,0.35,15.1945496629494,45,0.911939330838568,0.104969276410325,0.912317667704745,0.104808640253624,0.91240243629431,0.109074296830297,0.00705739797514831,0.0311808504102992,0.03037243013314,0.894071804808848,0.0967007026938378,0.894410889574401,0.0963264767884244,0.89451403744822,0.100958977324832,0.0302053955201603,0.0350398951553202,5635.1290409867,5626.06012055666,5631.25486595472,2.31121051776416,-0.000936675729245162,1.26680833333333
baseline,256,80,0.1,2,25.6,0.4,17.4299682548373,45,0.918849806538141,0.106971588236353,0.91922622368596,0.106814193631669,0.919304152391008,0.111008736619635,0.00697954544434623,0.0311910446428009,0.0304008590902415,0.899240168129551,0.0973146394755122,0.899572161836677,0.0969047640106076,0.899670154140153,0.101518799616786,0.0331360556867204,0.0386077845185972,5719.06580793745,5709.89047724538,5715.17250959488,2.33384170494624,-0.000936675729245162,1.26680833333333
baseline,256,80,0.1,2,25.6,0.45,19.6931284542689,45,0.92687883141289,0.109316232653458,0.927252462169089,0.10917826238193,0.927322414405026,0.113288027562264,0.00688478400289798,0.0311876617427815,0.0304189719471966,0.904085301421742,0.0960789340217181,0.904406091248028,0.0956045242016636,0.904499215546395,0.100285000499986,0.0382426382473631,0.0450477096869532,5817.54129612085,5808.24045240331,5813.6198754178,2.36518057292791,-0.000936675729245162,1.26680833333333
baseline,256,80,0.1,2,25.6,0.5,21.9887681072876,45,0.936106507477187,0.111993849888837,0.936477939511603,0.111879038366448,0.936538810267862,0.115897264297613,0.00678597791611752,0.0311907817822452,0.0304443435346548,0.919336656927718,0.108662392814923,0.919680779368881,0.108437273792068,0.91975847136515,0.112581534046916,0.0287036126403731,0.032994816987561,5932.09694713972,5922.64561516421,5928.14015961198,2.43866320721101,-0.000936675729245162,1.26680833333333
baseline,256,80,0.1,2,25.6,0.05,2.14579781294776,90,0.890839691093233,0.0990419309287884,0.891222768104086,0.098841020080217,0.891328502686638,0.103328464361129,0.00734480157659603,0.0311459724031733,0.030268381370869,0.885258915796119,0.0946306160934229,0.885629095945771,0.0943527427429988,0.885740638606372,0.0990477601044462,0.0109866261957059,0.0129707471641387,5383.49867708059,5374.77586465979,5379.70461505567,2.35356526674819,-0.000936675729245162,1.26680833333333
baseline,256,80,0.1,2,25.6,0.1,4.294612721817,90,0.89214076201342,0.0994081289312072,0.892522756657439,0.0992060727960237,0.892627095456785,0.103675227949181,0.007321309615877,0.0311331475948097,0.030260872239962,0.883332844071588,0.0924967829255654,0.883696287225185,0.0921846386382071,0.883809789986966,0.0969842574377751,0.0161653725673541,0.0189346183286968,5398.44890991447,5389.72095692041,5394.66095794985,2.33982642602243,-0.000936675729245162,1.26680833333333
baseline,256,80,0.1,2,25.6,0.15,6.44950021830543,90,0.894253055674053,0.100011932543118,0.894635778673351,0.0998125317959769,0.894737873379281,0.104252385334861,0.0072916517407122,0.0311167952735813,0.030251205250031,0.883419881852056,0.0929836600210489,0.883781537316249,0.0926685756106569,0.883894878634432,0.0974409648530442,0.0190817561575686,0.0221788256001845,5423.80110947128,5415.03364303576,5419.99367121548,2.29603540613376,-0.000936675729245162,1.26680833333333
baseline,256,80,0.1,2,25.6,0.2,8.61359395458848,90,0.89728027914917,0.100846869254998,0.897662488909138,0.100650365020876,0.897761365428281,0.105049331279498,0.00724344887568713,0.0310893256391742,0.0302345262748963,0.885239044644894,0.0953319878876284,0.885600402698615,0.0950419162156086,0.885711725825961,0.0996937066360853,0.0203956745883256,0.0234926038970993,5459.46934687669,5450.67247998256,5455.659643469,2.23598006173836,-0.000936675729245162,1.26680833333333
baseline,256,80,0.1,2,25.6,0.25,10.7901483426374,90,0.901207743570157,0.101935074818597,0.901589319762102,0.101742648988132,0.901684034053743,0.106088633179491,0.0071672586832326,0.0310483790014461,0.0302105796955961,0.890029923701147,0.100868276882647,0.890395135797896,0.10064308614946,0.890501320479063,0.105035543318764,0.0203983513335403,0.0231181940490654,5506.19448328788,5497.3502439747,5502.37214417166,2.25513168045554,-0.000936675729245162,1.26680833333333
baseline,256,80,0.1,2,25.6,0.3,12.9825856588502,90,0.906079561780567,0.103273550277108,0.906460561446668,0.103085420755044,0.906550152782754,0.107367445596964,0.00707290124290397,0.0309971602235677,0.0301801851507314,0.891954297303058,0.0996036585612522,0.892313973994444,0.0993477190839984,0.892417971602098,0.103787392610121,0.023760651084565,0.0271799528865258,5564.49633555433,5555.59576062221,5560.66065265453,2.33914195264872,-0.000936675729245162,1.26680833333333
baseline,256,80,0.1,2,25.6,0.35,15.1945496629494,90,0.911939353177066,0.104963913186266,0.912318963462881,0.104784358499397,0.912402447957365,0.108987661525416,0.00696854787065027,0.030936071117025,0.0301417311257077,0.895231815707159,0.0986958664469303,0.895584362941148,0.0983955153127344,0.895684751496646,0.102865958183635,0.0278765127069499,0.0321401503571382,5635.1294517746,5626.16198753526,5631.27813862289,2.30778555422112,-0.000936675729245162,1.26680833333333
baseline,256,80,0.1,2,25.6,0.4,17.4299682548373,90,0.918850058748456,0.106978868346516,0.919228838439178,0.106797551293886,0.919305236428162,0.110911995169535,0.00686362353233405,0.0308732074711281,0.0301013005827402,0.900462383338676,0.0993191529690181,0.900811675023642,0.0989961113841516,0.900906491390598,0.103428422071423,0.0305458623372396,0.0354303256355368,5719.06339384345,5710.01289059777,5715.19135860161,2.34449032624053,-0.000936675729245162,1.26680833333333
baseline,256,80,0.1,2,25.6,0.45,19.6931284542689,90,0.926877229824965,0.109318600143538,0.927254724956588,0.109146910328861,0.927323001326304,0.113161224522463,0.00674795674641345,0.03080045541394,0.030052857757999,0.907493341141636,0.101785083536916,0.90784117685596,0.101475573436901,0.90792863291412,0.105788307551877,0.0314578344400999,0.0365864828447048,5817.56225691597,5808.41489617097,5813.66564933834,2.36465236651851,-0.000936675729245162,1.26680833333333
baseline,256,80,0.1,2,25.6,0.5,21.9887681072876,90,0.936108331936268,0.112013238760848,0.936483716986239,0.111851207524447,0.936542735650128,0.115750547965568,0.00659673582923785,0.0306955763944234,0.0299790026020051,0.918924918764224,0.107618547809612,0.919276682798953,0.107367811166902,0.919352414344182,0.111428124491979,0.0295031676313239,0.0339748643993317,5932.07727298701,5922.83239296852,5928.16027126989,2.42863549365172,-0.000936675729245162,1.26680833333333
baseline,256,80,0.1,2,25.6,0.05,2.14579781294776,135,0.89083968400485,0.0990384563563702,0.891227673349137,0.0988352507900592,0.891333376877933,0.103321871917824,0.00734339471136025,0.0311420269233076,0.0302646623639834,0.880604391384638,0.085508766982621,0.880954685817182,0.0850031266040099,0.881071085031557,0.0901934759081154,0.0212694501902604,0.0254407387870369,5383.49948474625,5374.75825445866,5379.68577650519,2.34861420804962,-0.000936675729245162,1.26680833333333
baseline,256,80,0.1,2,25.6,0.1,4.294612721817,135,0.892140925747604,0.0994093413800896,0.892519649835722,0.0992095361560208,0.8926241010401,0.103683115304769,0.00733013160678982,0.0311506075496014,0.0302767035069422,0.882226085393788,0.0902218762435969,0.882575003981684,0.089828229740776,0.882689798237277,0.0947543816978933,0.0180645386004902,0.0212462818332615,5398.44728687116,5389.72403702321,5394.66921579281,2.33192548460504,-0.000936675729245162,1.26680833333333
baseline,256,80,0.1,2,25.6,0.15,6.44950021830543,135,0.894253257382638,0.10001584906857,0.894637169246428,0.0998220108589178,0.894739541657367,0.104273332026212,0.007308678732146,0.0311609599859662,0.0302925347188158,0.882267159597529,0.0908134266312639,0.882617453415801,0.0904038935163938,0.882732323269915,0.0953047842180774,0.0214563012598458,0.0250882318560635,5423.79863297147,5415.00715196083,5419.98073039385,2.28784250713663,-0.000936675729245162,1.26680833333333
baseline,256,80,0.1,2,25.6,0.2,8.61359395458848,135,0.89728109248166,0.100847397646603,0.897662379014216,0.10065870777101,0.897761732096519,0.105078068088452,0.00725421296085557,0.0311625887293126,0.0303072873592985,0.881294151364991,0.0882527564735167,0.881629885871526,0.0877469198601148,0.881745903912621,0.0927953735769661,0.0285532614229521,0.0335328847526431,5459.46029121031,5450.63371138765,5455.64489398712,2.24464831322295,-0.000936675729245162,1.26680833333333
baseline,256,80,0.1,2,25.6,0.25,10.7901483426374,135,0.901207739526483,0.101915907233226,0.901588230780048,0.101737821666571,0.90168369111954,0.106117487005765,0.0072124296149765,0.0311741727557208,0.0303291568669955,0.890264668784313,0.101535489240672,0.890626756055033,0.10131763629116,0.890733535043047,0.105715082167638,0.0202603029355267,0.0229937002860039,5506.19329224887,5497.30352895424,5502.36492200554,2.24068695677917,-0.000936675729245162,1.26680833333333
baseline,256,80,0.1,2,25.6,0.3,12.9825856588502,135,0.906078923375228,0.103278138711657,0.906458430508935,0.103105910413479,0.90654905185968,0.107435228940221,0.00714722528498116,0.0311821990653687,0.0303528214762722,0.886824842794649,0.0908087713741644,0.887154194882115,0.0903070236769203,0.887264764236106,0.0952320262093583,0.0335362705790671,0.03928530674895,5564.50345756503,5555.52708840705,5560.65008069229,2.33847088432376,-0.000936675729245162,1.26680833333333
baseline,256,80,0.1,2,25.6,0.35,15.1945496629494,135,0.911939330838568,0.104969276004259,0.912317667704745,0.10480863990555,0.912402436294311,0.109074296496143,0.00705739797514828,0.0311808504102992,0.0303724301331401,0.894071804808848,0.0967006998351284,0.894410889574401,0.0963264750627705,0.89451403744822,0.100958975679879,0.0302053955201603,0.0350398966019021,5635.1290409867,5626.06012055666,5631.25486595472,2.31121051776416,-0.000936675729245162,1.26680833333333
baseline,256,80,0.1,2,25.6,0.4,17.4299682548373,135,0.918849806538141,0.106971580273278,0.919226223685961,0.106814200088491,0.919304152391008,0.11100874282674,0.00697954544434622,0.0311910446428009,0.0304008590902416,0.89924016812955,0.0973146193225092,0.899572161836677,0.096904765159976,0.899670154140152,0.101518800712902,0.0331360556867204,0.038607791050127,5719.06580793745,5709.89047724538,5715.17250959488,2.33384170494624,-0.000936675729245162,1.26680833333333
baseline,256,80,0.1,2,25.6,0.45,19.6931284542689,135,0.926878831412889,0.109316238338193,0.927252462169089,0.109178269516741,0.927322414405026,0.113288034431882,0.00688478400289796,0.0311876617427815,0.0304189719471966,0.904085301421742,0.096078940922916,0.904406091248027,0.0956045319289784,0.904499215546394,0.100285007859837,0.0382426382473629,0.0450477032218492,5817.54129612085,5808.24045240331,5813.61987541781,2.36518057292791,-0.000936675729245162,1.26680833333333
baseline,256,80,0.1,2,25.6,0.5,21.9887681072876,135,0.936106507477187,0.111993850088605,0.936477939511604,0.111879038445192,0.93653881026786,0.115897264373557,0.00678597791611753,0.0311907817822451,0.0304443435346548,0.919336656927719,0.108662393031716,0.919680779368881,0.108437273949389,0.91975847136515,0.112581534198306,0.0287036126403731,0.0329948182572871,5932.09694713971,5922.64561516421,5928.14015961198,2.43866320721101,-0.000936675729245162,1.26680833333333
baseline,256,80,0.1,2,25.6,0.05,2.14579781294776,180,0.890839691093235,0.0990419354642403,0.891232244757026,0.0988382734321616,0.891337965248847,0.103325661450756,0.00730832140221004,0.0311368014155844,0.0302677678896998,0.88525891579612,0.094630632594397,0.885632620250864,0.0943354790282085,0.885744154718159,0.0990311440869707,0.0109866261957059,0.0129707476944016,5383.49867708059,5374.73696088657,5379.66547563502,2.35356526674819,-0.000936675729245162,1.26680833333333
baseline,256,80,0.1,2,25.6,0.1,4.294612721817,180,0.892140762013416,0.0994081287497663,0.892516191439903,0.099211141918489,0.892620774858693,0.103690040990149,0.00733468576827947,0.0311697931337183,0.0302953422913235,0.883332844071586,0.0924967822062685,0.883677842683852,0.0921239375009679,0.883791623458145,0.0969372908434426,0.0161653725673541,0.0189346310199066,5398.44890991447,5389.72883446309,5394.68011375875,2.33982642602243,-0.000936675729245162,1.26680833333333
baseline,256,80,0.1,2,25.6,0.15,6.44950021830543,180,0.894253055674056,0.100011928648248,0.894638327830557,0.0998223256365349,0.894740986688178,0.10428587338215,0.00733354793357042,0.0312081338423068,0.0303350652332106,0.883419881852058,0.0929836774862871,0.883770853859458,0.0925862835137954,0.883884835607064,0.0973886429833132,0.0190817561575686,0.0221788298518902,5423.80110947128,5414.98430936307,5419.97185517399,2.29603540613376,-0.000936675729245162,1.26680833333333
baseline,256,80,0.1,2,25.6,0.2,8.61359395458848,180,0.897280279149172,0.10084686444744,0.897661084580048,0.100668730117872,0.89776093953588,0.105109453323913,0.00730681899259844,0.0312489959394959,0.0303835388089055,0.885239044644896,0.09533202381261,0.885587866801883,0.0949872756010996,0.885700303050336,0.099686572187655,0.0203956745883256,0.0234926216772308,5459.46934687669,5450.60759957119,5455.64402880612,2.23598006173836,-0.000936675729245162,1.26680833333333
baseline,256,80,0.1,2,25.6,0.25,10.7901483426374,180,0.901207743570153,0.101935074950696,0.901587417428869,0.10176764410454,0.901683612419424,0.106179012279339,0.00726673178391929,0.0312999295505464,0.0304455110961461,0.890029923701145,0.100868276625471,0.890384918453155,0.10061231719872,0.890492771644406,0.105073233337873,0.0203983513335404,0.0231182046367411,5506.19448328788,5497.26000056563,5502.36029869778,2.25513168045554,-0.000936675729245162,1.26680833333333
baseline,256,80,0.1,2,25.6,0.3,12.9825856588502,180,0.906079561780561,0.103273558417209,0.906457364326219,0.103118309918443,0.906548976529399,0.107493436402599,0.00721289612180776,0.0313581555273614,0.0305181339902514,0.891954297303057,0.0996036435346158,0.89230042021415,0.0992961909420165,0.892406774028716,0.103835962512521,0.023760651084565,0.0271798968172577,5564.49633555433,5555.44891497986,5560.62784187695,2.33914195264873,-0.000936675729245162,1.26680833333333
baseline,256,80,0.1,2,25.6,0.35,15.1945496629494,180,0.911939353177068,0.104963917710239,0.912316509304121,0.104820427094964,0.912402559640564,0.109148769220909,0.00714973168834423,0.0314243764578489,0.0306009908519425,0.89523181570716,0.098695845892139,0.895567740639389,0.0983229099884034,0.895671228982104,0.102930862824675,0.0278765127069501,0.0321401955045243,5635.1294517746,5625.95913719421,5631.23233939178,2.30778555422112,-0.000936675729245162,1.26680833333333
baseline,256,80,0.1,2,25.6,0.4,17.4299682548373,180,0.91885005874846,0.106978870723224,0.919223918643998,0.106846519306181,0.9193033682279,0.111119954083872,0.0070845504832221,0.0315018356297027,0.0306956362277112,0.900462383338675,0.0993192608663089,0.900790892713658,0.0989258283417878,0.900889511898374,0.103534152385443,0.0305458623372396,0.0354305570812593,5719.06339384345,5709.76520197265,5715.15014264715,2.34449032624053,-0.000936675729245162,1.26680833333333
baseline,256,80,0.1,2,25.6,0.45,19.6931284542689,180,0.926877229824964,0.109318612715992,0.927247508795173,0.109210204981033,0.927319212103834,0.113419432555267,0.00701819610995534,0.0315851031018597,0.0307962721013929,0.907493341141635,0.101785099694619,0.907821269617412,0.101448185323991,0.907913126644197,0.105973505619463,0.0314578344401,0.0365864739394262,5817.56225691597,5808.0976224066,5813.61131169284,2.36465236651851,-0.000936675729245162,1.26680833333333
baseline,256,80,0.1,2,25.6,0.5,21.9887681072876,180,0.936108331936265,0.112013226716907,0.936475174756652,0.111943210916087,0.936537860423984,0.116076582403258,0.00694463209855842,0.0316643789011684,0.0308941905120441,0.91892491876422,0.1076186504514,0.919256831232145,0.107390825511517,0.919337277640793,0.111697058730186,0.029503167631324,0.0339749971437529,5932.07727298702,5922.42756484027,5928.0856321438,2.42863549365172,-0.000936675729245162,1.26680833333333
baseline,256,80,0.1,2,25.6,0.05,2.14579781294776,225,0.89083968400485,0.0990384569648753,0.891227673349139,0.0988352515844218,0.891333376877929,0.103321872676997,0.00734339471136025,0.0311420269233075,0.0302646623639833,0.880604391384637,0.0855087673315559,0.880954685817179,0.0850031271701741,0.881071085031555,0.0901934764412106,0.0212694501902603,0.025440740608467,5383.49948474625,5374.75825445866,5379.6857765052,2.34861420804962,-0.000936675729245162,1.26680833333333
baseline,256,80,0.1,2,25.6,0.1,4.294612721817,225,0.892140925747605,0.0994093354523971,0.892519649835724,0.0992095298956184,0.892624101040097,0.103683109319975,0.00733013160678986,0.0311506075496014,0.0302767035069422,0.882226085393794,0.0902218629060427,0.882575003981685,0.0898282158482058,0.882689798237276,0.0947543685396514,0.0180645386004902,0.0212462767018283,5398.44728687117,5389.72403702321,5394.66921579281,2.33192548460504,-0.000936675729245162,1.26680833333333
baseline,256,80,0.1,2,25.6,0.15,6.44950021830543,225,0.894253257382636,0.100015850141527,0.894637169246429,0.0998220114846076,0.894739541657359,0.104273332624642,0.00730867873214591,0.031160959985966,0.0302925347188157,0.882267159597531,0.0908134276322369,0.882617453415794,0.0904038938767566,0.882732323269908,0.0953047845595951,0.0214563012598468,0.0250882315522724,5423.79863297147,5415.00715196084,5419.98073039385,2.28784250713663,-0.000936675729245162,1.26680833333333
baseline,256,80,0.1,2,25.6,0.2,8.61359395458848,225,0.897281092481657,0.100847390779158,0.897662379014216,0.100658704316361,0.89776173209652,0.105078064782139,0.00725421296085551,0.0311625887293128,0.0303072873592987,0.881294151364978,0.0882527503457584,0.881629885871523,0.0877469176302088,0.88174590391262,0.0927953714703138,0.0285532614229523,0.0335328814471671,5459.46029121033,5450.63371138766,5455.64489398712,2.24464831322295,-0.000936675729245162,1.26680833333333
baseline,256,80,0.1,2,25.6,0.25,10.7901483426374,225,0.901207739526476,0.101915909501755,0.901588230780056,0.101737819858877,0.901683691119535,0.106117485274271,0.00721242961497648,0.0311741727557208,0.0303291568669953,0.890264668784304,0.101535481857541,0.890626756055039,0.101317624486923,0.890733535043046,0.10571507086483,0.0202603029355269,0.022993696684876,5506.19329224887,5497.30352895424,5502.36492200555,2.24068695677917,-0.000936675729245162,1.26680833333333
baseline,256,80,0.1,2,25.6,0.3,12.9825856588502,225,0.906078923375233,0.103278136074352,0.906458430508932,0.103105905011093,0.906549051859678,0.10743522376031,0.00714722528498113,0.0311821990653684,0.030352821476272,0.886824842794652,0.0908087706378536,0.887154194882115,0.0903070219145544,0.887264764236098,0.0952320245396741,0.0335362705790672,0.0392853096792105,5564.50345756502,5555.52708840706,5560.65008069227,2.33847088432376,-0.000936675729245162,1.26680833333333
baseline,256,80,0.1,2,25.6,0.35,15.1945496629494,225,0.911939330838574,0.104969275584587,0.912317667704748,0.10480864008932,0.912402436294308,0.109074296672561,0.00705739797514832,0.0311808504102988,0.0303724301331399,0.894071804808851,0.0967006969917983,0.894410889574401,0.0963264727508156,0.894514037448214,0.100958973476042,0.0302053955201607,0.0350398980814409,5635.1290409867,5626.06012055667,5631.25486595472,2.31121051776416,-0.000936675729245162,1.26680833333333
baseline,256,80,0.1,2,25.6,0.4,17.4299682548373,225,0.918849806538144,0.106971573126274,0.919226223685959,0.106814194925396,0.91930415239101,0.111008737863327,0.00697954544434623,0.0311910446428012,0.0304008590902417,0.899240168129553,0.0973145887488572,0.899572161836676,0.0969047388509127,0.899670154140155,0.101518775622797,0.0331360556867204,0.0386077750888313,5719.06580793746,5709.89047724538,5715.17250959488,2.33384170494624,-0.000936675729245162,1.26680833333333
baseline,256,80,0.1,2,25.6,0.45,19.6931284542689,225,0.926878831412892,0.109316244094609,0.927252462169094,0.109178276016343,0.927322414405026,0.113288040689902,0.00688478400289793,0.0311876617427816,0.0304189719471966,0.904085301421743,0.0960789485533982,0.90440609124803,0.0956045390470108,0.904499215546403,0.10028501463938,0.038242638247363,0.0450476959796323,5817.54129612087,5808.24045240331,5813.61987541781,2.36518057292791,-0.000936675729245162,1.26680833333333
baseline,256,80,0.1,2,25.6,0.5,21.9887681072876,225,0.936106507477157,0.111993850288371,0.936477939511572,0.111879038621985,0.936538810267832,0.115897264544063,0.00678597791611749,0.0311907817822451,0.0304443435346546,0.919336656927713,0.108662393236643,0.919680779368882,0.108437274169263,0.919758471365151,0.11258153440989,0.0287036126403692,0.0329948194979898,5932.09694713971,5922.64561516421,5928.14015961197,2.43866320721094,-0.000936675729245162,1.26680833333333
baseline,256,80,0.1,2,25.6,0.05,2.14579781294776,270,0.890839691093234,0.0990419354642405,0.891222768104088,0.098841025304756,0.89132850268664,0.103328469354194,0.00734480157659602,0.0311459724031732,0.0302683813708688,0.88525891579612,0.0946306325943968,0.885629095945766,0.0943527602514801,0.885740638606366,0.0990477767677184,0.010986626195706,0.0129707476944015,5383.4986770806,5374.7758646598,5379.70461505569,2.35356526674819,-0.000936675729245162,1.26680833333333
baseline,256,80,0.1,2,25.6,0.1,4.294612721817,270,0.892140762013415,0.0994081287497659,0.892522756657441,0.0992060737471098,0.892627095456787,0.103675228858433,0.00732130961587697,0.0311331475948097,0.0302608722399619,0.883332844071585,0.0924967822062685,0.883696287225184,0.0921846391949546,0.883809789986966,0.0969842579664849,0.0161653725673541,0.0189346310199066,5398.44890991447,5389.72095692042,5394.66095794986,2.33982642602243,-0.000936675729245162,1.26680833333333
baseline,256,80,0.1,2,25.6,0.15,6.44950021830543,270,0.894253055674058,0.100011928648249,0.894635778673345,0.099812527326654,0.894737873379276,0.104252381059791,0.00729165174071221,0.0311167952735814,0.0302512052500309,0.883419881852059,0.0929836774862876,0.88378153731625,0.092668591670575,0.883894878634433,0.0974409801124152,0.0190817561575685,0.0221788298518901,5423.80110947128,5415.03364303576,5419.99367121548,2.29603540613376,-0.000936675729245162,1.26680833333333
baseline,256,80,0.1,2,25.6,0.2,8.61359395458848,270,0.897280279149175,0.10084686444744,0.897662488909145,0.10065037159719,0.897761365428288,0.105049337574667,0.00724344887568716,0.0310893256391745,0.0302345262748965,0.8852390446449,0.0953320238126104,0.885600402698629,0.095041967139313,0.885711725825975,0.0996937551392706,0.0203956745883256,0.0234926216772309,5459.46934687668,5450.67247998256,5455.659643469,2.23598006173836,-0.000936675729245162,1.26680833333333
baseline,256,80,0.1,2,25.6,0.25,10.7901483426374,270,0.901207743570148,0.101935074950696,0.9015893197621,0.101742648803084,0.90168403405374,0.106088633002185,0.0071672586832326,0.031048379001446,0.030210579695596,0.890029923701143,0.100868276625471,0.890395135797899,0.10064308564696,0.890501320479066,0.105035542837718,0.0203983513335403,0.0231182046367411,5506.19448328788,5497.3502439747,5502.37214417166,2.25513168045554,-0.000936675729245162,1.26680833333333
baseline,256,80,0.1,2,25.6,0.3,12.9825856588502,270,0.906079561780555,0.103273558417209,0.906460561446669,0.103085429490252,0.906550152782755,0.107367453976155,0.00707290124290399,0.0309971602235678,0.0301801851507316,0.891954297303056,0.0996036435346156,0.892313973994444,0.0993477029127867,0.892417971602099,0.103787377144759,0.0237606510845651,0.0271798968172578,5564.49633555433,5555.59576062223,5560.66065265454,2.33914195264873,-0.000936675729245162,1.26680833333333
baseline,256,80,0.1,2,25.6,0.35,15.1945496629494,270,0.91193935317707,0.10496391771024,0.91231896346288,0.104784362175388,0.912402447957364,0.108987665056427,0.00696854787065029,0.0309360711170249,0.0301417311257077,0.895231815707163,0.0986958458921393,0.895584362941153,0.0983954950783301,0.895684751496651,0.102865938846181,0.02787651270695,0.0321401955045242,5635.1294517746,5626.16198753526,5631.27813862289,2.30778555422112,-0.000936675729245162,1.26680833333333
baseline,256,80,0.1,2,25.6,0.4,17.4299682548373,270,0.918850058748465,0.106978870723225,0.919228838439178,0.106797552130491,0.919305236428162,0.110911995974374,0.00686362353233405,0.0308732074711283,0.0301013005827404,0.900462383338675,0.0993192608663092,0.900811675023646,0.0989962185118122,0.900906491390603,0.103428524515344,0.0305458623372396,0.0354305570812594,5719.06339384344,5710.01289059776,5715.1913586016,2.34449032624053,-0.000936675729245162,1.26680833333333
baseline,256,80,0.1,2,25.6,0.45,19.6931284542689,270,0.926877229824962,0.109318612715992,0.927254724956584,0.109146920858706,0.9273230013263,0.113161234669595,0.00674795674641345,0.0308004554139399,0.0300528577579988,0.907493341141634,0.101785099694619,0.907841176855955,0.101475589600378,0.907928632914115,0.105788323042404,0.0314578344401002,0.0365864739394263,5817.56225691597,5808.41489617096,5813.66564933833,2.36465236651851,-0.000936675729245162,1.26680833333333
baseline,256,80,0.1,2,25.6,0.5,21.9887681072876,270,0.936108331936266,0.112013226716906,0.936483716986227,0.111851196625718,0.936542735650116,0.115750537443456,0.00659673582923779,0.0306955763944233,0.029979002602005,0.918924918764218,0.107618650451399,0.919276682798946,0.107367914955713,0.919352414344175,0.111428224408968,0.029503167631324,0.0339749971437531,5932.07727298702,5922.83239296851,5928.16027126989,2.42863549365172,-0.000936675729245162,1.26680833333333
baseline,256,80,0.1,2,25.6,0.05,2.14579781294776,315,0.89083968400485,0.0990384563563705,0.891227673349139,0.0988352504322375,0.891333376877929,0.103321871575854,0.00734339471136024,0.0311420269233076,0.0302646623639833,0.880604391384636,0.0855087669826212,0.880954685817179,0.0850031254347,0.881071085031555,0.0901934748071055,0.0212694501902604,0.0254407387870368,5383.49948474625,5374.75825445866,5379.6857765052,2.34861420804962,-0.000936675729245162,1.26680833333333
baseline,256,80,0.1,2,25.6,0.1,4.294612721817,315,0.892140925747606,0.0994093413800902,0.892519649835724,0.0992095410112958,0.892624101040096,0.103683119946297,0.00733013160678984,0.0311506075496014,0.0302767035069423,0.882226085393793,0.0902218762435972,0.882575003981686,0.0898282315086714,0.882689798237276,0.0947543833723414,0.0180645386004902,0.0212462818332615,5398.44728687116,5389.72403702321,5394.66921579281,2.33192548460504,-0.000936675729245162,1.26680833333333
baseline,256,80,0.1,2,25.6,0.15,6.44950021830543,315,0.894253257382635,0.10001584906857,0.894637169246428,0.0998220070997782,0.89473954165736,0.104273328430849,0.00730867873214595,0.031160959985966,0.0302925347188157,0.882267159597531,0.0908134266312635,0.882617453415794,0.0904038883326719,0.882732323269909,0.0953047793054318,0.0214563012598457,0.0250882318560635,5423.79863297147,5415.00715196084,5419.98073039385,2.28784250713663,-0.000936675729245162,1.26680833333333
baseline,256,80,0.1,2,25.6,0.2,8.61359395458848,315,0.897281092481658,0.100847397646602,0.897662379014217,0.10065870412932,0.897761732096519,0.105078064603129,0.00725421296085552,0.0311625887293129,0.0303072873592987,0.881294151364978,0.088252756473516,0.881629885871523,0.0877469161191139,0.88174590391262,0.0927953700427412,0.0285532614229521,0.0335328847526432,5459.46029121033,5450.63371138766,5455.64489398712,2.24464831322296,-0.000936675729245162,1.26680833333333
baseline,256,80,0.1,2,25.6,0.25,10.7901483426374,315,0.901207739526475,0.101915907233226,0.901588230780055,0.101737826182197,0.901683691119536,0.106117491331041,0.00721242961497648,0.0311741727557208,0.0303291568669953,0.890264668784304,0.101535489240671,0.890626756055038,0.101317631762349,0.890733535043045,0.105715077831204,0.020260302935527,0.022993700286004,5506.19329224887,5497.30352895424,5502.36492200555,2.24068695677917,-0.000936675729245162,1.26680833333333
baseline,256,80,0.1,2,25.6,0.3,12.9825856588502,315,0.906078923375234,0.103278138711658,0.906458430508933,0.10310591176884,0.906549051859677,0.107435230239765,0.00714722528498118,0.0311821990653684,0.0303528214762719,0.886824842794653,0.090808771374165,0.887154194882116,0.0903070241213041,0.887264764236098,0.0952320266303718,0.0335362705790672,0.0392853067489501,5564.50345756501,5555.52708840705,5560.65008069227,2.33847088432376,-0.000936675729245162,1.26680833333333
baseline,256,80,0.1,2,25.6,0.35,15.1945496629494,315,0.911939330838572,0.10496927600426,0.912317667704747,0.104808640450271,0.912402436294308,0.109074297019077,0.00705739797514832,0.0311808504102988,0.0303724301331399,0.89407180480885,0.0967006998351287,0.894410889574402,0.0963264744612741,0.894514037448214,0.100958975106511,0.0302053955201603,0.0350398966019022,5635.1290409867,5626.06012055667,5631.25486595471,2.31121051776416,-0.000936675729245162,1.26680833333333
baseline,256,80,0.1,2,25.6,0.4,17.4299682548373,315,0.918849806538144,0.106971580273278,0.91922622368596,0.106814187862726,0.919304152391011,0.111008731073806,0.00697954544434622,0.0311910446428012,0.0304008590902417,0.899240168129553,0.0973146193225093,0.899572161836676,0.0969047490135229,0.899670154140156,0.101518785314551,0.0331360556867204,0.038607791050127,5719.06580793745,5709.89047724537,5715.17250959487,2.33384170494624,-0.000936675729245162,1.26680833333333
baseline,256,80,0.1,2,25.6,0.45,19.6931284542689,315,0.926878831412891,0.109316238338193,0.927252462169093,0.109178268930281,0.927322414405025,0.113288033867221,0.00688478400289797,0.0311876617427816,0.0304189719471966,0.904085301421743,0.0960789409229162,0.90440609124803,0.0956045306979169,0.904499215546402,0.100285006687319,0.038242638247363,0.0450477032218493,5817.54129612087,5808.24045240331,5813.61987541781,2.36518057292791,-0.000936675729245162,1.26680833333333
baseline,256,80,0.1,2,25.6,0.5,21.9887681072876,315,0.936106507477183,0.111993850088604,0.936477939511597,0.111879038543246,0.936538810267857,0.115897264468122,0.00678597791611749,0.0311907817822451,0.0304443435346547,0.919336656927713,0.108662393031715,0.919680779368882,0.108437274024107,0.919758471365151,0.112581534270206,0.028703612640373,0.0329948182572869,5932.09694713971,5922.64561516421,5928.14015961197,2.43866320721101,-0.000936675729245162,1.26680833333333
window_51,512,0,0.1,0,51.2,0,0,0,0.890470992014723,0.0989017407468697,0.890840186467239,0.0986889937277812,0.890946100584147,0.103174217581109,0.00726469786462999,0.0310971731402484,0.0302375031301249,NaN,NaN,NaN,NaN,NaN,NaN,NaN,NaN,5378.22776656432,5369.5979531137,5374.51190479606,2.39509676628818,NaN,NaN
window_51,512,0,0.1,0,51.2,0.05,2.14579781294776,0,0.890840029374832,0.0990369073075611,0.89123245619532,0.0988322943833406,0.891338146042694,0.103318683769658,0.00729775440868425,0.0311300906016427,0.0302634118758084,NaN,NaN,NaN,NaN,NaN,NaN,NaN,NaN,5383.48932181992,5374.73088068608,5379.65797007895,2.37261240883843,NaN,NaN
window_51,512,0,0.1,0,51.2,0.1,4.294612721817,0,0.892141255984016,0.0994049525883774,0.892516400414905,0.0992081789674134,0.89262094252385,0.103685486594194,0.00732061841364173,0.0311607027910638,0.0302893894259943,NaN,NaN,NaN,NaN,NaN,NaN,NaN,NaN,5398.43750914897,5389.72190361954,5394.67122915784,2.34517896416909,NaN,NaN
window_51,512,0,0.1,0,51.2,0.15,6.44950021830543,0,0.89425386320725,0.100002400960646,0.894638700966459,0.0998143408735533,0.894741306671939,0.104275991967995,0.00731746012493209,0.0311967809775323,0.0303272677393283,NaN,NaN,NaN,NaN,NaN,NaN,NaN,NaN,5423.7857696766,5414.97467810256,5419.95964896346,2.30347262603119,NaN,NaN
window_51,512,0,0.1,0,51.2,0.2,8.61359395458848,0,0.897280970780397,0.100834022069993,0.897661394401611,0.100656820748282,0.897761208275685,0.105096282943476,0.00729425586825553,0.0312400326612357,0.0303773364488814,NaN,NaN,NaN,NaN,NaN,NaN,NaN,NaN,5459.45491489857,5450.59758733996,5455.63194940972,2.22584167705715,NaN,NaN
window_51,512,0,0.1,0,51.2,0.25,10.7901483426374,0,0.901208153641913,0.101910852443608,0.901587472442665,0.101746113322428,0.901683631049914,0.106156763634247,0.0072552453558606,0.0312916745922763,0.0304397616190959,NaN,NaN,NaN,NaN,NaN,NaN,NaN,NaN,5506.18298287884,5497.25256378608,5502.35092708678,2.2561411610179,NaN,NaN
window_51,512,0,0.1,0,51.2,0.3,12.9825856588502,0,0.906079551190286,0.103267383394475,0.906457055611548,0.103114370820882,0.906548641417656,0.107488411144183,0.00720320301628202,0.0313515982415952,0.0305136836354389,NaN,NaN,NaN,NaN,NaN,NaN,NaN,NaN,5564.48854855433,5555.4441806001,5560.62159133728,2.32045854292876,NaN,NaN
window_51,512,0,0.1,0,51.2,0.35,15.1945496629494,0,0.911939303508034,0.104951761125246,0.912316362855052,0.104807370286249,0.912402395318099,0.10913535318989,0.00714146959109384,0.0314193782054038,0.0305977856534251,NaN,NaN,NaN,NaN,NaN,NaN,NaN,NaN,5635.12381191994,5625.95585959451,5631.22795309547,2.30485269140457,NaN,NaN
window_51,512,0,0.1,0,51.2,0.4,17.4299682548373,0,0.918850474494931,0.106959203810103,0.919224007737602,0.106827259458612,0.919303426364422,0.111099823876749,0.00707447552515086,0.0314937626899373,0.0306896728984919,NaN,NaN,NaN,NaN,NaN,NaN,NaN,NaN,5719.05040482707,5709.7563807285,5715.13921902208,2.34756205225372,NaN,NaN
window_51,512,0,0.1,0,51.2,0.45,19.6931284542689,0,0.926878170594135,0.109305009899877,0.927248156168637,0.109196784717796,0.927319829083366,0.113404809500175,0.00700760920772664,0.0315765285486175,0.0307898866879781,NaN,NaN,NaN,NaN,NaN,NaN,NaN,NaN,5817.54297913256,5808.08289890346,5813.59428582828,2.37202284012318,NaN,NaN
window_51,512,0,0.1,0,51.2,0.5,21.9887681072876,0,0.936108542604428,0.111986613258584,0.936475296256799,0.11191691663525,0.936537968898735,0.116050413087305,0.00693824177356391,0.0316598772420457,0.0308910110731797,NaN,NaN,NaN,NaN,NaN,NaN,NaN,NaN,5932.06558787702,5922.41793559095,5928.07482805799,2.42349345173257,NaN,NaN
window_51,512,0,0.1,0,51.2,0.05,2.14579781294776,45,0.890839908231632,0.0990361637438447,0.891227646961073,0.0988339636978332,0.89133331745166,0.103319268733899,0.00733258427130955,0.0311348809128044,0.0302599281168053,NaN,NaN,NaN,NaN,NaN,NaN,NaN,NaN,5383.49091883099,5374.75311238236,5379.679086817,2.36029778320739,NaN,NaN
window_51,512,0,0.1,0,51.2,0.1,4.294612721817,45,0.892141263004283,0.0994041856513133,0.892519717576789,0.0992049868351694,0.892624131519611,0.103677207574087,0.00731788848118878,0.031142491510768,0.0302713124543836,NaN,NaN,NaN,NaN,NaN,NaN,NaN,NaN,5398.43753167752,5389.71824980541,5394.66166073729,2.33779194935456,NaN,NaN
window_51,512,0,0.1,0,51.2,0.15,6.44950021830543,45,0.894253929850411,0.100003604246726,0.894637495316452,0.0998096837329859,0.894739821213441,0.104259576643999,0.00729095999684286,0.0311501693855464,0.0302857014602666,NaN,NaN,NaN,NaN,NaN,NaN,NaN,NaN,5423.78499773359,5414.99880563037,5419.97013075774,2.3015977936774,NaN,NaN
window_51,512,0,0.1,0,51.2,0.2,8.61359395458848,45,0.897281131924279,0.10083575011007,0.897662178321025,0.100648331832,0.89776150291344,0.105066887903314,0.00724834589126847,0.0311569675141526,0.0303029099406615,NaN,NaN,NaN,NaN,NaN,NaN,NaN,NaN,5459.45310890726,5450.62932346803,5455.63905323312,2.21835966778172,NaN,NaN
window_51,512,0,0.1,0,51.2,0.25,10.7901483426374,45,0.901208321493437,0.101909238284809,0.901588500732234,0.101731430490285,0.901683921743015,0.106109610338244,0.00719677628619214,0.0311645214405679,0.0303229522136179,NaN,NaN,NaN,NaN,NaN,NaN,NaN,NaN,5506.18066996353,5497.29573690366,5502.35505019881,2.24172576847589,NaN,NaN
window_51,512,0,0.1,0,51.2,0.3,12.9825856588502,45,0.906079502471147,0.103267745427879,0.906458585080432,0.10309795694431,0.90654916793991,0.107425808357389,0.00713292876022733,0.0311726780416637,0.0303464007415357,NaN,NaN,NaN,NaN,NaN,NaN,NaN,NaN,5564.48900664086,5555.51729691563,5560.63811100572,2.30527617358656,NaN,NaN
window_51,512,0,0.1,0,51.2,0.35,15.1945496629494,45,0.911939330084397,0.104951688161615,0.912317635909365,0.104789864258263,0.912402387981045,0.109055455172231,0.00705326274436509,0.0311770272865599,0.0303694649007904,NaN,NaN,NaN,NaN,NaN,NaN,NaN,NaN,5635.12290653271,5626.05596264731,5631.24968900374,2.30384393091428,NaN,NaN
window_51,512,0,0.1,0,51.2,0.4,17.4299682548373,45,0.918850343446733,0.106958997219589,0.919226410094972,0.106803877313878,0.919304307025559,0.110997151051938,0.00696908215999607,0.0311827011036841,0.0303946970870259,NaN,NaN,NaN,NaN,NaN,NaN,NaN,NaN,5719.051632481,5709.88066597634,5715.16054624196,2.33773277963681,NaN,NaN
window_51,512,0,0.1,0,51.2,0.45,19.6931284542689,45,0.926878369916628,0.109302248671653,0.927251906684729,0.109163007729295,0.927321851561556,0.11327288332882,0.00687481787291365,0.0311837865903334,0.0304172509211088,NaN,NaN,NaN,NaN,NaN,NaN,NaN,NaN,5817.53996933755,5808.24067524614,5813.61948921311,2.36245313537838,NaN,NaN
window_51,512,0,0.1,0,51.2,0.5,21.9887681072876,45,0.936108181403104,0.111979254278316,0.93647914293296,0.111865059950467,0.936539974938388,0.115881346373286,0.00676979262151927,0.0311780979506241,0.0304349495064475,NaN,NaN,NaN,NaN,NaN,NaN,NaN,NaN,5932.06913126117,5922.62499487397,5928.11612674643,2.41680404069407,NaN,NaN
window_51,512,0,0.1,0,51.2,0.05,2.14579781294776,90,0.890840029374833,0.0990369073075615,0.891222856585746,0.098835319096654,0.89132855328088,0.10332144653489,0.00732936082131851,0.0311370796089173,0.0302629706971185,NaN,NaN,NaN,NaN,NaN,NaN,NaN,NaN,5383.48932181992,5374.77074812774,5379.69773028215,2.37261240883844,NaN,NaN
window_51,512,0,0.1,0,51.2,0.1,4.294612721817,90,0.892141255984021,0.0994049525883779,0.892522971516598,0.0992030202573022,0.892627271421521,0.103670688753836,0.007305567465367,0.0311240007463027,0.0302552633693936,NaN,NaN,NaN,NaN,NaN,NaN,NaN,NaN,5398.43750914899,5389.71393647947,5394.65209830446,2.34517896416909,NaN,NaN
window_51,512,0,0.1,0,51.2,0.15,6.44950021830543,90,0.894253863207253,0.100002400960645,0.894636211129059,0.0998028465487338,0.894738253899276,0.104240929201921,0.00727051242291627,0.0311044345775237,0.0302435753421501,NaN,NaN,NaN,NaN,NaN,NaN,NaN,NaN,5423.78576967658,5415.02435534678,5419.98187102885,2.30347262603119,NaN,NaN
window_51,512,0,0.1,0,51.2,0.2,8.61359395458848,90,0.897280970780385,0.100834022069992,0.897662742441489,0.10063711779744,0.897761569208031,0.105034494232573,0.00721869371009839,0.0310762113487979,0.0302269578982798,NaN,NaN,NaN,NaN,NaN,NaN,NaN,NaN,5459.45491489858,5450.66431545809,5455.64897271086,2.22584167705715,NaN,NaN
window_51,512,0,0.1,0,51.2,0.25,10.7901483426374,90,0.901208153641911,0.101910852443608,0.90158939956235,0.101719335532512,0.90168408060157,0.106064804084457,0.0071526146704034,0.0310398564239418,0.0302052887159126,NaN,NaN,NaN,NaN,NaN,NaN,NaN,NaN,5506.18298287883,5497.34284193059,5502.36297487834,2.2561411610179,NaN,NaN
window_51,512,0,0.1,0,51.2,0.3,12.9825856588502,90,0.906079551190286,0.103267383394475,0.906460206411986,0.103081444296434,0.906549774455259,0.107362523242819,0.00706641164689415,0.0309918023723442,0.0301762010686711,NaN,NaN,NaN,NaN,NaN,NaN,NaN,NaN,5564.48854855433,5555.5904716831,5560.65402053304,2.32045854292875,NaN,NaN
window_51,512,0,0.1,0,51.2,0.35,15.1945496629494,90,0.911939303508043,0.104951761125247,0.912318940783146,0.10477121174103,0.912402414829601,0.108974516236117,0.0069655756027918,0.0309335605791142,0.0301398407757836,NaN,NaN,NaN,NaN,NaN,NaN,NaN,NaN,5635.12381191992,5626.15761833929,5631.27312316831,2.30485269140457,NaN,NaN
window_51,512,0,0.1,0,51.2,0.4,17.4299682548373,90,0.918850474494927,0.106959203810104,0.919228993425984,0.106781123677097,0.919305367018229,0.11089490970808,0.00685728371347968,0.0308671427479488,0.0300965239581929,NaN,NaN,NaN,NaN,NaN,NaN,NaN,NaN,5719.05040482707,5710.00307291241,5715.17988716556,2.34756205225372,NaN,NaN
window_51,512,0,0.1,0,51.2,0.45,19.6931284542689,90,0.926878170594132,0.109305009899876,0.927255304324952,0.109133389683836,0.927323539935773,0.113145873710526,0.00672879519734407,0.0307876333959416,0.0300440102845394,NaN,NaN,NaN,NaN,NaN,NaN,NaN,NaN,5817.54297913256,5808.40264130555,5813.65028945076,2.37202284012318,NaN,NaN
window_51,512,0,0.1,0,51.2,0.5,21.9887681072876,90,0.936108542604422,0.111986613258584,0.936483552985704,0.111826280902797,0.936542546974978,0.115724869454638,0.00657557116159735,0.0306848778684549,0.0299726948607911,NaN,NaN,NaN,NaN,NaN,NaN,NaN,NaN,5932.06558787702,5922.82607697915,5928.15170579379,2.42349345173257,NaN,NaN
window_51,512,0,0.1,0,51.2,0.05,2.14579781294776,135,0.890839908231632,0.0990361637934139,0.891227646961073,0.0988339637230434,0.891333317451661,0.103319268757991,0.00733258427130952,0.0311348809128045,0.0302599281168053,NaN,NaN,NaN,NaN,NaN,NaN,NaN,NaN,5383.49091883099,5374.75311238236,5379.679086817,2.36029778320739,NaN,NaN
window_51,512,0,0.1,0,51.2,0.1,4.294612721817,135,0.892141263004282,0.099404185726483,0.89251971757679,0.09920498699944,0.892624131519611,0.10367720773113,0.00731788848118876,0.031142491510768,0.0302713124543835,NaN,NaN,NaN,NaN,NaN,NaN,NaN,NaN,5398.43753167752,5389.71824980541,5394.6616607373,2.33779194935456,NaN,NaN
window_51,512,0,0.1,0,51.2,0.15,6.44950021830543,135,0.894253929850411,0.10000360384298,0.894637495316453,0.0998096834644386,0.89473982121344,0.104259576387149,0.00729095999684286,0.0311501693855464,0.0302857014602665,NaN,NaN,NaN,NaN,NaN,NaN,NaN,NaN,5423.78499773359,5414.99880563037,5419.97013075774,2.3015977936774,NaN,NaN
window_51,512,0,0.1,0,51.2,0.2,8.61359395458848,135,0.897281131924278,0.100835750290704,0.897662178321025,0.100648332023384,0.897761502913441,0.105066888086482,0.00724834589126848,0.0311569675141527,0.0303029099406615,NaN,NaN,NaN,NaN,NaN,NaN,NaN,NaN,5459.45310890726,5450.62932346803,5455.63905323311,2.21835966778172,NaN,NaN
window_51,512,0,0.1,0,51.2,0.25,10.7901483426374,135,0.901208321493437,0.101909238293005,0.901588500732233,0.101731430495721,0.901683921743015,0.10610961034345,0.00719677628619214,0.0311645214405678,0.0303229522136178,NaN,NaN,NaN,NaN,NaN,NaN,NaN,NaN,5506.18066996353,5497.29573690366,5502.35505019881,2.24172576847589,NaN,NaN
window_51,512,0,0.1,0,51.2,0.3,12.9825856588502,135,0.906079502471148,0.103267744798232,0.906458585080433,0.103097956304493,0.90654916793991,0.107425807743914,0.00713292876022736,0.0311726780416636,0.0303464007415357,NaN,NaN,NaN,NaN,NaN,NaN,NaN,NaN,5564.48900664086,5555.51729691563,5560.63811100572,2.30527617358656,NaN,NaN
window_51,512,0,0.1,0,51.2,0.35,15.1945496629494,135,0.911939330084395,0.104951687993917,0.912317635909365,0.104789864160415,0.912402387981045,0.109055455078295,0.00705326274436508,0.0311770272865599,0.0303694649007905,NaN,NaN,NaN,NaN,NaN,NaN,NaN,NaN,5635.12290653271,5626.05596264731,5631.24968900374,2.30384393091429,NaN,NaN
window_51,512,0,0.1,0,51.2,0.4,17.4299682548373,135,0.918850343446732,0.106958997200021,0.919226410094971,0.10680387724154,0.919304307025559,0.110997150982398,0.00696908215999609,0.0311827011036841,0.030394697087026,NaN,NaN,NaN,NaN,NaN,NaN,NaN,NaN,5719.05163248101,5709.88066597635,5715.16054624196,2.33773277963681,NaN,NaN
window_51,512,0,0.1,0,51.2,0.45,19.6931284542689,135,0.926878369916629,0.109302249162438,0.927251906684729,0.109163007842102,0.927321851561555,0.113272883437434,0.00687481787291368,0.0311837865903334,0.0304172509211089,NaN,NaN,NaN,NaN,NaN,NaN,NaN,NaN,5817.53996933755,5808.24067524614,5813.61948921311,2.36245313537838,NaN,NaN
window_51,512,0,0.1,0,51.2,0.5,21.9887681072876,135,0.936108181403105,0.111979254202889,0.936479142932961,0.111865059884635,0.93653997493839,0.115881346309795,0.00676979262151926,0.0311780979506241,0.0304349495064475,NaN,NaN,NaN,NaN,NaN,NaN,NaN,NaN,5932.06913126117,5922.62499487397,5928.11612674643,2.41680404069407,NaN,NaN
window_51,512,0,0.1,0,51.2,0.05,2.14579781294776,180,0.890840029374833,0.099036907488351,0.89123245619532,0.0988322946846893,0.891338146042694,0.103318684057657,0.00729775440868423,0.0311300906016427,0.0302634118758084,NaN,NaN,NaN,NaN,NaN,NaN,NaN,NaN,5383.48932181992,5374.73088068608,5379.65797007895,2.37261240883843,NaN,NaN
window_51,512,0,0.1,0,51.2,0.1,4.294612721817,180,0.892141255984016,0.0994049523365205,0.892516400414904,0.0992081787854563,0.892620942523851,0.103685486420251,0.00732061841364173,0.0311607027910638,0.0302893894259943,NaN,NaN,NaN,NaN,NaN,NaN,NaN,NaN,5398.43750914897,5389.72190361954,5394.67122915784,2.34517896416909,NaN,NaN
window_51,512,0,0.1,0,51.2,0.15,6.44950021830543,180,0.89425386320725,0.100002402048164,0.89463870096646,0.0998143420686345,0.89474130667194,0.104275993110889,0.00731746012493209,0.0311967809775323,0.0303272677393284,NaN,NaN,NaN,NaN,NaN,NaN,NaN,NaN,5423.7857696766,5414.97467810256,5419.95964896346,2.30347262603119,NaN,NaN
window_51,512,0,0.1,0,51.2,0.2,8.61359395458848,180,0.897280970780395,0.100834022099015,0.897661394401611,0.10065682032784,0.897761208275685,0.105096282541166,0.00729425586825551,0.0312400326612357,0.0303773364488813,NaN,NaN,NaN,NaN,NaN,NaN,NaN,NaN,5459.45491489857,5450.59758733996,5455.63194940972,2.22584167705715,NaN,NaN
window_51,512,0,0.1,0,51.2,0.25,10.7901483426374,180,0.901208153641913,0.10191085235031,0.901587472442665,0.101746113179183,0.901683631049913,0.106156763497082,0.0072552453558606,0.0312916745922763,0.0304397616190959,NaN,NaN,NaN,NaN,NaN,NaN,NaN,NaN,5506.18298287884,5497.25256378608,5502.35092708678,2.2561411610179,NaN,NaN
window_51,512,0,0.1,0,51.2,0.3,12.9825856588502,180,0.906079551190286,0.10326738324569,0.906457055611549,0.103114370761061,0.906548641417656,0.10748841108685,0.00720320301628203,0.0313515982415953,0.0305136836354389,NaN,NaN,NaN,NaN,NaN,NaN,NaN,NaN,5564.48854855433,5555.44418060011,5560.62159133728,2.32045854292876,NaN,NaN
window_51,512,0,0.1,0,51.2,0.35,15.1945496629494,180,0.911939303508034,0.104951760363734,0.912316362855051,0.104807369462912,0.912402395318099,0.109135352399941,0.00714146959109381,0.0314193782054039,0.0305977856534251,NaN,NaN,NaN,NaN,NaN,NaN,NaN,NaN,5635.12381191993,5625.95585959451,5631.22795309547,2.30485269140457,NaN,NaN
window_51,512,0,0.1,0,51.2,0.4,17.4299682548373,180,0.91885047449493,0.10695920273443,0.919224007737604,0.106827258242761,0.919303426364422,0.111099822708756,0.00707447552515086,0.0314937626899373,0.0306896728984919,NaN,NaN,NaN,NaN,NaN,NaN,NaN,NaN,5719.05040482707,5709.7563807285,5715.13921902208,2.34756205225372,NaN,NaN
window_51,512,0,0.1,0,51.2,0.45,19.6931284542689,180,0.926878170594136,0.109305009583094,0.927248156168638,0.109196784536878,0.927319829083366,0.113404809326135,0.00700760920772665,0.0315765285486174,0.0307898866879782,NaN,NaN,NaN,NaN,NaN,NaN,NaN,NaN,5817.54297913256,5808.08289890345,5813.59428582828,2.37202284012318,NaN,NaN
window_51,512,0,0.1,0,51.2,0.5,21.9887681072876,180,0.936108542604429,0.111986612774757,0.936475296256798,0.111916916195096,0.936537968898737,0.116050412663231,0.00693824177356391,0.0316598772420458,0.0308910110731797,NaN,NaN,NaN,NaN,NaN,NaN,NaN,NaN,5932.06558787702,5922.41793559095,5928.07482805798,2.42349345173257,NaN,NaN
window_51,512,0,0.1,0,51.2,0.05,2.14579781294776,225,0.890839908231638,0.0990361638428754,0.891227646961068,0.0988339637841141,0.891333317451656,0.103319268816358,0.00733258427130955,0.0311348809128044,0.0302599281168055,NaN,NaN,NaN,NaN,NaN,NaN,NaN,NaN,5383.49091883099,5374.75311238236,5379.67908681698,2.36029778320739,NaN,NaN
window_51,512,0,0.1,0,51.2,0.1,4.294612721817,225,0.892141263004272,0.0994041858074754,0.892519717576775,0.0992049870153609,0.892624131519593,0.103677207746347,0.00731788848118868,0.0311424915107675,0.0302713124543831,NaN,NaN,NaN,NaN,NaN,NaN,NaN,NaN,5398.43753167753,5389.7182498054,5394.6616607373,2.33779194935456,NaN,NaN
window_51,512,0,0.1,0,51.2,0.15,6.44950021830543,225,0.894253929850403,0.10000360343853,0.894637495316451,0.0998096831441094,0.894739821213448,0.104259576080775,0.00729095999684285,0.0311501693855462,0.0302857014602664,NaN,NaN,NaN,NaN,NaN,NaN,NaN,NaN,5423.78499773359,5414.99880563037,5419.97013075775,2.3015977936774,NaN,NaN
window_51,512,0,0.1,0,51.2,0.2,8.61359395458848,225,0.897281131924283,0.10083575046698,0.897662178321024,0.100648332169998,0.897761502913446,0.105066888226801,0.00724834589126847,0.0311569675141528,0.0303029099406618,NaN,NaN,NaN,NaN,NaN,NaN,NaN,NaN,5459.45310890727,5450.62932346803,5455.63905323311,2.21835966778172,NaN,NaN
window_51,512,0,0.1,0,51.2,0.25,10.7901483426374,225,0.901208321493438,0.101909238301212,0.901588500732223,0.101731430507076,0.901683921743004,0.106109610354327,0.00719677628619211,0.0311645214405679,0.0303229522136179,NaN,NaN,NaN,NaN,NaN,NaN,NaN,NaN,5506.18066996354,5497.29573690367,5502.35505019884,2.24172576847587,NaN,NaN
window_51,512,0,0.1,0,51.2,0.3,12.9825856588502,225,0.906079502471148,0.103267744161312,0.906458585080438,0.103097955821471,0.9065491679399,0.107425807280777,0.00713292876022731,0.0311726780416635,0.0303464007415354,NaN,NaN,NaN,NaN,NaN,NaN,NaN,NaN,5564.48900664085,5555.51729691563,5560.63811100572,2.30527617358656,NaN,NaN
window_51,512,0,0.1,0,51.2,0.35,15.1945496629494,225,0.9119393300844,0.104951687827321,0.912317635909364,0.104789863975371,0.912402387981031,0.109055454900653,0.00705326274436503,0.0311770272865595,0.0303694649007903,NaN,NaN,NaN,NaN,NaN,NaN,NaN,NaN,5635.1229065327,5626.05596264731,5631.24968900374,2.30384393091429,NaN,NaN
window_51,512,0,0.1,0,51.2,0.4,17.4299682548373,225,0.918850343446748,0.106958997179463,0.919226410094984,0.106803877228152,0.919304307025551,0.110997150969527,0.0069690821599961,0.0311827011036839,0.0303946970870263,NaN,NaN,NaN,NaN,NaN,NaN,NaN,NaN,5719.051632481,5709.88066597635,5715.16054624196,2.33773277963681,NaN,NaN
window_51,512,0,0.1,0,51.2,0.45,19.6931284542689,225,0.926878369916632,0.109302249658242,0.927251906684728,0.109163008347131,0.927321851561559,0.113272883923688,0.00687481787291366,0.0311837865903334,0.030417250921109,NaN,NaN,NaN,NaN,NaN,NaN,NaN,NaN,5817.53996933755,5808.24067524614,5813.61948921311,2.36245313537838,NaN,NaN
window_51,512,0,0.1,0,51.2,0.5,21.9887681072876,225,0.936108181403101,0.111979254127722,0.936479142932958,0.111865059820242,0.93653997493838,0.115881346247689,0.00676979262151926,0.031178097950624,0.0304349495064472,NaN,NaN,NaN,NaN,NaN,NaN,NaN,NaN,5932.06913126115,5922.62499487395,5928.11612674643,2.41680404069405,NaN,NaN
window_51,512,0,0.1,0,51.2,0.05,2.14579781294776,270,0.890840029374835,0.0990369074883507,0.891222856585756,0.0988353192913761,0.89132855328089,0.103321446720987,0.00732936082131855,0.0311370796089171,0.0302629706971183,NaN,NaN,NaN,NaN,NaN,NaN,NaN,NaN,5383.48932181992,5374.77074812774,5379.69773028215,2.37261240883843,NaN,NaN
window_51,512,0,0.1,0,51.2,0.1,4.294612721817,270,0.892141255984016,0.0994049523365199,0.892522971516607,0.0992030199613965,0.89262727142153,0.103670688470942,0.00730556746536703,0.0311240007463033,0.0302552633693943,NaN,NaN,NaN,NaN,NaN,NaN,NaN,NaN,5398.43750914895,5389.71393647945,5394.65209830445,2.34517896416909,NaN,NaN
window_51,512,0,0.1,0,51.2,0.15,6.44950021830543,270,0.894253863207245,0.100002402048164,0.894636211129052,0.0998028476805825,0.89473825389927,0.104240930284588,0.00727051242291611,0.0311044345775234,0.0302435753421498,NaN,NaN,NaN,NaN,NaN,NaN,NaN,NaN,5423.78576967661,5415.02435534676,5419.98187102883,2.30347262603119,NaN,NaN
window_51,512,0,0.1,0,51.2,0.2,8.61359395458848,270,0.897280970780408,0.100834022099015,0.897662742441487,0.10063711760905,0.89776156920803,0.105034494052236,0.00721869371009846,0.0310762113487983,0.0302269578982801,NaN,NaN,NaN,NaN,NaN,NaN,NaN,NaN,5459.45491489856,5450.66431545807,5455.64897271085,2.22584167705715,NaN,NaN
window_51,512,0,0.1,0,51.2,0.25,10.7901483426374,270,0.901208153641914,0.10191085235031,0.901589399562345,0.101719335433603,0.901684080601564,0.106064803989687,0.00715261467040344,0.0310398564239419,0.0302052887159128,NaN,NaN,NaN,NaN,NaN,NaN,NaN,NaN,5506.18298287884,5497.34284193058,5502.36297487833,2.2561411610179,NaN,NaN
window_51,512,0,0.1,0,51.2,0.3,12.9825856588502,270,0.906079551190287,0.10326738324569,0.906460206411982,0.103081444220127,0.906549774455255,0.107362523169622,0.00706641164689415,0.0309918023723441,0.030176201068671,NaN,NaN,NaN,NaN,NaN,NaN,NaN,NaN,5564.48854855434,5555.59047168311,5560.65402053304,2.32045854292875,NaN,NaN
window_51,512,0,0.1,0,51.2,0.35,15.1945496629494,270,0.91193930350803,0.104951760363734,0.912318940783141,0.104771211146996,0.912402414829595,0.108974515665514,0.00696557560279169,0.0309335605791134,0.0301398407757826,NaN,NaN,NaN,NaN,NaN,NaN,NaN,NaN,5635.12381191993,5626.15761833931,5631.27312316833,2.30485269140457,NaN,NaN
window_51,512,0,0.1,0,51.2,0.4,17.4299682548373,270,0.918850474494934,0.10695920273443,0.919228993425978,0.106781122683229,0.919305367018222,0.110894908751948,0.00685728371347958,0.0308671427479489,0.0300965239581929,NaN,NaN,NaN,NaN,NaN,NaN,NaN,NaN,5719.05040482707,5710.00307291243,5715.17988716558,2.34756205225372,NaN,NaN
window_51,512,0,0.1,0,51.2,0.45,19.6931284542689,270,0.926878170594138,0.109305009583095,0.927255304324967,0.109133389468189,0.927323539935788,0.113145873502712,0.00672879519734419,0.0307876333959418,0.0300440102845396,NaN,NaN,NaN,NaN,NaN,NaN,NaN,NaN,5817.54297913256,5808.40264130553,5813.65028945074,2.37202284012318,NaN,NaN
window_51,512,0,0.1,0,51.2,0.5,21.9887681072876,270,0.936108542604431,0.111986612774759,0.936483552985718,0.111826280438436,0.936542546974992,0.115724869006324,0.00657557116159744,0.0306848778684549,0.0299726948607911,NaN,NaN,NaN,NaN,NaN,NaN,NaN,NaN,5932.065587877,5922.82607697915,5928.15170579379,2.42349345173257,NaN,NaN
window_51,512,0,0.1,0,51.2,0.05,2.14579781294776,315,0.89083990823164,0.0990361637934143,0.891227646961069,0.0988339637588073,0.891333317451656,0.103319268792173,0.00733258427130954,0.0311348809128044,0.0302599281168055,NaN,NaN,NaN,NaN,NaN,NaN,NaN,NaN,5383.49091883099,5374.75311238235,5379.67908681697,2.36029778320739,NaN,NaN
window_51,512,0,0.1,0,51.2,0.1,4.294612721817,315,0.892141263004273,0.0994041857264821,0.892519717576777,0.0992049868427053,0.892624131519595,0.103677207581292,0.00731788848118865,0.0311424915107675,0.0302713124543832,NaN,NaN,NaN,NaN,NaN,NaN,NaN,NaN,5398.43753167753,5389.7182498054,5394.6616607373,2.33779194935456,NaN,NaN
window_51,512,0,0.1,0,51.2,0.15,6.44950021830543,315,0.894253929850403,0.10000360384298,0.89463749531645,0.0998096834136484,0.894739821213447,0.104259576338573,0.00729095999684288,0.0311501693855461,0.0302857014602664,NaN,NaN,NaN,NaN,NaN,NaN,NaN,NaN,5423.7849977336,5414.99880563037,5419.97013075774,2.3015977936774,NaN,NaN
window_51,512,0,0.1,0,51.2,0.2,8.61359395458848,315,0.897281131924284,0.100835750290706,0.897662178321024,0.100648331981966,0.897761502913448,0.105066888046844,0.00724834589126848,0.0311569675141528,0.0303029099406619,NaN,NaN,NaN,NaN,NaN,NaN,NaN,NaN,5459.45310890727,5450.62932346802,5455.63905323311,2.21835966778172,NaN,NaN
window_51,512,0,0.1,0,51.2,0.25,10.7901483426374,315,0.901208321493444,0.101909238293006,0.901588500732229,0.101731430501626,0.901683921743012,0.106109610349107,0.00719677628619214,0.0311645214405679,0.0303229522136179,NaN,NaN,NaN,NaN,NaN,NaN,NaN,NaN,5506.18066996354,5497.29573690367,5502.35505019883,2.24172576847589,NaN,NaN
window_51,512,0,0.1,0,51.2,0.3,12.9825856588502,315,0.906079502471149,0.103267744798231,0.906458585080438,0.103097956466561,0.906549167939901,0.10742580789931,0.00713292876022734,0.0311726780416635,0.0303464007415353,NaN,NaN,NaN,NaN,NaN,NaN,NaN,NaN,5564.48900664085,5555.51729691563,5560.63811100572,2.30527617358656,NaN,NaN
window_51,512,0,0.1,0,51.2,0.35,15.1945496629494,315,0.911939330084401,0.104951687993918,0.912317635909365,0.10478986407216,0.912402387981032,0.109055454993571,0.00705326274436504,0.0311770272865595,0.0303694649007903,NaN,NaN,NaN,NaN,NaN,NaN,NaN,NaN,5635.1229065327,5626.0559626473,5631.24968900374,2.30384393091429,NaN,NaN
window_51,512,0,0.1,0,51.2,0.4,17.4299682548373,315,0.918850343446749,0.106958997200022,0.919226410094984,0.10680387730148,0.91930430702555,0.110997151040019,0.0069690821599961,0.0311827011036838,0.0303946970870263,NaN,NaN,NaN,NaN,NaN,NaN,NaN,NaN,5719.051632481,5709.88066597635,5715.16054624196,2.33773277963681,NaN,NaN
window_51,512,0,0.1,0,51.2,0.45,19.6931284542689,315,0.926878369916632,0.109302249162437,0.927251906684728,0.1091630082314,0.927321851561559,0.113272883812261,0.00687481787291367,0.0311837865903334,0.0304172509211091,NaN,NaN,NaN,NaN,NaN,NaN,NaN,NaN,5817.53996933755,5808.24067524614,5813.61948921311,2.36245313537838,NaN,NaN
window_51,512,0,0.1,0,51.2,0.5,21.9887681072876,315,0.936108181403106,0.111979254202889,0.936479142932964,0.111865059885789,0.936539974938386,0.115881346310903,0.00676979262151926,0.0311780979506239,0.0304349495064472,NaN,NaN,NaN,NaN,NaN,NaN,NaN,NaN,5932.06913126116,5922.62499487396,5928.11612674643,2.41680404069407,NaN,NaN
sampling_0p05,1024,0,0.05,0,51.2,0,0,0,0.890470992014723,0.0989017410114874,0.890840186467239,0.0986889940595074,0.890946100584147,0.103174217898125,0.00726469786462999,0.0310971731402484,0.0302375031301249,NaN,NaN,NaN,NaN,NaN,NaN,NaN,NaN,5378.22776656432,5369.5979531137,5374.51190479606,2.39509676628818,NaN,NaN
sampling_0p05,1024,0,0.05,0,51.2,0.05,2.14579781294776,0,0.890840029374832,0.0990369073995461,0.89123245619532,0.0988322944823665,0.891338146042694,0.103318683864296,0.00729775440868425,0.0311300906016427,0.0302634118758084,NaN,NaN,NaN,NaN,NaN,NaN,NaN,NaN,5383.48932181992,5374.73088068608,5379.65797007895,2.38054648340508,NaN,NaN
sampling_0p05,1024,0,0.05,0,51.2,0.1,4.294612721817,0,0.892141255984016,0.0994049526795392,0.892516400414905,0.0992081790793284,0.89262094252385,0.103685486701176,0.00732061841364173,0.0311607027910638,0.0302893894259943,NaN,NaN,NaN,NaN,NaN,NaN,NaN,NaN,5398.43750914897,5389.72190361954,5394.67122915784,2.34891809399324,NaN,NaN
sampling_0p05,1024,0,0.05,0,51.2,0.15,6.44950021830543,0,0.89425386320725,0.100002401021133,0.894638700966459,0.0998143409509104,0.894741306671939,0.104275992041972,0.00731746012493209,0.0311967809775323,0.0303272677393283,NaN,NaN,NaN,NaN,NaN,NaN,NaN,NaN,5423.7857696766,5414.97467810256,5419.95964896346,2.30347262603119,NaN,NaN
sampling_0p05,1024,0,0.05,0,51.2,0.2,8.61359395458848,0,0.897280970780397,0.100834021876851,0.897661394401611,0.100656820430427,0.897761208275685,0.105096282639327,0.00729425586825553,0.0312400326612357,0.0303773364488814,NaN,NaN,NaN,NaN,NaN,NaN,NaN,NaN,5459.45491489857,5450.59758733996,5455.63194940972,2.23214879809032,NaN,NaN
sampling_0p05,1024,0,0.05,0,51.2,0.25,10.7901483426374,0,0.901208153641913,0.101910852253319,0.901587472442665,0.101746113110342,0.901683631049914,0.106156763431166,0.0072552453558606,0.0312916745922763,0.0304397616190959,NaN,NaN,NaN,NaN,NaN,NaN,NaN,NaN,5506.18298287884,5497.25256378608,5502.35092708678,2.2561411610179,NaN,NaN
sampling_0p05,1024,0,0.05,0,51.2,0.3,12.9825856588502,0,0.906079551190286,0.103267383076387,0.906457055611548,0.103114370530808,0.906548641417656,0.107488410866172,0.00720320301628202,0.0313515982415952,0.0305136836354389,NaN,NaN,NaN,NaN,NaN,NaN,NaN,NaN,5564.48854855433,5555.4441806001,5560.62159133728,2.32045854292876,NaN,NaN
sampling_0p05,1024,0,0.05,0,51.2,0.35,15.1945496629494,0,0.911939303508034,0.104951761003228,0.912316362855052,0.104807370125767,0.912402395318099,0.109135353035915,0.00714146959109384,0.0314193782054038,0.0305977856534251,NaN,NaN,NaN,NaN,NaN,NaN,NaN,NaN,5635.12381191994,5625.95585959451,5631.22795309547,2.31599885538996,NaN,NaN
sampling_0p05,1024,0,0.05,0,51.2,0.4,17.4299682548373,0,0.918850474494931,0.106959203612112,0.919224007737602,0.106827259129428,0.919303426364422,0.111099823560523,0.00707447552515086,0.0314937626899373,0.0306896728984919,NaN,NaN,NaN,NaN,NaN,NaN,NaN,NaN,5719.05040482707,5709.7563807285,5715.13921902208,2.36156201299172,NaN,NaN
sampling_0p05,1024,0,0.05,0,51.2,0.45,19.6931284542689,0,0.926878170594135,0.109305009925732,0.927248156168637,0.109196784770302,0.927319829083366,0.113404809550684,0.00700760920772664,0.0315765285486175,0.0307898866879781,NaN,NaN,NaN,NaN,NaN,NaN,NaN,NaN,5817.54297913256,5808.08289890346,5813.59428582828,2.3756440538161,NaN,NaN
sampling_0p05,1024,0,0.05,0,51.2,0.5,21.9887681072876,0,0.936108542604428,0.111986613337762,0.936475296256799,0.111916916763821,0.936537968898735,0.116050413211174,0.00693824177356391,0.0316598772420457,0.0308910110731797,NaN,NaN,NaN,NaN,NaN,NaN,NaN,NaN,5932.06558787702,5922.41793559095,5928.07482805799,2.42349345173257,NaN,NaN
sampling_0p05,1024,0,0.05,0,51.2,0.05,2.14579781294776,45,0.890839908231632,0.099036163580122,0.891227646961073,0.0988339635081782,0.89133331745166,0.103319268552643,0.00733258427130955,0.0311348809128044,0.0302599281168053,NaN,NaN,NaN,NaN,NaN,NaN,NaN,NaN,5383.49091883099,5374.75311238236,5379.679086817,2.38008832673242,NaN,NaN
sampling_0p05,1024,0,0.05,0,51.2,0.1,4.294612721817,45,0.892141263004283,0.0994041854808868,0.892519717576789,0.099204986679526,0.892624131519611,0.103677207425294,0.00731788848118878,0.031142491510768,0.0302713124543836,NaN,NaN,NaN,NaN,NaN,NaN,NaN,NaN,5398.43753167752,5389.71824980541,5394.66166073729,2.35069697513249,NaN,NaN
sampling_0p05,1024,0,0.05,0,51.2,0.15,6.44950021830543,45,0.894253929850411,0.10000360367088,0.894637495316452,0.0998096832217332,0.894739821213441,0.104259576155018,0.00729095999684286,0.0311501693855464,0.0302857014602666,NaN,NaN,NaN,NaN,NaN,NaN,NaN,NaN,5423.78499773359,5414.99880563037,5419.97013075774,2.3015977936774,NaN,NaN
sampling_0p05,1024,0,0.05,0,51.2,0.2,8.61359395458848,45,0.897281131924279,0.10083575049392,0.897662178321025,0.100648332203398,0.89776150291344,0.105066888258767,0.00724834589126847,0.0311569675141526,0.0303029099406615,NaN,NaN,NaN,NaN,NaN,NaN,NaN,NaN,5459.45310890726,5450.62932346803,5455.63905323312,2.22855777332993,NaN,NaN
sampling_0p05,1024,0,0.05,0,51.2,0.25,10.7901483426374,45,0.901208321493437,0.10190923821059,0.901588500732234,0.101731430455357,0.901683921743015,0.106109610304788,0.00719677628619214,0.0311645214405679,0.0303229522136179,NaN,NaN,NaN,NaN,NaN,NaN,NaN,NaN,5506.18066996353,5497.29573690366,5502.35505019881,2.24922982115769,NaN,NaN
sampling_0p05,1024,0,0.05,0,51.2,0.3,12.9825856588502,45,0.906079502471147,0.103267745236337,0.906458585080432,0.10309795679122,0.90654916793991,0.107425808210603,0.00713292876022733,0.0311726780416637,0.0303464007415357,NaN,NaN,NaN,NaN,NaN,NaN,NaN,NaN,5564.48900664086,5555.51729691563,5560.63811100572,2.31406396245996,NaN,NaN
sampling_0p05,1024,0,0.05,0,51.2,0.35,15.1945496629494,45,0.911939330084397,0.104951687949251,0.912317635909365,0.104789864031989,0.912402387981045,0.109055454955009,0.00705326274436509,0.0311770272865599,0.0303694649007904,NaN,NaN,NaN,NaN,NaN,NaN,NaN,NaN,5635.12290653271,5626.05596264731,5631.24968900374,2.30750001340742,NaN,NaN
sampling_0p05,1024,0,0.05,0,51.2,0.4,17.4299682548373,45,0.918850343446733,0.10695899722104,0.919226410094972,0.106803877316142,0.919304307025559,0.110997151054116,0.00696908215999607,0.0311827011036841,0.0303946970870259,NaN,NaN,NaN,NaN,NaN,NaN,NaN,NaN,5719.051632481,5709.88066597634,5715.16054624196,2.3472608096015,NaN,NaN
sampling_0p05,1024,0,0.05,0,51.2,0.45,19.6931284542689,45,0.926878369916628,0.109302248921105,0.927251906684729,0.109163007820278,0.927321851561556,0.113272883416421,0.00687481787291365,0.0311837865903334,0.0304172509211088,NaN,NaN,NaN,NaN,NaN,NaN,NaN,NaN,5817.53996933755,5808.24067524614,5813.61948921311,2.37399775573011,NaN,NaN
sampling_0p05,1024,0,0.05,0,51.2,0.5,21.9887681072876,45,0.936108181403104,0.111979254301731,0.93647914293296,0.11186505996817,0.936539974938388,0.115881346390359,0.00676979262151927,0.0311780979506241,0.0304349495064475,NaN,NaN,NaN,NaN,NaN,NaN,NaN,NaN,5932.06913126117,5922.62499487397,5928.11612674643,2.42855984753884,NaN,NaN
sampling_0p05,1024,0,0.05,0,51.2,0.05,2.14579781294776,90,0.890840029374833,0.0990369073995467,0.891222856585746,0.0988353192441941,0.89132855328088,0.103321446675895,0.00732936082131851,0.0311370796089173,0.0302629706971185,NaN,NaN,NaN,NaN,NaN,NaN,NaN,NaN,5383.48932181992,5374.77074812774,5379.69773028215,2.38054648340508,NaN,NaN
sampling_0p05,1024,0,0.05,0,51.2,0.1,4.294612721817,90,0.892141255984021,0.0994049526795395,0.892522971516598,0.0992030203853223,0.892627271421521,0.103670688876226,0.007305567465367,0.0311240007463027,0.0302552633693936,NaN,NaN,NaN,NaN,NaN,NaN,NaN,NaN,5398.43750914899,5389.71393647947,5394.65209830446,2.34891809399324,NaN,NaN
sampling_0p05,1024,0,0.05,0,51.2,0.15,6.44950021830543,90,0.894253863207253,0.100002401021133,0.894636211129059,0.0998028467041778,0.894738253899276,0.104240929350611,0.00727051242291627,0.0311044345775237,0.0302435753421501,NaN,NaN,NaN,NaN,NaN,NaN,NaN,NaN,5423.78576967658,5415.02435534678,5419.98187102885,2.30347262603119,NaN,NaN
sampling_0p05,1024,0,0.05,0,51.2,0.2,8.61359395458848,90,0.897280970780385,0.100834021876851,0.897662742441489,0.100637117568684,0.897761569208031,0.105034494013596,0.00721869371009839,0.0310762113487979,0.0302269578982798,NaN,NaN,NaN,NaN,NaN,NaN,NaN,NaN,5459.45491489858,5450.66431545809,5455.64897271086,2.23214879809032,NaN,NaN
sampling_0p05,1024,0,0.05,0,51.2,0.25,10.7901483426374,90,0.901208153641911,0.10191085225332,0.90158939956235,0.101719335326046,0.90168408060157,0.106064803886631,0.0071526146704034,0.0310398564239418,0.0302052887159126,NaN,NaN,NaN,NaN,NaN,NaN,NaN,NaN,5506.18298287883,5497.34284193059,5502.36297487834,2.2561411610179,NaN,NaN
sampling_0p05,1024,0,0.05,0,51.2,0.3,12.9825856588502,90,0.906079551190286,0.103267383076388,0.906460206411986,0.103081443930878,0.906549774455259,0.107362522892161,0.00706641164689415,0.0309918023723442,0.0301762010686711,NaN,NaN,NaN,NaN,NaN,NaN,NaN,NaN,5564.48854855433,5555.5904716831,5560.65402053304,2.32045854292875,NaN,NaN
sampling_0p05,1024,0,0.05,0,51.2,0.35,15.1945496629494,90,0.911939303508043,0.104951761003229,0.912318940783146,0.104771211635952,0.912402414829601,0.108974516135185,0.0069655756027918,0.0309335605791142,0.0301398407757836,NaN,NaN,NaN,NaN,NaN,NaN,NaN,NaN,5635.12381191992,5626.15761833929,5631.27312316831,2.31599885538996,NaN,NaN
sampling_0p05,1024,0,0.05,0,51.2,0.4,17.4299682548373,90,0.918850474494927,0.106959203612112,0.919228993425984,0.106781123495054,0.919305367018229,0.110894909532951,0.00685728371347968,0.0308671427479488,0.0300965239581929,NaN,NaN,NaN,NaN,NaN,NaN,NaN,NaN,5719.05040482707,5710.00307291241,5715.17988716556,2.36156201299172,NaN,NaN
sampling_0p05,1024,0,0.05,0,51.2,0.45,19.6931284542689,90,0.926878170594132,0.109305009925731,0.927255304324952,0.109133389730047,0.927323539935773,0.113145873755058,0.00672879519734407,0.0307876333959416,0.0300440102845394,NaN,NaN,NaN,NaN,NaN,NaN,NaN,NaN,5817.54297913256,5808.40264130555,5813.65028945076,2.3756440538161,NaN,NaN
sampling_0p05,1024,0,0.05,0,51.2,0.5,21.9887681072876,90,0.936108542604422,0.11198661333776,0.936483552985704,0.1118262809712,0.936542546974978,0.115724869520676,0.00657557116159735,0.0306848778684549,0.0299726948607911,NaN,NaN,NaN,NaN,NaN,NaN,NaN,NaN,5932.06558787702,5922.82607697915,5928.15170579379,2.42349345173257,NaN,NaN
sampling_0p05,1024,0,0.05,0,51.2,0.05,2.14579781294776,135,0.890839908231632,0.0990361636038048,0.891227646961073,0.0988339635196216,0.891333317451661,0.103319268563579,0.00733258427130952,0.0311348809128045,0.0302599281168053,NaN,NaN,NaN,NaN,NaN,NaN,NaN,NaN,5383.49091883099,5374.75311238236,5379.679086817,2.38008832673242,NaN,NaN
sampling_0p05,1024,0,0.05,0,51.2,0.1,4.294612721817,135,0.892141263004282,0.0994041855213576,0.89251971757679,0.0992049867650018,0.892624131519611,0.103677207507008,0.00731788848118876,0.031142491510768,0.0302713124543835,NaN,NaN,NaN,NaN,NaN,NaN,NaN,NaN,5398.43753167752,5389.71824980541,5394.6616607373,2.35069697513249,NaN,NaN
sampling_0p05,1024,0,0.05,0,51.2,0.15,6.44950021830543,135,0.894253929850411,0.100003603468319,0.894637495316453,0.0998096830867112,0.89473982121344,0.104259576025876,0.00729095999684286,0.0311501693855464,0.0302857014602665,NaN,NaN,NaN,NaN,NaN,NaN,NaN,NaN,5423.78499773359,5414.99880563037,5419.97013075774,2.3015977936774,NaN,NaN
sampling_0p05,1024,0,0.05,0,51.2,0.2,8.61359395458848,135,0.897281131924278,0.100835750584281,0.897662178321025,0.100648332299235,0.897761502913441,0.10506688835049,0.00724834589126848,0.0311569675141527,0.0303029099406615,NaN,NaN,NaN,NaN,NaN,NaN,NaN,NaN,5459.45310890726,5450.62932346803,5455.63905323311,2.22855777332993,NaN,NaN
sampling_0p05,1024,0,0.05,0,51.2,0.25,10.7901483426374,135,0.901208321493437,0.101909238214699,0.901588500732233,0.101731430458086,0.901683921743015,0.106109610307401,0.00719677628619214,0.0311645214405678,0.0303229522136178,NaN,NaN,NaN,NaN,NaN,NaN,NaN,NaN,5506.18066996353,5497.29573690366,5502.35505019881,2.24922982115769,NaN,NaN
sampling_0p05,1024,0,0.05,0,51.2,0.3,12.9825856588502,135,0.906079502471148,0.10326774492165,0.906458585080433,0.103097956471834,0.90654916793991,0.107425807904366,0.00713292876022736,0.0311726780416636,0.0303464007415357,NaN,NaN,NaN,NaN,NaN,NaN,NaN,NaN,5564.48900664086,5555.51729691563,5560.63811100572,2.31406396245996,NaN,NaN
sampling_0p05,1024,0,0.05,0,51.2,0.35,15.1945496629494,135,0.911939330084395,0.10495168786838,0.912317635909365,0.104789863986048,0.912402387981045,0.109055454910905,0.00705326274436508,0.0311770272865599,0.0303694649007905,NaN,NaN,NaN,NaN,NaN,NaN,NaN,NaN,5635.12290653271,5626.05596264731,5631.24968900374,2.30750001340742,NaN,NaN
sampling_0p05,1024,0,0.05,0,51.2,0.4,17.4299682548373,135,0.918850343446732,0.106958997210495,0.919226410094971,0.106803877279269,0.919304307025559,0.110997151018667,0.00696908215999609,0.0311827011036841,0.030394697087026,NaN,NaN,NaN,NaN,NaN,NaN,NaN,NaN,5719.05163248101,5709.88066597635,5715.16054624196,2.3472608096015,NaN,NaN
sampling_0p05,1024,0,0.05,0,51.2,0.45,19.6931284542689,135,0.926878369916629,0.109302249167795,0.927251906684729,0.109163007877456,0.927321851561555,0.113272883471474,0.00687481787291368,0.0311837865903334,0.0304172509211089,NaN,NaN,NaN,NaN,NaN,NaN,NaN,NaN,5817.53996933755,5808.24067524614,5813.61948921311,2.37399775573011,NaN,NaN
sampling_0p05,1024,0,0.05,0,51.2,0.5,21.9887681072876,135,0.936108181403105,0.111979254264049,0.936479142932961,0.111865059935286,0.93653997493839,0.115881346358644,0.00676979262151926,0.0311780979506241,0.0304349495064475,NaN,NaN,NaN,NaN,NaN,NaN,NaN,NaN,5932.06913126117,5922.62499487397,5928.11612674643,2.42855984753884,NaN,NaN
sampling_0p05,1024,0,0.05,0,51.2,0.05,2.14579781294776,180,0.890840029374833,0.0990369074892048,0.89123245619532,0.0988322946323026,0.891338146042694,0.103318684007591,0.00729775440868423,0.0311300906016427,0.0302634118758084,NaN,NaN,NaN,NaN,NaN,NaN,NaN,NaN,5383.48932181992,5374.73088068608,5379.65797007895,2.38054648340508,NaN,NaN
sampling_0p05,1024,0,0.05,0,51.2,0.1,4.294612721817,180,0.892141255984016,0.0994049525527277,0.892516400414904,0.0992081789874624,0.892620942523851,0.103685486613357,0.00732061841364173,0.0311607027910638,0.0302893894259943,NaN,NaN,NaN,NaN,NaN,NaN,NaN,NaN,5398.43750914897,5389.72190361954,5394.67122915784,2.34891809399324,NaN,NaN
sampling_0p05,1024,0,0.05,0,51.2,0.15,6.44950021830543,180,0.89425386320725,0.100002401560884,0.89463870096646,0.0998143415444284,0.89474130667194,0.104275992609575,0.00731746012493209,0.0311967809775323,0.0303272677393284,NaN,NaN,NaN,NaN,NaN,NaN,NaN,NaN,5423.7857696766,5414.97467810256,5419.95964896346,2.30347262603119,NaN,NaN
sampling_0p05,1024,0,0.05,0,51.2,0.2,8.61359395458848,180,0.897280970780395,0.100834021888547,0.897661394401611,0.10065682021738,0.897761208275685,0.105096282435468,0.00729425586825551,0.0312400326612357,0.0303773364488813,NaN,NaN,NaN,NaN,NaN,NaN,NaN,NaN,5459.45491489857,5450.59758733996,5455.63194940972,2.23214879809032,NaN,NaN
sampling_0p05,1024,0,0.05,0,51.2,0.25,10.7901483426374,180,0.901208153641913,0.1019108522067,0.901587472442665,0.101746113038751,0.901683631049913,0.10615676336261,0.0072552453558606,0.0312916745922763,0.0304397616190959,NaN,NaN,NaN,NaN,NaN,NaN,NaN,NaN,5506.18298287884,5497.25256378608,5502.35092708678,2.2561411610179,NaN,NaN
sampling_0p05,1024,0,0.05,0,51.2,0.3,12.9825856588502,180,0.906079551190286,0.103267383001791,0.906457055611549,0.103114370500693,0.906548641417656,0.10748841083731,0.00720320301628203,0.0313515982415953,0.0305136836354389,NaN,NaN,NaN,NaN,NaN,NaN,NaN,NaN,5564.48854855433,5555.44418060011,5560.62159133728,2.32045854292876,NaN,NaN
sampling_0p05,1024,0,0.05,0,51.2,0.35,15.1945496629494,180,0.911939303508034,0.104951760619972,0.912316362855051,0.10480736971159,0.912402395318099,0.109135352638535,0.00714146959109381,0.0314193782054039,0.0305977856534251,NaN,NaN,NaN,NaN,NaN,NaN,NaN,NaN,5635.12381191993,5625.95585959451,5631.22795309547,2.31599885538996,NaN,NaN
sampling_0p05,1024,0,0.05,0,51.2,0.4,17.4299682548373,180,0.91885047449493,0.106959203068974,0.919224007737604,0.106827258516187,0.919303426364422,0.111099822971419,0.00707447552515086,0.0314937626899373,0.0306896728984919,NaN,NaN,NaN,NaN,NaN,NaN,NaN,NaN,5719.05040482707,5709.7563807285,5715.13921902208,2.36156201299172,NaN,NaN
sampling_0p05,1024,0,0.05,0,51.2,0.45,19.6931284542689,180,0.926878170594136,0.109305009761008,0.927248156168638,0.109196784673495,0.927319829083366,0.113404809457557,0.00700760920772665,0.0315765285486174,0.0307898866879782,NaN,NaN,NaN,NaN,NaN,NaN,NaN,NaN,5817.54297913256,5808.08289890345,5813.59428582828,2.3756440538161,NaN,NaN
sampling_0p05,1024,0,0.05,0,51.2,0.5,21.9887681072876,180,0.936108542604429,0.111986613094399,0.936475296256798,0.111916916542291,0.936537968898737,0.116050412997738,0.00693824177356391,0.0316598772420458,0.0308910110731797,NaN,NaN,NaN,NaN,NaN,NaN,NaN,NaN,5932.06558787702,5922.41793559095,5928.07482805798,2.42349345173257,NaN,NaN
sampling_0p05,1024,0,0.05,0,51.2,0.05,2.14579781294776,225,0.890839908231638,0.0990361636274674,0.891227646961068,0.0988339635492003,0.891333317451656,0.103319268591848,0.00733258427130955,0.0311348809128044,0.0302599281168055,NaN,NaN,NaN,NaN,NaN,NaN,NaN,NaN,5383.49091883099,5374.75311238236,5379.67908681698,2.38008832673242,NaN,NaN
sampling_0p05,1024,0,0.05,0,51.2,0.1,4.294612721817,225,0.892141263004272,0.0994041855632907,0.892519717576775,0.0992049867742021,0.892624131519593,0.103677207515803,0.00731788848118868,0.0311424915107675,0.0302713124543831,NaN,NaN,NaN,NaN,NaN,NaN,NaN,NaN,5398.43753167753,5389.7182498054,5394.6616607373,2.35069697513249,NaN,NaN
sampling_0p05,1024,0,0.05,0,51.2,0.15,6.44950021830543,225,0.894253929850403,0.100003603265585,0.894637495316451,0.0998096829260387,0.894739821213448,0.104259575872202,0.00729095999684285,0.0311501693855462,0.0302857014602664,NaN,NaN,NaN,NaN,NaN,NaN,NaN,NaN,5423.78499773359,5414.99880563037,5419.97013075775,2.3015977936774,NaN,NaN
sampling_0p05,1024,0,0.05,0,51.2,0.2,8.61359395458848,225,0.897281131924283,0.100835750673559,0.897662178321024,0.100648332373505,0.897761502913446,0.105066888421573,0.00724834589126847,0.0311569675141528,0.0303029099406618,NaN,NaN,NaN,NaN,NaN,NaN,NaN,NaN,5459.45310890727,5450.62932346803,5455.63905323311,2.22855777332993,NaN,NaN
sampling_0p05,1024,0,0.05,0,51.2,0.25,10.7901483426374,225,0.901208321493438,0.101909238218803,0.901588500732223,0.101731430463765,0.901683921743004,0.106109610312843,0.00719677628619211,0.0311645214405679,0.0303229522136179,NaN,NaN,NaN,NaN,NaN,NaN,NaN,NaN,5506.18066996354,5497.29573690367,5502.35505019884,2.24922982115767,NaN,NaN
sampling_0p05,1024,0,0.05,0,51.2,0.3,12.9825856588502,225,0.906079502471148,0.103267744605144,0.906458585080438,0.103097956232214,0.9065491679399,0.107425807674609,0.00713292876022731,0.0311726780416635,0.0303464007415354,NaN,NaN,NaN,NaN,NaN,NaN,NaN,NaN,5564.48900664085,5555.51729691563,5560.63811100572,2.31406396245996,NaN,NaN
sampling_0p05,1024,0,0.05,0,51.2,0.35,15.1945496629494,225,0.9119393300844,0.104951687787785,0.912317635909364,0.104789863896252,0.912402387981031,0.1090554548247,0.00705326274436503,0.0311770272865595,0.0303694649007903,NaN,NaN,NaN,NaN,NaN,NaN,NaN,NaN,5635.1229065327,5626.05596264731,5631.24968900374,2.30750001340742,NaN,NaN
sampling_0p05,1024,0,0.05,0,51.2,0.4,17.4299682548373,225,0.918850343446748,0.106958997199704,0.919226410094984,0.106803877272098,0.919304307025551,0.110997151011775,0.0069690821599961,0.0311827011036839,0.0303946970870263,NaN,NaN,NaN,NaN,NaN,NaN,NaN,NaN,5719.051632481,5709.88066597635,5715.16054624196,2.3472608096015,NaN,NaN
sampling_0p05,1024,0,0.05,0,51.2,0.45,19.6931284542689,225,0.926878369916632,0.109302249415715,0.927251906684728,0.109163008129434,0.927321851561559,0.113272883714088,0.00687481787291366,0.0311837865903334,0.030417250921109,NaN,NaN,NaN,NaN,NaN,NaN,NaN,NaN,5817.53996933755,5808.24067524614,5813.61948921311,2.37399775573011,NaN,NaN
sampling_0p05,1024,0,0.05,0,51.2,0.5,21.9887681072876,225,0.936108181403101,0.111979254226426,0.936479142932958,0.111865059903044,0.93653997493838,0.115881346327548,0.00676979262151926,0.031178097950624,0.0304349495064472,NaN,NaN,NaN,NaN,NaN,NaN,NaN,NaN,5932.06913126115,5922.62499487395,5928.11612674643,2.42855984753882,NaN,NaN
sampling_0p05,1024,0,0.05,0,51.2,0.05,2.14579781294776,270,0.890840029374835,0.0990369074892046,0.891222856585756,0.0988353193408184,0.89132855328089,0.103321446768238,0.00732936082131855,0.0311370796089171,0.0302629706971183,NaN,NaN,NaN,NaN,NaN,NaN,NaN,NaN,5383.48932181992,5374.77074812774,5379.69773028215,2.38054648340508,NaN,NaN
sampling_0p05,1024,0,0.05,0,51.2,0.1,4.294612721817,270,0.892141255984016,0.0994049525527275,0.892522971516607,0.0992030202364828,0.89262727142153,0.103670688733933,0.00730556746536703,0.0311240007463033,0.0302552633693943,NaN,NaN,NaN,NaN,NaN,NaN,NaN,NaN,5398.43750914895,5389.71393647945,5394.65209830445,2.34891809399324,NaN,NaN
sampling_0p05,1024,0,0.05,0,51.2,0.15,6.44950021830543,270,0.894253863207245,0.100002401560883,0.894636211129052,0.0998028472660791,0.89473825389927,0.104240929888096,0.00727051242291611,0.0311044345775234,0.0302435753421498,NaN,NaN,NaN,NaN,NaN,NaN,NaN,NaN,5423.78576967661,5415.02435534676,5419.98187102883,2.30347262603119,NaN,NaN
sampling_0p05,1024,0,0.05,0,51.2,0.2,8.61359395458848,270,0.897280970780408,0.100834021888548,0.897662742441487,0.100637117471663,0.89776156920803,0.105034493920721,0.00721869371009846,0.0310762113487983,0.0302269578982801,NaN,NaN,NaN,NaN,NaN,NaN,NaN,NaN,5459.45491489856,5450.66431545807,5455.64897271085,2.23214879809032,NaN,NaN
sampling_0p05,1024,0,0.05,0,51.2,0.25,10.7901483426374,270,0.901208153641914,0.1019108522067,0.901589399562345,0.101719335276622,0.901684080601564,0.106064803839273,0.00715261467040344,0.0310398564239419,0.0302052887159128,NaN,NaN,NaN,NaN,NaN,NaN,NaN,NaN,5506.18298287884,5497.34284193058,5502.36297487833,2.2561411610179,NaN,NaN
sampling_0p05,1024,0,0.05,0,51.2,0.3,12.9825856588502,270,0.906079551190287,0.103267383001791,0.906460206411982,0.103081443892522,0.906549774455255,0.107362522855367,0.00706641164689415,0.0309918023723441,0.030176201068671,NaN,NaN,NaN,NaN,NaN,NaN,NaN,NaN,5564.48854855434,5555.59047168311,5560.65402053304,2.32045854292875,NaN,NaN
sampling_0p05,1024,0,0.05,0,51.2,0.35,15.1945496629494,270,0.91193930350803,0.104951760619972,0.912318940783141,0.104771211336423,0.912402414829595,0.108974515847468,0.00696557560279169,0.0309335605791134,0.0301398407757826,NaN,NaN,NaN,NaN,NaN,NaN,NaN,NaN,5635.12381191993,5626.15761833931,5631.27312316833,2.31599885538996,NaN,NaN
sampling_0p05,1024,0,0.05,0,51.2,0.4,17.4299682548373,270,0.918850474494934,0.106959203068974,0.919228993425978,0.106781122992801,0.919305367018222,0.110894909049766,0.00685728371347958,0.0308671427479489,0.0300965239581929,NaN,NaN,NaN,NaN,NaN,NaN,NaN,NaN,5719.05040482707,5710.00307291243,5715.17988716558,2.36156201299172,NaN,NaN
sampling_0p05,1024,0,0.05,0,51.2,0.45,19.6931284542689,270,0.926878170594138,0.109305009761009,0.927255304324967,0.109133389615875,0.927323539935788,0.113145873645033,0.00672879519734419,0.0307876333959418,0.0300440102845396,NaN,NaN,NaN,NaN,NaN,NaN,NaN,NaN,5817.54297913256,5808.40264130553,5813.65028945074,2.3756440538161,NaN,NaN
sampling_0p05,1024,0,0.05,0,51.2,0.5,21.9887681072876,270,0.936108542604431,0.1119866130944,0.936483552985718,0.111826280737564,0.936542546974992,0.115724869295117,0.00657557116159744,0.0306848778684549,0.0299726948607911,NaN,NaN,NaN,NaN,NaN,NaN,NaN,NaN,5932.065587877,5922.82607697915,5928.15170579379,2.42349345173257,NaN,NaN
sampling_0p05,1024,0,0.05,0,51.2,0.05,2.14579781294776,315,0.89083990823164,0.0990361636038052,0.891227646961069,0.0988339635377268,0.891333317451656,0.103319268580882,0.00733258427130954,0.0311348809128044,0.0302599281168055,NaN,NaN,NaN,NaN,NaN,NaN,NaN,NaN,5383.49091883099,5374.75311238235,5379.67908681697,2.38008832673242,NaN,NaN
sampling_0p05,1024,0,0.05,0,51.2,0.1,4.294612721817,315,0.892141263004273,0.0994041855213571,0.892519717576777,0.0992049866866235,0.892624131519595,0.103677207432078,0.00731788848118865,0.0311424915107675,0.0302713124543832,NaN,NaN,NaN,NaN,NaN,NaN,NaN,NaN,5398.43753167753,5389.7182498054,5394.6616607373,2.35069697513249,NaN,NaN
sampling_0p05,1024,0,0.05,0,51.2,0.15,6.44950021830543,315,0.894253929850403,0.100003603468318,0.89463749531645,0.0998096830613058,0.894739821213447,0.104259576001577,0.00729095999684288,0.0311501693855461,0.0302857014602664,NaN,NaN,NaN,NaN,NaN,NaN,NaN,NaN,5423.7849977336,5414.99880563037,5419.97013075774,2.3015977936774,NaN,NaN
sampling_0p05,1024,0,0.05,0,51.2,0.2,8.61359395458848,315,0.897281131924284,0.10083575058428,0.897662178321024,0.100648332278499,0.897761502913448,0.105066888330646,0.00724834589126848,0.0311569675141528,0.0303029099406619,NaN,NaN,NaN,NaN,NaN,NaN,NaN,NaN,5459.45310890727,5450.62932346802,5455.63905323311,2.22855777332993,NaN,NaN
sampling_0p05,1024,0,0.05,0,51.2,0.25,10.7901483426374,315,0.901208321493444,0.101909238214699,0.901588500732229,0.10173143046104,0.901683921743012,0.106109610310231,0.00719677628619214,0.0311645214405679,0.0303229522136179,NaN,NaN,NaN,NaN,NaN,NaN,NaN,NaN,5506.18066996354,5497.29573690367,5502.35505019883,2.24922982115769,NaN,NaN
sampling_0p05,1024,0,0.05,0,51.2,0.3,12.9825856588502,315,0.906079502471149,0.103267744921649,0.906458585080438,0.103097956552919,0.906549167939901,0.10742580798211,0.00713292876022734,0.0311726780416635,0.0303464007415353,NaN,NaN,NaN,NaN,NaN,NaN,NaN,NaN,5564.48900664085,5555.51729691563,5560.63811100572,2.31406396245996,NaN,NaN
sampling_0p05,1024,0,0.05,0,51.2,0.35,15.1945496629494,315,0.911939330084401,0.10495168786838,0.912317635909365,0.104789863941929,0.912402387981032,0.10905545486855,0.00705326274436504,0.0311770272865595,0.0303694649007903,NaN,NaN,NaN,NaN,NaN,NaN,NaN,NaN,5635.1229065327,5626.0559626473,5631.24968900374,2.30750001340742,NaN,NaN
sampling_0p05,1024,0,0.05,0,51.2,0.4,17.4299682548373,315,0.918850343446749,0.106958997210495,0.919226410094984,0.106803877309219,0.91930430702555,0.110997151047461,0.0069690821599961,0.0311827011036838,0.0303946970870263,NaN,NaN,NaN,NaN,NaN,NaN,NaN,NaN,5719.051632481,5709.88066597635,5715.16054624196,2.3472608096015,NaN,NaN
sampling_0p05,1024,0,0.05,0,51.2,0.45,19.6931284542689,315,0.926878369916632,0.109302249167794,0.927251906684728,0.109163008071549,0.927321851561559,0.113272883658354,0.00687481787291367,0.0311837865903334,0.0304172509211091,NaN,NaN,NaN,NaN,NaN,NaN,NaN,NaN,5817.53996933755,5808.24067524614,5813.61948921311,2.37399775573011,NaN,NaN
sampling_0p05,1024,0,0.05,0,51.2,0.5,21.9887681072876,315,0.936108181403106,0.111979254264048,0.936479142932964,0.111865059935862,0.936539974938386,0.115881346359199,0.00676979262151926,0.0311780979506239,0.0304349495064472,NaN,NaN,NaN,NaN,NaN,NaN,NaN,NaN,5932.06913126116,5922.62499487396,5928.11612674643,2.42855984753884,NaN,NaN
padding_3,256,80,0.1,3,25.6,0,0,0,0.890470916822732,0.0988522846352425,0.890840101145936,0.0986403575697555,0.890946035968161,0.103128593822727,0.00727382463907426,0.0311021659244163,0.0302404461663564,0.888663645438626,0.0992058353370463,0.889027959330004,0.098985944098538,0.889135768722809,0.103458887462124,0.00529360725922008,0.00626119761476909,5378.23354011058,5369.6013730328,5374.51628532403,2.34298158639936,-0.000936675729245162,0.75279675
padding_3,256,80,0.1,3,25.6,0.25,10.7901483426374,0,0.901207743570152,0.101935074818597,0.901587417428869,0.101767644022309,0.901683612419424,0.106179012200597,0.0072667317839193,0.0312999295505464,0.0304455110961461,0.89418468727258,0.0998873819282972,0.894548902883911,0.0996850252601856,0.894652403814328,0.104186479043415,0.0129664099245966,0.0147847170542431,5506.19448328788,5497.26000056563,5502.36029869778,2.25513168045554,-0.000936675729245162,0.75279675
padding_3,256,80,0.1,3,25.6,0.5,21.9887681072876,0,0.936108331936266,0.112013238760847,0.936475174756651,0.111943219246186,0.936537860423984,0.116076590429064,0.0069446320985584,0.0316643789011684,0.0308941905120441,0.92723041610503,0.106911679857269,0.927579959152802,0.106778816412436,0.92765177605099,0.111109334724233,0.0156679316730375,0.0182422107255761,5932.07727298702,5922.42756484027,5928.0856321438,2.42863549365172,-0.000936675729245162,0.75279675
padding_3,256,80,0.1,3,25.6,0.25,10.7901483426374,45,0.901207739526483,0.10191590491381,0.901588230780048,0.101737827902193,0.90168369111954,0.106117492978533,0.00721242961497648,0.0311741727557208,0.0303291568669955,0.891309995931365,0.0941413624144497,0.891665731591349,0.0938367549490024,0.891771431135402,0.0985753248966144,0.0173534074482272,0.0202681685189464,5506.19329224887,5497.30352895424,5502.36492200554,2.24068695677917,-0.000936675729245162,0.75279675
padding_3,256,80,0.1,3,25.6,0.5,21.9887681072876,45,0.936106507477187,0.111993849888837,0.936477939511603,0.111879038366448,0.936538810267862,0.115897264297613,0.00678597791611752,0.0311907817822452,0.0304443435346548,0.927506857252502,0.10746770702381,0.927864265069887,0.107299242040591,0.927933721017798,0.111486834922093,0.0149283726377776,0.0173331146468332,5932.09694713972,5922.64561516421,5928.14015961198,2.43866320721101,-0.000936675729245162,0.75279675
padding_3,256,80,0.1,3,25.6,0.25,10.7901483426374,90,0.901207743570157,0.101935074818597,0.901589319762102,0.101742648988132,0.901684034053743,0.106088633179491,0.0071672586832326,0.0310483790014461,0.0302105796955961,0.894184687272586,0.099887381928298,0.894556035786453,0.0996848355090131,0.894657938328104,0.104118568002556,0.0129664099245966,0.014784717054243,5506.19448328788,5497.3502439747,5502.37214417166,2.25513168045554,-0.000936675729245162,0.75279675
padding_3,256,80,0.1,3,25.6,0.5,21.9887681072876,90,0.936108331936268,0.112013238760848,0.936483716986239,0.111851207524447,0.936542735650128,0.115750547965568,0.00659673582923785,0.0306955763944234,0.0299790026020051,0.927230416105032,0.106911679857269,0.927593353999864,0.10670059207304,0.92766096615184,0.11078594120807,0.0156679316730374,0.0182422107255761,5932.07727298701,5922.83239296852,5928.16027126989,2.42863549365172,-0.000936675729245162,0.75279675
voxel_0p0667,384,120,0.0666666666666667,2,25.6,0,0,0,0.890470916822732,0.0988522861544925,0.890840101145936,0.0986403589308517,0.890946035968161,0.103128595123397,0.00727382463907426,0.0311021659244163,0.0302404461663564,0.888522959441901,0.100162700813831,0.888888291271944,0.0999369012001994,0.888996245321258,0.104368268630509,0.00460599468295471,0.00518325375171138,5378.23354011058,5369.6013730328,5374.51628532403,2.34298158639937,-0.000162711135617055,0.744745958333333
voxel_0p0667,384,120,0.0666666666666667,2,25.6,0.25,10.7901483426374,0,0.901207743570152,0.101935076127227,0.901587417428869,0.101767645341728,0.901683612419424,0.106179013464027,0.0072667317839193,0.0312999295505464,0.0304455110961461,0.890440679708437,0.101150051034768,0.890797417589149,0.100861266615101,0.890904838620394,0.10531141725115,0.0194867158208351,0.0220060109928111,5506.19448328788,5497.26000056563,5502.36029869778,2.25148298656846,-0.000162711135617055,0.744745958333333
voxel_0p0667,384,120,0.0666666666666667,2,25.6,0.5,21.9887681072876,0,0.936108331936266,0.112013233267495,0.936475174756651,0.111943214876258,0.936537860423984,0.116076586218765,0.0069446320985584,0.0316643789011684,0.0308941905120441,0.919320388493966,0.107858367416373,0.919652996975694,0.107607548376195,0.919733030726505,0.11190524348644,0.0287394212173377,0.0330553951753508,5932.07727298702,5922.42756484027,5928.0856321438,2.42098843335025,-0.000162711135617055,0.744745958333333
voxel_0p0667,384,120,0.0666666666666667,2,25.6,0.25,10.7901483426374,45,0.901207739526483,0.101915905789569,0.901588230780048,0.101737826106917,0.90168369111954,0.106117491258935,0.00721242961497648,0.0311741727557208,0.0303291568669955,0.890674617407371,0.10183750317396,0.891037604164803,0.101583697355206,0.89114395613452,0.105969868758541,0.0193678318666019,0.0218899554597545,5506.19329224887,5497.30352895424,5502.36492200554,2.24573640584019,-0.000162711135617055,0.744745958333333
voxel_0p0667,384,120,0.0666666666666667,2,25.6,0.5,21.9887681072876,45,0.936106507477187,0.111993852557741,0.936477939511603,0.111879041014184,0.936538810267862,0.115897266851182,0.00678597791611752,0.0311907817822452,0.0304443435346548,0.919730308686717,0.108927833363827,0.920075807027924,0.108690480109985,0.920153099645388,0.112825214249864,0.0279131089871993,0.032035172863597,5932.09694713972,5922.64561516421,5928.14015961198,2.4461931562824,-0.000162711135617055,0.744745958333333
voxel_0p0667,384,120,0.0666666666666667,2,25.6,0.25,10.7901483426374,90,0.901207743570157,0.101935076127228,0.901589319762102,0.101742650441683,0.901684034053743,0.106088634572225,0.0071672586832326,0.0310483790014461,0.0302105796955961,0.890440679708443,0.101150051034769,0.890806209408457,0.100896593058747,0.890911970048085,0.105278252412896,0.0194867158208351,0.0220060109928113,5506.19448328788,5497.3502439747,5502.37214417166,2.25148298656846,-0.000162711135617055,0.744745958333333
voxel_0p0667,384,120,0.0666666666666667,2,25.6,0.5,21.9887681072876,90,0.936108331936268,0.112013233267496,0.936483716986239,0.111851202133735,0.936542735650128,0.115750542761138,0.00659673582923785,0.0306955763944234,0.0299790026020051,0.919320388493967,0.107858367416373,0.919672715693312,0.107592804331525,0.919748058804443,0.111644740716518,0.0287394212173376,0.0330553951753507,5932.07727298701,5922.83239296852,5928.16027126989,2.42098843335025,-0.000162711135617055,0.744745958333333
voxel_window_51,512,80,0.1,2,51.2,0,0,0,0.890470992014723,0.0989017407468697,0.890840186467239,0.0986889937277812,0.890946100584147,0.103174217581109,0.00726469786462999,0.0310971731402484,0.0302375031301249,0.888070959835275,0.0998312495805646,0.888433907748379,0.099597604140093,0.888542311483983,0.104042874405826,0.0061025911606574,0.00709262669142571,5378.22776656432,5369.5979531137,5374.51190479606,2.39509676628818,-0.000936675729245162,1.82145983333333
voxel_window_51,512,80,0.1,2,51.2,0.25,10.7901483426374,0,0.901208153641913,0.101910852443608,0.901587472442665,0.101746113322428,0.901683631049914,0.106156763634247,0.0072552453558606,0.0312916745922763,0.0304397616190959,0.890144537482537,0.101317810279682,0.890501512324793,0.101082141509753,0.890609202659785,0.105521140089368,0.0201551117527225,0.0228604050204377,5506.18298287884,5497.25256378608,5502.35092708678,2.2561411610179,-0.000936675729245162,1.82145983333333
voxel_window_51,512,80,0.1,2,51.2,0.5,21.9887681072876,0,0.936108542604428,0.111986613258584,0.936475296256799,0.11191691663525,0.936537968898735,0.116050413087305,0.00693824177356391,0.0316598772420457,0.0308910110731797,0.919075997604035,0.108432308241157,0.91941203472869,0.108237642653125,0.919492302926673,0.112509832416676,0.0285927402885708,0.0329037342950022,5932.06558787702,5922.41793559095,5928.07482805799,2.42349345173257,-0.000936675729245162,1.82145983333333
voxel_window_51,512,80,0.1,2,51.2,0.25,10.7901483426374,45,0.901208321493437,0.101909238284809,0.901588500732234,0.101731430490285,0.901683921743015,0.106109610338244,0.00719677628619214,0.0311645214405679,0.0303229522136179,0.890312567024735,0.101705402925805,0.890675050861576,0.101493246371685,0.890781735981152,0.105881485742295,0.0201042809102396,0.0228099529800348,5506.18066996353,5497.29573690366,5502.35505019881,2.24172576847589,-0.000936675729245162,1.82145983333333
voxel_window_51,512,80,0.1,2,51.2,0.5,21.9887681072876,45,0.936108181403104,0.111979254278316,0.93647914293296,0.111865059950467,0.936539974938388,0.115881346373286,0.00676979262151927,0.0311780979506241,0.0304349495064475,0.919343356811448,0.108938413952613,0.919688274063514,0.108724405518535,0.919765910549002,0.112855362662119,0.0282818516650166,0.0325197174459765,5932.06913126117,5922.62499487397,5928.11612674643,2.41680404069407,-0.000936675729245162,1.82145983333333
voxel_window_51,512,80,0.1,2,51.2,0.25,10.7901483426374,90,0.901208153641911,0.101910852443608,0.90158939956235,0.101719335532512,0.90168408060157,0.106064804084457,0.0071526146704034,0.0310398564239418,0.0302052887159126,0.890144537482534,0.101317810279682,0.890510385379152,0.101103804425294,0.890616414006465,0.105475175354809,0.0201551117527225,0.0228604050204376,5506.18298287883,5497.34284193059,5502.36297487834,2.2561411610179,-0.000936675729245162,1.82145983333333
voxel_window_51,512,80,0.1,2,51.2,0.5,21.9887681072876,90,0.936108542604422,0.111986613258584,0.936483552985704,0.111826280902797,0.936542546974978,0.115724869454638,0.00657557116159735,0.0306848778684549,0.0299726948607911,0.919075997604032,0.108432308241157,0.919428856510178,0.108199808578575,0.919504406978894,0.112227642344532,0.0285927402885708,0.0329037342950024,5932.06558787702,5922.82607697915,5928.15170579379,2.42349345173257,-0.000936675729245162,1.82145983333333
