outer,inner,objective,data_residual,primal_or_step,dual,cg_residual,cg_iterations
1,1,1.75597495679639e-05,0.0481266321797434,0.0201160773618807,0.0295793504994925,5.22963774034282e-06,7
1,2,1.1453460890567e-05,0.0319590998328586,0.00692251747113286,0.0136563192807876,4.91173432009462e-06,7
1,3,1.00452049071834e-05,0.0270024225518555,0.00635492290804884,0.0075973415320266,2.75627181559004e-06,7
1,4,9.5045874059846e-06,0.0249490594799675,0.00475581278935257,0.00530808313456784,3.95583753963298e-06,6
1,5,9.17888295529126e-06,0.0236125105489512,0.00307797808616613,0.00434790545621148,3.01169474861208e-06,6
1,6,8.94278849217182e-06,0.0225544622778899,0.00210448051496278,0.00378092473922037,6.50169961781813e-06,5
1,7,8.75670303654173e-06,0.0216599802664846,0.00166492328718391,0.00337334850971117,4.62757579376987e-06,5
1,8,8.60483234654992e-06,0.0208858551890828,0.0015338573210387,0.00304973287151387,4.36189257618544e-06,5
1,9,8.47774883921558e-06,0.020221815279769,0.0015479152581564,0.00277706191885328,3.98773327417387e-06,5
1,10,8.3695400282791e-06,0.019655385711107,0.00151930170927048,0.00254844513408919,3.29384319554782e-06,5
1,11,8.27607111889511e-06,0.0191685825654084,0.00144377960860392,0.0023623222639823,2.62453818395579e-06,5
1,12,8.19354420759865e-06,0.0187413309692141,0.00133201612550647,0.00221378110333559,2.21422698499589e-06,5
1,13,8.11943199996504e-06,0.018358702162728,0.0012373391138252,0.00209321649788779,6.64815099533241e-06,4
1,14,8.05241086949797e-06,0.018011548733072,0.00114542625185894,0.00199205194474839,6.30088581265192e-06,4
1,15,7.99155416888048e-06,0.0176946717413756,0.00105725019218254,0.00190371171111905,5.86996096894745e-06,4
1,16,7.93542074516604e-06,0.0174016983869503,0.000955360444428132,0.00182986261598911,5.37528702853614e-06,4
1,17,7.88306817770698e-06,0.0171283007973141,0.000862102309383589,0.00176376688407833,5.07590086163207e-06,4
1,18,7.8338324763535e-06,0.0168712255831484,0.000782119140002126,0.00170505387238392,4.7469653888018e-06,4
1,19,7.78751541880625e-06,0.0166278584317189,0.000723349485811334,0.00165055192718038,4.4072131842685e-06,4
1,20,7.74385539386065e-06,0.0163960588329406,0.000678440310531494,0.00160142682490197,4.10070017982305e-06,4
1,21,7.70253078483161e-06,0.0161742918472256,0.000643291257760559,0.00155535247832544,3.84127497994375e-06,4
1,22,7.66317611081349e-06,0.0159613039999606,0.000614604844888017,0.00151244397967334,3.61011160453861e-06,4
1,23,7.62545213959802e-06,0.0157562204238093,0.000584872188934835,0.00147308727292744,3.39316048099647e-06,4
1,24,7.58915662109041e-06,0.0155584082701408,0.000554409568574327,0.00143655059125535,3.20226287438796e-06,4
1,25,7.55418254420633e-06,0.0153673819279914,0.000522227542030536,0.00140315142456352,3.03075654184491e-06,4
1,26,7.52044183712084e-06,0.0151826403703472,0.0004844393997239,0.00137254643979485,2.88009575139523e-06,4
1,27,7.48788861193982e-06,0.0150036882347251,0.000444317855370903,0.00134370153967469,2.7343533207258e-06,4
1,28,7.45651019914013e-06,0.0148301821568312,0.00040246520335562,0.00131653949097965,2.59445652018386e-06,4
1,29,7.42629565462025e-06,0.0146618861552719,0.000361180850750917,0.00129146218842514,2.45888467802601e-06,4
1,30,7.39718657753307e-06,0.0144984845595406,0.000321653514481312,0.00126820633813503,2.3229308810638e-06,4
1,31,7.36911618790385e-06,0.0143395861167141,0.000286782211465581,0.00124588813445861,2.18916023780243e-06,4
1,32,7.34197631887089e-06,0.0141848594366298,0.00025749696665012,0.0012244461109298,2.06007121358425e-06,4
1,33,7.31570313781569e-06,0.0140339793451181,0.000234218383424623,0.00120369489424899,6.70875442346866e-06,3
1,34,7.29020565005799e-06,0.0138867904845658,0.000216942198700855,0.00118375072274413,6.4089116757256e-06,3
1,35,7.26546145299631e-06,0.0137431475010602,0.000202829709798674,0.0011647245257468,6.10179518457981e-06,3
1,36,7.24143127812584e-06,0.013602893202074,0.000190836419390925,0.00114656690220176,5.89449313131845e-06,3
1,37,7.21808978877554e-06,0.0134658972931656,0.000181190561836834,0.00112913545312204,5.69625682380922e-06,3
1,38,7.19539845069119e-06,0.0133320341262589,0.000173806342758928,0.00111234358467239,5.50763357382796e-06,3
1,39,7.17331602229407e-06,0.0132012296811324,0.000168212607034416,0.00109625646621882,5.34238955648811e-06,3
1,40,7.15182991909547e-06,0.0130734128631476,0.000162838239844241,0.0010807643700438,5.19263391227821e-06,3
1,41,7.13091031203164e-06,0.01294851678129,0.000158150431989316,0.00106582535108189,5.04610793674324e-06,3
1,42,7.11052440359439e-06,0.0128264945969316,0.000153850007644049,0.00105136266625522,4.9020945632539e-06,3
1,43,7.0906379522073e-06,0.0127072513711629,0.000150283949746709,0.00103729440217174,4.75500060320455e-06,3
1,44,7.07120557187481e-06,0.0125907432216448,0.00014704597721982,0.0010237157075974,4.60996313362663e-06,3
1,45,7.05222313398866e-06,0.0124769315057649,0.00014438163741289,0.0010105843223092,4.4726028728258e-06,3
1,46,7.03369063451188e-06,0.0123657568146741,0.00014228368374421,0.000997760108456169,4.33700564978762e-06,3
1,47,7.01557740477248e-06,0.012257156560562,0.00014041561856552,0.000985287445559396,4.20826257321004e-06,3
1,48,6.99787410139981e-06,0.0121510728862709,0.000138724778115996,0.000973152546050341,4.08571054657648e-06,3
1,49,6.98057498937989e-06,0.0120474339659013,0.000137248779843526,0.000961403865372326,3.95964821400201e-06,3
1,50,6.96366097452273e-06,0.0119461514417595,0.000135968163400008,0.000950015404686022,3.83901588477929e-06,3
1,51,6.94711612873885e-06,0.0118471512516664,0.000134277332657112,0.000938993652897183,3.72914628525964e-06,3
1,52,6.93093266227481e-06,0.0117503840183947,0.000132152867273981,0.000928326908912751,3.6250879903291e-06,3
1,53,6.9151270670239e-06,0.0116557829737865,0.000130588683213601,0.000917868616119445,3.5216753611897e-06,3
1,54,6.89967413868412e-06,0.0115632620991152,0.000129907122779725,0.000907563718016196,3.425997413929e-06,3
1,55,6.88454552889957e-06,0.0114727563938843,0.000129201354867502,0.00089748465753678,3.33435633383048e-06,3
1,56,6.86972850867451e-06,0.0113842310620419,0.00012841003932675,0.000887632757282406,3.24252139000652e-06,3
1,57,6.8552252786312e-06,0.0112976083404829,0.000128166843987949,0.000877930302306442,3.1512343216619e-06,3
1,58,6.84100760132107e-06,0.0112128450864873,0.000128063704387009,0.000868420986103008,3.06949625656139e-06,3
1,59,6.82706483495433e-06,0.0111299048332851,0.000127568206299061,0.000859184159106606,2.98659395936986e-06,3
1,60,6.81339475148016e-06,0.0110487490634755,0.000127050140866812,0.000850159064908161,2.90568865561784e-06,3
1,61,6.7999825401088e-06,0.0109693323578804,0.000126563265815786,0.000841342215738092,2.82705475531513e-06,3
1,62,6.78681657795414e-06,0.0108916335565556,0.000125998547763307,0.000832691199454336,2.75097647675889e-06,3
1,63,6.77389677362148e-06,0.0108156420927253,0.000125249274019079,0.000824212970146566,2.67466668778964e-06,3
1,64,6.76122981819734e-06,0.0107413206485572,0.000124819436356999,0.00081585618886572,2.59570584779365e-06,3
1,65,6.74879456671091e-06,0.0106686458243263,0.000124440122757871,0.000807707298373142,2.52109866060353e-06,3
1,66,6.73658772938423e-06,0.0105976210841708,0.000123450440028245,0.000799794689487997,2.44866281602172e-06,3
1,67,6.72460458626609e-06,0.0105282347167443,0.000122971227222313,0.000792015377935283,2.37142000932812e-06,3
1,68,6.71283260286904e-06,0.0104604860206163,0.000122521507127673,0.000784409136344507,2.2993013852494e-06,3
1,69,6.70126826880194e-06,0.0103943693642675,0.000121606586659825,0.000777009817407285,2.22733434001234e-06,3
1,70,6.68990186139308e-06,0.0103298836300455,0.000120416795902406,0.000769759359702284,2.15883426709081e-06,3
1,71,6.67871836929826e-06,0.0102670289930335,0.000118460161131279,0.000762724848943699,2.09573724812511e-06,3
1,72,6.66773114925921e-06,0.0102057948538417,0.000116551503265396,0.000755851859710403,2.03495428137471e-06,3
1,73,6.65696560646353e-06,0.0101461428958914,0.000115435505222312,0.000749115128496216,1.97366016864131e-06,3
1,74,6.64640196109469e-06,0.0100880319388772,0.00011485193111501,0.000742569007894313,1.90810310985687e-06,3
1,75,6.63602489080057e-06,0.0100314099692344,0.000114620963361421,0.000736207798437354,1.84386063394151e-06,3
1,76,6.62573700189457e-06,0.00997534492961972,0.000113290780110164,0.000729843180351751,6.85464581581011e-06,2
1,77,6.61570898878446e-06,0.00992191949573094,0.000113609500622635,0.000723953845698772,2.12985055779785e-06,3
1,78,6.60572472459735e-06,0.00986882570416781,0.000112210708492265,0.000717867392815412,6.76509839352422e-06,2
1,79,6.59589470285914e-06,0.00981706838940377,0.000111938114125261,0.00071202010542362,6.70899748244172e-06,2
1,80,6.58627906792279e-06,0.00976696768850493,0.000112602231949816,0.000706268808869596,6.49229545208007e-06,2
1,81,6.57685016397627e-06,0.00971834214208168,0.000113919201428177,0.000700626605114664,6.33636940077589e-06,2
1,82,6.5675912932851e-06,0.00967106664056205,0.000115941085658367,0.000695117039478924,6.19644969473144e-06,2
1,83,6.55846866398617e-06,0.00962503277929567,0.000118152077024118,0.000689795010272626,6.08855720067953e-06,2
1,84,6.54948262432038e-06,0.00958016852778412,0.000120694869465916,0.00068461024419777,5.99013010468148e-06,2
1,85,6.54062814159344e-06,0.00953641062750523,0.000123797265883548,0.000679488473702288,5.90398506649737e-06,2
1,86,6.5318959572689e-06,0.00949371751849473,0.000127427412802488,0.000674417211799402,5.82641719425093e-06,2
1,87,6.52328413162073e-06,0.0094520419002543,0.000131178794946133,0.000669460171293282,5.75789481162068e-06,2
1,88,6.51478930326029e-06,0.00941133906718974,0.000134594446123299,0.000664633419155025,5.69926673055874e-06,2
1,89,6.50641298235514e-06,0.0093715772038688,0.000137889475684925,0.000659866327705574,5.64632495754076e-06,2
1,90,6.49815520195574e-06,0.00933272120445316,0.000141165797639853,0.000655150457834138,5.5981357815843e-06,2
1,91,6.49001548601564e-06,0.00929473721132369,0.000144525404408109,0.000650475570570787,5.55635020299997e-06,2
1,92,6.48198688542646e-06,0.00925758674012087,0.000147869165154239,0.000645847113805159,5.5208559370995e-06,2
1,93,6.47405919887662e-06,0.00922123763769153,0.000151033260305017,0.000641293660563758,5.49220764308152e-06,2
1,94,6.46622660554151e-06,0.00918565982219279,0.000153911389308558,0.000636828544311107,5.46688733339368e-06,2
1,95,6.45849598703515e-06,0.00915082360597004,0.000156674702577182,0.000632399636673042,5.44505048616804e-06,2
1,96,6.450870992171e-06,0.00911669859038289,0.000159424670344254,0.000627975792177428,5.42518375347039e-06,2
1,97,6.44334860903848e-06,0.00908325690139776,0.000162156896093691,0.000623567609368177,5.40751745653778e-06,2
1,98,6.43592578924282e-06,0.0090504716452913,0.000164723289231458,0.000619200459231829,5.39146170418409e-06,2
1,99,6.42859886086182e-06,0.00901831646597389,0.000167137785672143,0.000614879093613756,5.37748564454246e-06,2
1,100,6.42136565891996e-06,0.00898677227917238,0.00016938401033615,0.000610604313676566,5.36638104742881e-06,2
1,101,6.41422279721386e-06,0.00895582388848937,0.000171409996971188,0.000606394718087784,5.35376951760254e-06,2
1,102,6.40716458307836e-06,0.00892545059249007,0.000173137990988268,0.000602261070994924,5.34151641775165e-06,2
1,103,6.40018782496831e-06,0.00889563388095334,0.000174586854052765,0.000598193754103304,5.33164348139904e-06,2
1,104,6.39329722698666e-06,0.00886635832260757,0.00017587009709944,0.000594108427917452,5.32301929291666e-06,2
1,105,6.38649809170012e-06,0.00883760710327287,0.00017733198603024,0.000589963807197669,5.31614314131248e-06,2
1,106,6.37977876607371e-06,0.00880936898046821,0.00017833957443935,0.000585934724103211,5.31433613257332e-06,2
1,107,6.37314030042894e-06,0.00878164476122796,0.000178764974724811,0.000581980539117647,5.3146428873992e-06,2
1,108,6.36658179105551e-06,0.00875443105604746,0.000178639283902886,0.00057809640828754,5.31309584018815e-06,2
1,109,6.36009827474207e-06,0.00872772232188988,0.000177886596567929,0.00057428651559142,5.32187048172708e-06,2
1,110,6.35369304030458e-06,0.0087015176854191,0.000176737226684032,0.000570508964781481,5.33945230786572e-06,2
1,111,6.34736862168086e-06,0.00867582093747167,0.000175390649917124,0.000566746747759514,5.35464970049231e-06,2
1,112,6.34111720476366e-06,0.00865063760027528,0.000173790113677206,0.000563024341614531,5.35592591101839e-06,2
1,113,6.33493547727711e-06,0.00862597093588293,0.00017197660402928,0.000559345535409289,5.34270938696319e-06,2
1,114,6.3288245841776e-06,0.00860182572465524,0.000169945924635248,0.00055571124326091,5.31552788376581e-06,2
1,115,6.32278038698174e-06,0.00857820805305859,0.00016765124384812,0.00055213609586915,5.28048286637522e-06,2
1,116,6.31680533099834e-06,0.00855511898879679,0.000165192703642478,0.000548612328519472,5.2387125828528e-06,2
1,117,6.31090439485978e-06,0.00853256085557982,0.000162665009129472,0.000545110261598699,5.18839854049056e-06,2
1,118,6.30507315363962e-06,0.00851053436229995,0.000160022841705924,0.000541682363353932,5.13183313103675e-06,2
1,119,6.2993112221847e-06,0.00848903938631452,0.00015728585205624,0.000538307149127974,5.06946212198621e-06,2
1,120,6.29361774222284e-06,0.00846807472494176,0.000154524818473833,0.000534963735847899,5.00183846475764e-06,2
1,121,6.28799103764452e-06,0.00844763769601391,0.000151826929657936,0.000531625492505333,4.9312447892247e-06,2
1,122,6.28242645748821e-06,0.00842772480384871,0.000149046416136685,0.000528375258054101,4.85716655649253e-06,2
1,123,6.2769232715904e-06,0.00840833533622067,0.000146211462511668,0.000525198592345569,4.77929518296351e-06,2
1,124,6.27148313244443e-06,0.00838946669598366,0.000143509158849033,0.000522014027481776,4.70071013019162e-06,2
1,125,6.26611170579154e-06,0.0083711144616136,0.000141418865702998,0.000518811183622526,4.6219345644267e-06,2
1,126,6.26080221001012e-06,0.00835327455262905,0.000139197795632592,0.000515722992469871,4.54095045930655e-06,2
1,127,6.25555471097337e-06,0.00833594408968983,0.000136994025583238,0.000512723775879429,4.45576311645526e-06,2
1,128,6.25036390595671e-06,0.00831911627761552,0.000134441968719028,0.00050982511674547,4.36851803220628e-06,2
1,129,6.24523090322943e-06,0.00830278753464594,0.000131911816938606,0.000506950358323714,4.28303783018477e-06,2
1,130,6.24015316915782e-06,0.00828695406236308,0.000129430529824963,0.000504082208822849,4.19999534394684e-06,2
1,131,6.23512881204192e-06,0.0082716072364302,0.000126963913994787,0.000501258632931385,4.116354673151e-06,2
1,132,6.23015488438906e-06,0.00825673864300379,0.000124503354540078,0.000498499756985989,4.03307441453508e-06,2
1,133,6.22523159083679e-06,0.00824233943158018,0.000122002269492254,0.000495799995747166,3.94778185229162e-06,2
1,134,6.22035100714176e-06,0.00822839871855243,0.000119448027302945,0.000493160491389812,3.86292440452724e-06,2
1,135,6.21551585369555e-06,0.00821490948771488,0.000116954496382082,0.000490546175968559,3.78217450118267e-06,2
1,136,6.2107280850028e-06,0.00820186342968657,0.00011451698041618,0.000487990266458668,3.70563261705815e-06,2
1,137,6.20598780409564e-06,0.00818925274454436,0.000112046877594889,0.000485479269538837,3.63294441550502e-06,2
1,138,6.20129416812871e-06,0.00817707049571421,0.000109642892596279,0.000483018755045331,3.56389991983166e-06,2
1,139,6.19664493836115e-06,0.00816530925370713,0.000107306126441577,0.000480606710750597,3.49676677973274e-06,2
1,140,6.1920383104273e-06,0.00815396277147393,0.000104988641734857,0.000478257949661653,3.43104750231688e-06,2
1,141,6.18747373253156e-06,0.00814302568300548,0.000102721383555539,0.000475955653866952,3.36616676318046e-06,2
1,142,6.18295020351359e-06,0.00813249272690252,0.000100477622437427,0.00047370147658244,3.30304946439504e-06,2
1,143,6.17846796233579e-06,0.00812235620797835,9.82846098853178e-05,0.000471487905445308,3.24237721796451e-06,2
1,144,6.17402531860618e-06,0.0081126092069734,9.61881829003314e-05,0.000469315338435326,3.18378419166569e-06,2
1,145,6.16962264640647e-06,0.00810324388054884,9.41832036171171e-05,0.000467175311696842,3.1270429578048e-06,2
1,146,6.16526466888367e-06,0.00809425224145591,9.23504486624344e-05,0.00046501916285219,3.0723118319104e-06,2
1,147,6.16095421679735e-06,0.00808562437616514,9.13124527547533e-05,0.000462801505650888,3.01925687387957e-06,2
1,148,6.1566812696583e-06,0.00807735232304921,9.0363038435539e-05,0.000460604063922279,2.96773116073147e-06,2
1,149,6.15244193082204e-06,0.00806943112217165,8.92255491781402e-05,0.000458530090437478,2.91350315930229e-06,2
1,150,6.14823491906309e-06,0.00806185715549646,8.77163039328965e-05,0.000456510307367685,2.85416709005486e-06,2
1,151,6.14406230652142e-06,0.00805462520778542,8.62216927327637e-05,0.00045450817613308,2.79248052267199e-06,2
1,152,6.13992328805393e-06,0.00804772952727714,8.46547541936166e-05,0.000452540897843907,2.73127249577034e-06,2
1,153,6.13581903249784e-06,0.00804116429532829,8.31402449829844e-05,0.00045060276482899,2.66739679022483e-06,2
1,154,6.13175054429856e-06,0.00803492377223405,8.15146837312782e-05,0.000448703345463957,2.60046300412783e-06,2
1,155,6.12772062137481e-06,0.00802908748769499,7.95249265402219e-05,0.000446707531037955,6.84231982041883e-06,1
1,156,6.12372758755357e-06,0.00802345135980374,7.82686561525946e-05,0.000444972780901197,2.34542951741698e-06,2
1,157,6.11975580920227e-06,0.00801786405287544,7.63978841124154e-05,0.000443105070545433,5.31771911984257e-06,1
1,158,6.11579697271733e-06,0.00801294913642045,7.48185993408346e-05,0.000441300914276276,6.58399671538686e-06,1
1,159,6.11191356025766e-06,0.00800822389340798,7.34299459566308e-05,0.00043961181376691,2.30034146039892e-06,2
1,160,6.10806065988021e-06,0.00800356231284663,7.18803300114039e-05,0.000437794424315398,5.20967174037065e-06,1
1,161,6.10421023411788e-06,0.0079995797085176,7.05882710857875e-05,0.000436031520007101,6.56813902905119e-06,1
1,162,6.10042439509369e-06,0.00799569191415525,6.92998950185217e-05,0.000434414727388955,2.175453560485e-06,2
1,163,6.09666330819816e-06,0.00799184550149958,6.77241096008182e-05,0.000432663874302092,5.35484084006304e-06,1
1,164,6.09293378365982e-06,0.00798859224342569,6.66455687891169e-05,0.00043108949596827,2.06781330277857e-06,2
1,165,6.08921955030502e-06,0.00798561166796165,6.49298781734582e-05,0.000429405142609386,5.2806762837879e-06,1
1,166,6.08552737101482e-06,0.00798244809960095,6.39035497586864e-05,0.000427809358833306,5.8324162579954e-06,1
1,167,6.08187967242607e-06,0.00797995039205687,6.25911225216415e-05,0.000426341809621754,2.22321066846305e-06,2
1,168,6.07826271167499e-06,0.00797773555755858,6.10410410712781e-05,0.000424732574201002,6.39368837939695e-06,1
1,169,6.07466744339266e-06,0.00797557966411244,6.01185596219857e-05,0.000423324549850129,1.97733120023207e-06,2
1,170,6.07109552387059e-06,0.00797347992594241,5.86657057933102e-05,0.000421763520486305,5.29337915122417e-06,1
1,171,6.06755130353422e-06,0.00797182658357013,5.79152457662742e-05,0.000420372321006947,1.95371490408357e-06,2
1,172,6.0640318850143e-06,0.00797046262319505,5.66030049916349e-05,0.000418801573936947,5.68686429824697e-06,1
1,173,6.06053914778844e-06,0.00796895338003138,5.74551152256079e-05,0.000417227529108089,6.80995919757237e-06,1
1,174,6.05708651741563e-06,0.00796801676510161,5.72229908044614e-05,0.000415844656365962,2.29993147643226e-06,2
1,175,6.05365155979834e-06,0.00796715149583751,5.6494101232895e-05,0.000414316199329435,6.35321666892077e-06,1
1,176,6.05024384890459e-06,0.00796648052752665,5.6307421419777e-05,0.000413026149192638,1.85809893250694e-06,2
1,177,6.046847567501e-06,0.00796590024284772,5.50936944111606e-05,0.000411586556019076,4.87499095740201e-06,1
1,178,6.04347565614276e-06,0.00796568863898621,5.49162420831079e-05,0.00041018994563543,5.5463090093368e-06,1
1,179,6.04013511961619e-06,0.0079655902663015,5.39158087329757e-05,0.000408841694725474,2.58852257386868e-06,2
1,180,6.03682007051237e-06,0.00796561959910225,5.34364038325925e-05,0.000407466038571801,1.85502389674186e-06,2
1,181,6.03351738580382e-06,0.00796563460930534,5.22277205018462e-05,0.000406012924328666,6.63067655882697e-06,1
1,182,6.03024062659606e-06,0.00796603036052573,5.20903880178121e-05,0.000404777295620116,1.7751421355519e-06,2
1,183,6.0269770094045e-06,0.00796665722648513,5.08851147181093e-05,0.000403348552510488,6.2189631891977e-06,1
1,184,6.02373655520571e-06,0.00796729531735729,5.07992631625016e-05,0.000402165467703622,1.62790558750281e-06,2
1,185,6.02051209457749e-06,0.0079680567291421,4.94728905038045e-05,0.000400773670484668,5.94230756520492e-06,1
1,186,6.01731511875784e-06,0.00796903050585757,4.95265743136124e-05,0.000399598843272852,1.71509435755647e-06,2
1,187,6.01413827707637e-06,0.00797023171820847,4.83196740061116e-05,0.000398185706875497,6.48842223391626e-06,1
1,188,6.01099982656534e-06,0.00797144834316576,4.88796462968291e-05,0.000397009233747207,1.64883057360294e-06,2
1,189,6.00787215916543e-06,0.00797280426110525,4.77269596458021e-05,0.000395612746888448,6.43404006735282e-06,1
1,190,6.00476491458966e-06,0.00797430736854951,4.80192158832272e-05,0.000394494899236153,1.76132203496061e-06,2
1,191,6.00166986043965e-06,0.00797603386230603,4.66040688845858e-05,0.000393113261111191,6.87846443345287e-06,1
1,192,5.99859833604813e-06,0.0079777668881974,4.71413050691787e-05,0.000392038957503176,1.73203032505481e-06,2
1,193,5.99553836232191e-06,0.00797966021925876,4.57727524972681e-05,0.000390686785836459,6.8193368423461e-06,1
1,194,5.99250195653231e-06,0.00798166212111291,4.61910860456298e-05,0.000389661258004941,1.82525583397231e-06,2
1,195,5.98948388361606e-06,0.00798387227198058,4.53765468950245e-05,0.000388506782963691,1.6452777882206e-06,2
1,196,5.98648304994845e-06,0.00798617255366232,4.46815464667089e-05,0.000387363567123624,1.50794577558487e-06,2
1,197,5.98349878397279e-06,0.00798856802055981,4.40427402755072e-05,0.000386235279036062,1.49786030611399e-06,2
1,198,5.98053410763628e-06,0.00799106642987684,4.34764545512551e-05,0.000385112230279754,1.48384567877802e-06,2
1,199,5.9775813411259e-06,0.00799356985783881,4.23260495878251e-05,0.000383878350396997,6.85127103897876e-06,1
1,200,5.97465419023006e-06,0.00799626562176095,4.26738807451994e-05,0.000382918263992142,1.45097606884057e-06,2
2,1,5.9748921116037e-06,0.00795363718907556,0.00102672706475581,0.000561952740621954,2.83979233083794e-06,5
2,2,5.97454229378152e-06,0.00792828021444656,0.000578941318140564,0.000503154150517411,5.26806782098471e-06,4
2,3,5.97311777858846e-06,0.0079090307165226,0.000396827739231266,0.000491373631443096,2.73510206721103e-06,4
2,4,5.97081600193364e-06,0.00789374798580404,0.000296329413602051,0.000483118375541875,5.69763575543235e-06,3
2,5,5.96800851311555e-06,0.00788139072716496,0.000235749260016482,0.000475203714170746,4.66499888646341e-06,3
2,6,5.96506242949606e-06,0.00787104209272372,0.00019547191765712,0.000467608627540458,3.62640281738493e-06,3
2,7,5.96216945089406e-06,0.00786208420466429,0.000168446269235746,0.000460300213758403,2.62993431105819e-06,3
2,8,5.95937502137788e-06,0.00785412145667967,0.000148837161510388,0.00045283245498681,6.78511722633707e-06,2
2,9,5.95668689018694e-06,0.00784693681937803,0.000133852339742301,0.000446239052724034,5.77052058289495e-06,2
2,10,5.95411014236422e-06,0.00784041561214086,0.000122186661256435,0.000439782571448571,5.27971049652444e-06,2
2,11,5.95163374195104e-06,0.00783449845508016,0.000112626172217195,0.000433581789775833,5.0416401152088e-06,2
2,12,5.94923647801322e-06,0.0078291407194426,0.000104438459139928,0.000427756855963673,4.72781088747551e-06,2
2,13,5.9469017545155e-06,0.0078243006071855,9.71855516559196e-05,0.000422349309611045,4.47196150143046e-06,2
2,14,5.9446208306653e-06,0.00781993945063309,9.08867169314083e-05,0.000417307836663312,4.26931217141524e-06,2
2,15,5.94239320917786e-06,0.00781602176998176,8.54558793208773e-05,0.000412595631615896,4.09478840572414e-06,2
2,16,5.9402198814711e-06,0.00781252424988339,8.09383102066664e-05,0.00040814215281828,3.93196593855833e-06,2
2,17,5.93807627151411e-06,0.0078094295965759,7.71716762926456e-05,0.000403924650741175,3.77392990671996e-06,2
2,18,5.93595330423831e-06,0.00780671735346052,7.39704323763649e-05,0.000399931517812441,3.63027458057011e-06,2
2,19,5.93384417061847e-06,0.0078043667020769,7.10448973683264e-05,0.000396142885311022,3.50333264329936e-06,2
2,20,5.9317508384327e-06,0.00780236067362901,6.84357532590091e-05,0.00039251040965767,3.38863285500027e-06,2
2,21,5.9296781655991e-06,0.00780068034497996,6.62660147188941e-05,0.000388996401707046,3.28333242515883e-06,2
2,22,5.92763166148638e-06,0.00779930710781013,6.44764687475196e-05,0.000385586509567795,3.18614076929476e-06,2
2,23,5.92559900285206e-06,0.00779822320536773,6.28195536627487e-05,0.000382327375412233,3.0924237755728e-06,2
2,24,5.92357009796425e-06,0.0077974127586644,6.09584450663174e-05,0.000379241505717016,3.00641225191939e-06,2
2,25,5.92154884266981e-06,0.00779686096094717,5.90912617598112e-05,0.000376288893185187,2.92735293753151e-06,2
2,26,5.91953648658448e-06,0.00779655351776337,5.72166182818454e-05,0.000373494020249274,2.85146557156982e-06,2
2,27,5.91753647132737e-06,0.00779647942548581,5.54127144331146e-05,0.000370836683186915,2.77756829028028e-06,2
2,28,5.9155492207341e-06,0.00779662828296843,5.36920460118412e-05,0.000368308862412728,2.70439856455938e-06,2
2,29,5.91357823383818e-06,0.0077969906257628,5.22060523165802e-05,0.000365865204844074,2.63130947372354e-06,2
2,30,5.91162333552941e-06,0.00779755579552105,5.10333301051069e-05,0.000363518112175666,2.55954572333023e-06,2
2,31,5.90966507663346e-06,0.00779829652833998,4.92679073532675e-05,0.000361092459307238,6.76463919049835e-06,1
2,32,5.90774188537772e-06,0.00779923131899025,4.90597848429662e-05,0.000359102856001553,2.28380579716053e-06,2
2,33,5.90584222844208e-06,0.007800335752035,4.74478789067454e-05,0.000356843842016806,5.64326349551981e-06,1
2,34,5.9039268023316e-06,0.00780158413797697,4.75031527898966e-05,0.000354821828594569,6.51908284920508e-06,1
2,35,5.90204130908162e-06,0.0078030184257046,4.64381583341797e-05,0.000353013205913748,2.32622482087659e-06,2
2,36,5.90016886193978e-06,0.00780460160568203,4.55106041752482e-05,0.000351032804808161,4.80477342704823e-06,1
2,37,5.89828805122336e-06,0.0078063014878482,4.52181146926134e-05,0.000349206566079984,5.41595591719598e-06,1
2,38,5.89643031731964e-06,0.00780814793312944,4.51952014674421e-05,0.000347473788125849,2.01995502549304e-06,2
2,39,5.89458776637203e-06,0.00781012099217788,4.45415793620441e-05,0.0003456066582938,4.81613155717975e-06,1
2,40,5.89272634528104e-06,0.00781218824998808,4.48080420925719e-05,0.000343817023222776,5.76561877621828e-06,1
2,41,5.89089314269216e-06,0.00781437444635204,4.4862392141646e-05,0.000342191274383916,2.12679167404357e-06,2
2,42,5.88908870948598e-06,0.00781667520071344,4.53346715172364e-05,0.000340278941195652,5.21104180212351e-06,1
2,43,5.88729452046255e-06,0.00781905420912605,4.81578707683175e-05,0.000338468188256604,1.90203204381061e-06,2
2,44,5.88550706906957e-06,0.007821540247268,5.04025804668885e-05,0.000336546201857136,4.66303430319745e-06,1
2,45,5.88375230627622e-06,0.00782411090669789,5.15405393359729e-05,0.000334885247445856,5.84849182013608e-06,1
2,46,5.88196978303565e-06,0.00782675747774647,5.12852605984262e-05,0.000333484129409784,2.15342213523021e-06,2
2,47,5.88016767617689e-06,0.00782949313836497,5.02609171272508e-05,0.000331893431122567,5.61644876898483e-06,1
2,48,5.8783892195741e-06,0.00783228662558299,4.98131330550684e-05,0.000330515331171051,1.96369428040724e-06,2
2,49,5.87662353502195e-06,0.00783516343021634,4.89014834164878e-05,0.00032890447741328,5.38021367761324e-06,1
2,50,5.87485025126096e-06,0.00783808209779375,4.86428098504954e-05,0.000327550339175524,1.87685981085103e-06,2
2,51,5.8730740192947e-06,0.00784107084492638,4.78167088761912e-05,0.00032602021445579,4.86824918778542e-06,1
2,52,5.87133952301176e-06,0.00784411157952145,4.77296588996997e-05,0.000324525937724452,6.58339584072425e-06,1
2,53,5.86959242096039e-06,0.00784719992869273,4.69290395512472e-05,0.000323273122577487,2.39069536390392e-06,2
2,54,5.86783299330142e-06,0.00785034532677766,4.61546287587785e-05,0.000321766878017009,6.27025934899689e-06,1
2,55,5.86610662865932e-06,0.00785352874154911,4.57755661602361e-05,0.000320536978308139,1.90462523152294e-06,2
2,56,5.86440462548267e-06,0.00785677162059202,4.51534838010133e-05,0.000319056845016521,5.47739946364621e-06,1
2,57,5.86269408861372e-06,0.00786004493185417,4.49433211511182e-05,0.000317811330207452,1.85803897489323e-06,2
2,58,5.8609792320723e-06,0.00786337288493455,4.42836746134022e-05,0.000316397114514916,4.98519521427809e-06,1
2,59,5.85928985229061e-06,0.00786673661815841,4.4061280847391e-05,0.000315192809647897,1.64270656716782e-06,2
2,60,5.85762004945278e-06,0.00787016164986946,4.34310304029523e-05,0.000313817213513468,4.86662347576843e-06,1
2,61,5.85594783902756e-06,0.00787361111965071,4.33437288082031e-05,0.000312642307340955,1.58932094241152e-06,2
2,62,5.85427495597503e-06,0.00787711943183897,4.26981497948066e-05,0.000311325245894398,4.58549191734782e-06,1
2,63,5.85263552706318e-06,0.00788066188200572,4.31068561012603e-05,0.000310013584066208,6.22107309157746e-06,1
2,64,5.8509889214696e-06,0.00788423747144634,4.23376117622424e-05,0.0003089279938327,2.18167662359545e-06,2
2,65,5.84935015120309e-06,0.00788787879927316,4.19509451629414e-05,0.000307570391920691,6.01234109469926e-06,1
2,66,5.84772701545123e-06,0.00789152505840378,4.18262442710111e-05,0.000306521529261059,1.69937713241697e-06,2
2,67,5.84611210696196e-06,0.00789523191980017,4.14293628928406e-05,0.000305269976090035,4.09137167779529e-06,1
2,68,5.84449691191868e-06,0.00789896498468743,4.1859581069865e-05,0.000304021679063487,5.82377622309715e-06,1
2,69,5.84290186816794e-06,0.007902718008173,4.1364311786908e-05,0.000303065509255005,1.86679153058778e-06,2
2,70,5.84132301082147e-06,0.00790653563601027,4.08795379876595e-05,0.000301865714651948,5.982337140805e-06,1
2,71,5.83975614857545e-06,0.00791034737280151,4.15099816437884e-05,0.000300927653386449,1.66485894916857e-06,2
2,72,5.83819469408208e-06,0.00791421502960208,4.22082841862521e-05,0.00029970984534764,5.23789191355535e-06,1
2,73,5.83665742438571e-06,0.00791808584948928,4.36118845411114e-05,0.000298729843779673,1.49730906565435e-06,2
2,74,5.83510922971907e-06,0.00792201540074135,4.22168499113683e-05,0.000297765285702731,4.66223231075768e-06,1
2,75,5.83353963992342e-06,0.0079259465490598,4.20336975069808e-05,0.000296827648762864,6.50907014291295e-06,1
2,76,5.83198718305896e-06,0.0079298951829191,4.05158944938134e-05,0.000296095650913237,2.57582256240387e-06,2
2,77,5.83044920746297e-06,0.00793390274459447,3.97253745983777e-05,0.000295058365973967,6.4924086000778e-06,1
2,78,5.82889746037839e-06,0.00793788257826443,3.93678421238071e-05,0.000294328356945518,2.087710083235e-06,2
2,79,5.82734483311423e-06,0.00794191306064746,3.95433711958058e-05,0.000293195646283243,5.31683570106237e-06,1
2,80,5.82584196428943e-06,0.00794593550191619,4.19803058690073e-05,0.000292090358781005,1.8141211338702e-06,2
2,81,5.82437591309204e-06,0.00795001145880949,4.50501603619553e-05,0.000290623694593256,6.14240547418494e-06,1
2,82,5.82291058527115e-06,0.00795406063627573,4.79385002612754e-05,0.000289534752617807,1.73273169820829e-06,2
2,83,5.8214327165813e-06,0.00795815241893031,4.89616508433003e-05,0.00028828982047577,5.48784990231692e-06,1
2,84,5.81996448000636e-06,0.00796222615244907,4.89457916383308e-05,0.000287453645450254,1.55363491958769e-06,2
2,85,5.81849173209485e-06,0.00796634323431182,4.77338550930876e-05,0.000286379014948107,4.95433004913475e-06,1
2,86,5.81699196066805e-06,0.00797044190563196,4.76988611786653e-05,0.000285292092165927,6.89402775962448e-06,1
2,87,5.81550476751986e-06,0.00797454664164426,4.57183047520683e-05,0.000284491357667447,2.69431713851146e-06,2
2,88,5.81401305588226e-06,0.00797866983234631,4.42029328819143e-05,0.000283592108580232,1.59294322781132e-06,2
2,89,5.81252431907748e-06,0.00798283551715296,4.23257651150362e-05,0.000282543151210095,5.53002759040331e-06,1
2,90,5.81103039564386e-06,0.00798696154083659,4.1109031040859e-05,0.000281737995046233,1.4983761416923e-06,2
2,91,5.80953532783955e-06,0.00799113508592727,3.93733866999296e-05,0.000280714844175319,4.87381062683089e-06,1
2,92,5.80807517201149e-06,0.00799529171708078,3.86558748803907e-05,0.000279895690877445,1.2915510197508e-06,2
2,93,5.80662698140483e-06,0.00799949791692537,3.74424553106881e-05,0.00027885983545651,4.43608555576587e-06,1
2,94,5.80517926259711e-06,0.00800368882827253,3.81062154769954e-05,0.00027782692296886,6.14757448789119e-06,1
2,95,5.8037614635895e-06,0.00800788577960661,3.65970225847694e-05,0.000277018987903164,2.42675288060806e-06,2
2,96,5.80237034588684e-06,0.00801213705584734,3.60716552894397e-05,0.000275957828954279,6.00632994814103e-06,1
2,97,5.80097605449754e-06,0.00801634568873097,3.5904653831397e-05,0.000275166436238995,1.83151562233164e-06,2
2,98,5.79957677981719e-06,0.00802059982131619,3.54685863258451e-05,0.00027411876196182,4.79043514422005e-06,1
2,99,5.79821901844803e-06,0.00802484990095838,3.63906992101788e-05,0.000273064955401117,6.5479859918971e-06,1
2,100,5.79685806324201e-06,0.00802909067718346,3.57529884448886e-05,0.000272344272552201,2.36082501240129e-06,2
2,101,5.79550529688435e-06,0.00803334974262491,3.57300539952781e-05,0.00027147680194438,1.44178339124464e-06,2
2,102,5.79415351690084e-06,0.00803764916870407,3.57405274501586e-05,0.000270483969173127,5.10504483743534e-06,1
2,103,5.79282531692084e-06,0.00804190404834728,3.64518405201206e-05,0.00026973563651466,1.20681308079649e-06,2
2,104,5.79149428693584e-06,0.00804619455663642,3.63200628225438e-05,0.000268814378683735,4.34767123986406e-06,1
2,105,5.79016189035164e-06,0.00805047027089648,3.78642738630268e-05,0.000267918253029215,6.02251205447451e-06,1
2,106,5.78884101437555e-06,0.00805474170506298,3.69619653989804e-05,0.000267287671677626,2.32930853967363e-06,2
2,107,5.78753368597654e-06,0.00805905780879018,3.68788909778614e-05,0.000266418320196199,5.60857035650267e-06,1
2,108,5.78622047450622e-06,0.00806332495897995,3.72106426762607e-05,0.000265823685207134,1.70774551968185e-06,2
2,109,5.78489405406682e-06,0.00806763113022387,3.68741729676003e-05,0.00026503909652257,4.55255118367201e-06,1
2,110,5.78359995898462e-06,0.00807192519801162,3.7706892894571e-05,0.000264298453125289,5.74781400115402e-06,1
2,111,5.78230253900525e-06,0.00807621139748236,3.72027952887313e-05,0.000263788088722492,2.18272525552763e-06,2
2,112,5.78101044290917e-06,0.00808051058871093,3.69960029455141e-05,0.000263180664212355,1.39762187875202e-06,2
2,113,5.77971409028467e-06,0.00808485195326831,3.6400731197686e-05,0.000262448304648301,5.26840591356308e-06,1
2,114,5.7784409352079e-06,0.00808913875889421,3.68088590540946e-05,0.000261962512548735,1.22275333513191e-06,2
2,115,5.77716212116739e-06,0.00809346656242902,3.62803524820592e-05,0.000261245112701744,4.52711265763545e-06,1
2,116,5.77588465063193e-06,0.00809777208097182,3.76700626403802e-05,0.000260549157454511,5.93035339478661e-06,1
2,117,5.77462846533971e-06,0.00810207199361502,3.72631147384407e-05,0.000259920262485901,2.2965884670472e-06,2
2,118,5.77340595138894e-06,0.00810642000390124,3.97613873490049e-05,0.000258777626487746,5.4947046654978e-06,1
2,119,5.77221307904997e-06,0.00811070250308825,4.45001572978332e-05,0.000257613580116678,1.63742278373258e-06,2
2,120,5.77101327702112e-06,0.00811502158400379,4.77245309579108e-05,0.000256342371332006,4.50522931086486e-06,1
2,121,5.76984036643391e-06,0.00811931205256967,5.02710508776369e-05,0.000255279787504627,5.38221048922776e-06,1
2,122,5.76865370006852e-06,0.00812358470603614,5.06912168120957e-05,0.000254491828114566,2.07645030937656e-06,2
2,123,5.76744921647828e-06,0.00812790236722657,5.00438294426786e-05,0.000253443532279434,6.67432489769418e-06,1
2,124,5.76626487999283e-06,0.0081321567095487,5.01586139553079e-05,0.000252720274174921,1.8369885437572e-06,2
2,125,5.76506932857326e-06,0.00813645040716014,5.03022551579482e-05,0.000251326080901414,5.04071320942756e-06,1
2,126,5.76386361514346e-06,0.00814071571194531,5.11990352471996e-05,0.000250167198240999,6.4448523304404e-06,1
2,127,5.76265631024136e-06,0.00814496415506298,4.87313111824746e-05,0.000249551803107456,2.90225216573189e-06,2
2,128,5.76144563338091e-06,0.00814922633111415,4.6812006530861e-05,0.00024882025648027,1.74912263348192e-06,2
2,129,5.76023428395832e-06,0.00815352936393163,4.48523817074671e-05,0.000247866653720651,5.97651900157954e-06,1
2,130,5.75902421484892e-06,0.00815775846288602,4.38244966017e-05,0.000247238309104773,1.59693451905206e-06,2
2,131,5.75780254793266e-06,0.00816202967661174,4.20466748234654e-05,0.000246297196301656,5.26902067109792e-06,1
2,132,5.75661887404363e-06,0.00816626168447126,4.14383907150903e-05,0.000245650414796496,1.38761366813166e-06,2
2,133,5.75543309833375e-06,0.00817053204405698,3.99328843734382e-05,0.000244711849229597,4.95426076279396e-06,1
2,134,5.75424831403404e-06,0.00817476022403418,4.06033761599646e-05,0.000243832644774163,6.46110982263251e-06,1
2,135,5.75309510752625e-06,0.0081789869041192,3.88902124528579e-05,0.000243222411545857,2.65642799948676e-06,2
2,136,5.75196786339379e-06,0.00818325594280641,3.83966086202186e-05,0.000242269708176457,6.47000064129282e-06,1
2,137,5.75085289600063e-06,0.0081874597343665,3.85917901783157e-05,0.00024166036486925,1.94512025521947e-06,2
2,138,5.74973350665541e-06,0.00819169559519085,3.83410702658339e-05,0.000240726015662741,5.1707579293563e-06,1
2,139,5.74866021655117e-06,0.00819590867745445,3.97121630200512e-05,0.000239785637033096,6.74236633321918e-06,1
2,140,5.74758778282531e-06,0.00820010903963476,3.95985449755933e-05,0.000239203382797509,2.44741451211217e-06,2
2,141,5.74652367566626e-06,0.00820431176146529,3.99468768492532e-05,0.000238430992527603,1.61146930816591e-06,2
2,142,5.74545707313975e-06,0.00820854284885355,4.01925486559973e-05,0.000237418188981357,5.83022232155283e-06,1
2,143,5.74442049547869e-06,0.00821271439345925,4.13528366456793e-05,0.000236775417752055,1.36746020702784e-06,2
2,144,5.74336653809483e-06,0.00821690464923702,4.14173992852456e-05,0.000235824872120309,4.95383177740531e-06,1
2,145,5.74232445179566e-06,0.00822106671874593,4.34628664514905e-05,0.000234910570833684,6.42362296497459e-06,1
2,146,5.74130873716633e-06,0.00822522373468192,4.32631388034026e-05,0.000234281877386118,2.52530431893138e-06,2
2,147,5.74030356047558e-06,0.00822940695605028,4.37419027720318e-05,0.000233302067494545,6.17422603370407e-06,1
2,148,5.73930788207106e-06,0.00823353170230783,4.49328740149983e-05,0.000232694306870947,1.84834377892864e-06,2
2,149,5.73828818325509e-06,0.00823767381745597,4.52397881731018e-05,0.000231780186325162,5.06480579398616e-06,1
2,150,5.73730618362998e-06,0.00824179145057478,4.67813570530574e-05,0.000230968764956074,5.92476209580995e-06,1
2,151,5.73632996595118e-06,0.00824589900698247,4.72246200320527e-05,0.000230454525333587,2.30859640723284e-06,2
2,152,5.73536023830579e-06,0.00825000015435733,4.79080349311096e-05,0.000229821286982302,1.62707691487609e-06,2
2,153,5.73437876517395e-06,0.0082541226353095,4.80028577600895e-05,0.000228947986287144,6.27021912736476e-06,1
2,154,5.73343997572623e-06,0.00825818392666903,4.93066325800477e-05,0.000228530341089355,1.52114332135794e-06,2
2,155,5.73247757867131e-06,0.00826226063998611,4.93736249355517e-05,0.00022773715933328,5.31939534066943e-06,1
2,156,5.73153020151668e-06,0.00826630255441746,5.12096534493596e-05,0.000227078823588341,6.29511205058664e-06,1
2,157,5.73060369068465e-06,0.00827033620536583,5.11421060128236e-05,0.000226684496723327,2.54677224856115e-06,2
2,158,5.72968257979811e-06,0.00827439192957185,5.15803376410908e-05,0.000225885531753351,6.21937734194699e-06,1
2,159,5.72878148927509e-06,0.00827837841384696,5.28635222439458e-05,0.000225444912120991,1.86744182190416e-06,2
2,160,5.72785885464583e-06,0.00828237850386443,5.32791602842777e-05,0.000224601665547204,5.20021596023167e-06,1
2,161,5.72698923066772e-06,0.00828634500438678,5.52280617243974e-05,0.000223740709422807,5.5676622541669e-06,1
2,162,5.72615197470876e-06,0.00829029293023896,5.73831266223487e-05,0.000222896263084943,2.1435803549733e-06,2
2,163,5.72534991469967e-06,0.00829422463796388,6.04333990016446e-05,0.000221740534221617,1.7716798926826e-06,2
2,164,5.72457682855886e-06,0.00829813575084281,6.37114447639198e-05,0.000220513070231793,1.83940074422817e-06,2
2,165,5.72381997017309e-06,0.00830202268479246,6.60508275585303e-05,0.000219397587736126,1.94376448337027e-06,2
2,166,5.72308255672456e-06,0.00830588419712305,6.80864969153676e-05,0.000218332313969207,2.0467989990121e-06,2
2,167,5.7223659663483e-06,0.00830971779334438,6.97819362167782e-05,0.000217288422318819,2.10900657496035e-06,2
2,168,5.72166928396355e-06,0.00831352085930073,7.14473052571499e-05,0.000216191975584921,2.12069295371688e-06,2
2,169,5.72100551480456e-06,0.00831729022099574,7.37654366805012e-05,0.000214952426420418,2.0975093862861e-06,2
2,170,5.72035519114063e-06,0.00832102014344754,7.61610067071663e-05,0.000213749494109381,2.04644985265218e-06,2
2,171,5.71971580579274e-06,0.00832470850735735,7.88887635491872e-05,0.000212524093929729,1.9991059240727e-06,2
2,172,5.71910820975429e-06,0.00832835352148985,8.20995954070266e-05,0.000211212428365054,1.95342545385181e-06,2
2,173,5.71854264404347e-06,0.00833195167676765,8.58280325851482e-05,0.000209816763632993,1.87807410571888e-06,2
2,174,5.71800135478933e-06,0.00833549727049378,8.99752419973477e-05,0.000208353871548441,1.76486875912472e-06,2
2,175,5.7174709525124e-06,0.00833898508756021,9.44202129896423e-05,0.000206828990505669,1.65477219323609e-06,2
2,176,5.71693787072652e-06,0.00834241180999574,9.90449070534097e-05,0.000205276434672775,1.58220232601695e-06,2
2,177,5.71639972419052e-06,0.00834577608087716,0.000103711605514094,0.000203690295156459,1.55810898868084e-06,2
2,178,5.71585597798964e-06,0.00834907746439226,0.000108333977347736,0.000202079915475845,1.56601990018072e-06,2
2,179,5.71530383428072e-06,0.00835231637097941,0.000112805120165607,0.000200456903879346,1.59171925190524e-06,2
2,180,5.71474298607712e-06,0.00835549364340563,0.000117095124434811,0.000198809812702234,1.62799391861635e-06,2
2,181,5.71417538552904e-06,0.00835861027167709,0.00012119067434577,0.000197144010918622,1.67013395416169e-06,2
2,182,5.71359929305262e-06,0.00836166795478775,0.000125057066112551,0.000195491901353643,1.71511472265645e-06,2
2,183,5.71301298161501e-06,0.00836466880380841,0.000128648865681207,0.000193865645408716,1.76012397875566e-06,2
2,184,5.71241663171613e-06,0.00836761506764711,0.000131957455368414,0.00019225962169538,1.80387426850642e-06,2
2,185,5.71181237310204e-06,0.0083705094123328,0.000134996155823735,0.000190669126273802,1.84635348005238e-06,2
2,186,5.71119780275594e-06,0.00837335444638229,0.000137717138518291,0.00018912052497611,1.88806176764356e-06,2
2,187,5.71057396811769e-06,0.00837615275496272,0.000140112669800995,0.000187612356156687,1.92879250457165e-06,2
2,188,5.7099401024399e-06,0.00837890726824717,0.000142156812456652,0.000186160404322829,1.96670099743912e-06,2
2,189,5.70929680711537e-06,0.00838162092341109,0.000143834708369128,0.00018476675295566,2.00216598696814e-06,2
2,190,5.7086470516035e-06,0.00838429599177383,0.000145155876139423,0.000183434824584167,2.03580048282148e-06,2
2,191,5.70799280246371e-06,0.00838693543695982,0.000146147991646758,0.000182148556738557,2.06584643785921e-06,2
2,192,5.70734291132028e-06,0.00838954123426945,0.000146886185578304,0.000180741718949358,2.09113184466115e-06,2
2,193,5.70669046881864e-06,0.00839211526979746,0.000147594908216006,0.000179261497809834,2.11307408781374e-06,2
2,194,5.70601680770143e-06,0.0083946593030621,0.00014749169771902,0.000178140156467647,2.13282974782092e-06,2
2,195,5.70532725367953e-06,0.00839717475521238,0.00014703614671894,0.00017715850043735,2.15449956222077e-06,2
2,196,5.70462420856064e-06,0.00839966327270546,0.000146359948784828,0.000176237341379995,2.17725273068249e-06,2
2,197,5.70390790504248e-06,0.00840212648804703,0.0001454369475031,0.000175385816208524,2.19874001330125e-06,2
2,198,5.70317773480682e-06,0.00840456639653439,0.000144251249394997,0.000174621373896345,2.2179965327012e-06,2
2,199,5.70243373553095e-06,0.00840698477899299,0.000142801297572964,0.000173934129110568,2.23461676881761e-06,2
2,200,5.70167531997356e-06,0.00840938373468313,0.000141083228165234,0.000173325518509055,2.24920375728002e-06,2
3,1,5.70260087917128e-06,0.00839554804135373,0.00105236407992298,0.000305835006183072,2.63310365192728e-06,5
3,2,5.70295638478365e-06,0.00838630453761761,0.000601981013647709,0.000257139122554204,5.10925193529314e-06,4
3,3,5.70284050209611e-06,0.00837875862199507,0.000405486196723778,0.00024847971425877,2.81466164753845e-06,4
3,4,5.70242192305251e-06,0.00837233373377877,0.000291234204755416,0.00024195047279157,5.85171743822115e-06,3
3,5,5.70186667182389e-06,0.00836675547505308,0.000225808377532228,0.000236433476797433,4.02992521887815e-06,3
3,6,5.70126907901288e-06,0.00836177053026174,0.000187939771022453,0.000230891680767362,2.95000631746774e-06,3
3,7,5.70066918618076e-06,0.00835717363942112,0.00016527667156766,0.00022611079179358,2.13051219487925e-06,3
3,8,5.70006080362753e-06,0.00835285570499782,0.000149964464835568,0.00022173344175482,5.51749123840561e-06,2
3,9,5.69948561874118e-06,0.00834870440255518,0.000138192124812403,0.000218727249510701,3.9350179382698e-06,2
3,10,5.69894929853084e-06,0.00834466548285322,0.000128399209139918,0.000215953071695112,3.15950411150347e-06,2
3,11,5.69846147705501e-06,0.00834072671706126,0.000119661086323944,0.000213401045942941,2.72010306468115e-06,2
3,12,5.69803469595376e-06,0.00833688345216606,0.000111618369354395,0.000211052980668208,2.48265541621991e-06,2
3,13,5.69767208158039e-06,0.00833312975171861,0.000104226564227481,0.000208929817591592,2.32940391143169e-06,2
3,14,5.69736881510762e-06,0.00832946147152846,9.74399861853326e-05,0.000206981174610637,2.21192218866257e-06,2
3,15,5.6971119958616e-06,0.00832587233125883,9.11849099400994e-05,0.000205206433144688,2.09972553599542e-06,2
3,16,5.69688709031335e-06,0.00832235447440786,8.54576785320649e-05,0.000203512201442304,1.98482959930363e-06,2
3,17,5.69667314849931e-06,0.00831894650147491,7.9886279876265e-05,0.000201402832347438,6.73767394712185e-06,1
3,18,5.69650011004083e-06,0.00831553500476591,7.59206788190172e-05,0.000200239613082802,1.54731606434861e-06,2
3,19,5.69631291558535e-06,0.00831220860304601,7.16781093403469e-05,0.000198301840849438,5.2325480589301e-06,1
3,20,5.69618127943668e-06,0.00830891757806015,6.90413227673607e-05,0.000196785258248025,5.58170199129051e-06,1
3,21,5.69605584859475e-06,0.00830565226117677,6.63412355563224e-05,0.000195524732013273,1.88327792283165e-06,2
3,22,5.69593393441266e-06,0.00830243830431497,6.43529319265544e-05,0.000193790916690627,4.94965583379861e-06,1
3,23,5.69588035193725e-06,0.00829926602803726,6.36207133264781e-05,0.000192271221451267,5.17148842641458e-06,1
3,24,5.69583840574125e-06,0.00829610352686588,6.3322517672844e-05,0.000190958925408803,1.5289440299685e-06,2
3,25,5.6958025102984e-06,0.00829297997173266,6.32026413348438e-05,0.000189150106096778,5.49157686563166e-06,1
3,26,5.69583756570552e-06,0.00828989409004934,6.44159571684347e-05,0.00018748754302099,6.39349499393904e-06,1
3,27,5.69585739578668e-06,0.00828681572858892,6.52612583566093e-05,0.00018625461947813,2.14489039438048e-06,2
3,28,5.69585840197644e-06,0.00828376253884011,6.62309728628771e-05,0.00018432481973232,6.90801768327282e-06,1
3,29,5.69589990214144e-06,0.00828073489222096,6.76618960443913e-05,0.000183187833795651,1.68441067997859e-06,2
3,30,5.6959481801207e-06,0.00827773409909572,6.8820825658858e-05,0.000181461575878998,4.57597786337777e-06,1
3,31,5.69599302363403e-06,0.00827474381007112,7.01496867865595e-05,0.000180190442008437,1.41204955802044e-06,2
3,32,5.69602859809913e-06,0.00827176719199569,7.10726092990496e-05,0.000178447213308345,5.52885686118044e-06,1
3,33,5.69609983765735e-06,0.00826882325156662,7.24809937003092e-05,0.000177246644349791,1.2959924912335e-06,2
3,34,5.69617809596147e-06,0.00826589757153798,7.34500054771641e-05,0.000175586690248462,4.23162767805752e-06,1
3,35,5.69624589277299e-06,0.00826298543405351,7.48783710214237e-05,0.000174023073847814,5.62617791117755e-06,1
3,36,5.69633163721328e-06,0.00826011442612892,7.56138400562666e-05,0.000172930483383553,1.68061939950297e-06,2
3,37,5.69641047104579e-06,0.0082572690220615,7.63538462152178e-05,0.000171148680999767,5.40034986467744e-06,1
3,38,5.69649671398557e-06,0.00825444658307344,7.72335859179874e-05,0.000170144944451986,1.30707470863104e-06,2
3,39,5.69657622540185e-06,0.00825164177895289,7.73570417155183e-05,0.000168609473878457,4.65763892553759e-06,1
3,40,5.69666624391832e-06,0.0082488667196593,7.81089552264498e-05,0.000167415693123949,4.42351377203871e-06,1
3,41,5.69674881405712e-06,0.00824613389080571,7.79953994399157e-05,0.000166451365051737,2.08407424748896e-06,2
3,42,5.69682146700847e-06,0.00824342887781278,7.78243378087046e-05,0.000165387305452257,1.42094976854364e-06,2
3,43,5.69687520323377e-06,0.00824075436515841,7.71860140214365e-05,0.000163990520431124,5.99647035921859e-06,1
3,44,5.6969489983886e-06,0.00823810974126012,7.70853753100168e-05,0.000163346900307755,1.18407950951665e-06,2
3,45,5.6970162877089e-06,0.00823549771413592,7.61693183832305e-05,0.000162046874783419,4.98586445686751e-06,1
3,46,5.69706854238749e-06,0.0082329136306935,7.61658228121511e-05,0.00016094588752222,6.64223131227331e-06,1
3,47,5.69712319971041e-06,0.00823036989028216,7.45293530316364e-05,0.000160453955424285,2.30254550851588e-06,2
3,48,5.69715471017313e-06,0.00822785830028029,7.32902485499573e-05,0.000159463082517201,4.76684325828055e-06,1
3,49,5.69719595217102e-06,0.00822537365349181,7.23049758693328e-05,0.000158919412959596,1.42625492718476e-06,2
3,50,5.69723265073511e-06,0.00822292425203205,7.07419043767902e-05,0.000157890173685761,4.32626690229288e-06,1
3,51,5.69725669407089e-06,0.00822048890833691,6.97962399250946e-05,0.000157202705946847,4.09954945431928e-06,1
3,52,5.69728163201154e-06,0.00821809813082906,6.80676671182167e-05,0.000156694294999013,1.68025189268498e-06,2
3,53,5.69729069719898e-06,0.00821574638576501,6.6079708015299e-05,0.000155521805002666,6.6670310651963e-06,1
3,54,5.6973020116146e-06,0.0082134048750769,6.48210280123863e-05,0.00015539397392331,1.58029321770776e-06,2
3,55,5.69731436001939e-06,0.00821110172312397,6.25613789362407e-05,0.000154271730574548,5.75814575187556e-06,1
3,56,5.69731465366527e-06,0.00820881486722304,6.12739741369646e-05,0.000154123717685029,1.42557239543893e-06,2
3,57,5.69730992494293e-06,0.00820656283092898,5.87251609089029e-05,0.000153119489900728,5.42458345344862e-06,1
3,58,5.69731056071657e-06,0.00820433013120508,5.81027193400794e-05,0.000152430821855022,6.54043535793774e-06,1
3,59,5.69730214982582e-06,0.00820212965985708,5.47825401607816e-05,0.000152239563726743,3.01673129369118e-06,2
3,60,5.69728505761101e-06,0.00819995191218664,5.25760167692782e-05,0.000151849655559366,1.52354909348647e-06,2
3,61,5.69725575621969e-06,0.00819780478410718,5.00621918418426e-05,0.000150964264513731,5.97480144870377e-06,1
3,62,5.69724034278937e-06,0.00819567224646156,4.83682947954766e-05,0.000150849971444357,1.47109103496349e-06,2
3,63,5.6972305136744e-06,0.00819357483201411,4.55730557357561e-05,0.000149879361321531,5.7531373381375e-06,1
3,64,5.69720816678564e-06,0.00819148734130203,4.39969233195229e-05,0.000149823033814493,1.37221313930392e-06,2
3,65,5.69718617291803e-06,0.00818943587161268,4.10259630668103e-05,0.000148847533145616,5.61956687720406e-06,1
3,66,5.69716959619322e-06,0.00818739447285151,3.96765779588353e-05,0.000148747681715464,1.45503340379013e-06,2
3,67,5.69716275227936e-06,0.00818538463897635,3.67677665906542e-05,0.000147758275262666,5.60573700750392e-06,1
3,68,5.69714938077423e-06,0.00818338585121386,3.56788694843448e-05,0.000147674507990932,1.31602184858587e-06,2
3,69,5.69714063589578e-06,0.00818141914552822,3.29406086060667e-05,0.000146702471535643,5.38595156028497e-06,1
3,70,5.69713949857227e-06,0.00817946016276784,3.229268337008e-05,0.000146555724492228,1.38329154101203e-06,2
3,71,5.69715121907122e-06,0.00817752921559053,2.99556072714077e-05,0.000145571407700062,5.33823437831459e-06,1
3,72,5.69716395446414e-06,0.00817560996047369,2.97994670294263e-05,0.000145406496598463,1.25174834004611e-06,2
3,73,5.69718889797441e-06,0.0081737187307173,2.79579355755797e-05,0.000144447246646783,5.00826246333421e-06,1
3,74,5.69723617637769e-06,0.00817184019493917,3.01997316412773e-05,0.000143584448857455,6.91914663977877e-06,1
3,75,5.69729466523461e-06,0.00816998289668318,2.74255037427856e-05,0.000143401396033579,2.90926045229129e-06,2
3,76,5.6973417092464e-06,0.00816813356053419,2.74575971028045e-05,0.000142523142954523,6.24285814225999e-06,1
3,77,5.69742772227839e-06,0.00816630580939041,2.76827693056593e-05,0.000142334822274399,1.8492586832962e-06,2
3,78,5.69753083787326e-06,0.00816449626258154,2.78540377716407e-05,0.000141504282387714,4.44208067549517e-06,1
3,79,5.69761604780841e-06,0.0081626910304929,2.95647232888093e-05,0.000140562340797641,6.56342525392337e-06,1
3,80,5.69772595319317e-06,0.00816090226067738,2.95379435069797e-05,0.000140463288198457,2.19534369691503e-06,2
3,81,5.69784529196894e-06,0.0081591235333961,2.99939968415533e-05,0.00013935755541278,6.8480435431049e-06,1
3,82,5.69795384189297e-06,0.00815735144143578,3.13537362907283e-05,0.000139312074983539,1.75022696394676e-06,2
3,83,5.69806351964012e-06,0.00815559600986682,3.19153689457877e-05,0.000138364986814433,5.27047137425316e-06,1
3,84,5.69817369703314e-06,0.00815383950812436,3.33063239650382e-05,0.000138147514339817,1.77374282413999e-06,2
3,85,5.69829085055399e-06,0.0081520889205511,3.37948940107554e-05,0.000137232786989587,5.36419248103832e-06,1
3,86,5.6983942741091e-06,0.0081503484192193,3.51716347515875e-05,0.000137039687706514,1.44913122456624e-06,2
3,87,5.69848925885697e-06,0.00814861568977626,3.59059718419893e-05,0.000136097125328385,4.85348782042136e-06,1
3,88,5.69858449255465e-06,0.00814688453868709,3.71598804521516e-05,0.000135805310342008,1.49262672399828e-06,2
3,89,5.69867864234567e-06,0.0081451552592116,3.75193128349776e-05,0.000134954934769768,5.05852972356235e-06,1
3,90,5.69875608819817e-06,0.00814343381177461,3.85592840323885e-05,0.000134768338940072,1.30642124432401e-06,2
3,91,5.69882360293801e-06,0.00814171461208778,3.89837586989277e-05,0.000134058349630289,4.08214753138076e-06,1
3,92,5.69889667468385e-06,0.00814000380448522,4.06072620359795e-05,0.000133266264663738,6.34437542177423e-06,1
3,93,5.69895319890028e-06,0.00813829626025797,4.02340707775303e-05,0.000133166470858316,2.59119866828594e-06,2
3,94,5.69897248908154e-06,0.00813658071843787,4.07372450612177e-05,0.000132411616567255,5.99299218983081e-06,1
3,95,5.69901335559873e-06,0.0081348803067013,4.099484286107e-05,0.000132354810863882,1.9605931102129e-06,2
3,96,5.69904956158625e-06,0.0081331799913764,4.12149077192356e-05,0.000131680830740102,4.95262570068208e-06,1
3,97,5.69906684544258e-06,0.00813147875199245,4.13620725395146e-05,0.000131533539757632,1.73113501286514e-06,2
3,98,5.69905789452749e-06,0.00812977335855726,4.13073747922882e-05,0.000130870321692469,5.10990533633701e-06,1
3,99,5.69906202260503e-06,0.0081280790494597,4.13757141078242e-05,0.000130765275290073,1.57477854510323e-06,2
3,100,5.69906119937146e-06,0.00812638376189557,4.11318038343375e-05,0.000130151438320162,4.57092568878107e-06,1
3,101,5.69903574417684e-06,0.00812469442450361,4.17718354379238e-05,0.000129399912323553,6.6176260645474e-06,1
3,102,5.69901781003368e-06,0.00812300645414371,4.08521437670232e-05,0.000129565136872609,2.38585952329857e-06,2
3,103,5.69899386597573e-06,0.008121315853642,4.03492567896214e-05,0.000128750965769825,6.86765915352563e-06,1
3,104,5.69896142681508e-06,0.00811963045437543,4.00522585199241e-05,0.000128900792759835,1.837069326462e-06,2
3,105,5.69891708645089e-06,0.00811794591374683,3.9599945583755e-05,0.00012825769723692,5.01364955382171e-06,1
3,106,5.69887799161749e-06,0.00811626365689967,3.91765339648341e-05,0.000128182222404539,1.81663386503464e-06,2
3,107,5.69883936594552e-06,0.00811458259093214,3.84412113930537e-05,0.000127507019469009,5.37248460910631e-06,1
3,108,5.69879132769967e-06,0.00811290534973881,3.79282234442045e-05,0.000127498986270873,1.63606738847809e-06,2
3,109,5.69873056817643e-06,0.00811122698798526,3.71681491867917e-05,0.000126928286007238,4.67381147452359e-06,1
3,110,5.69869520077719e-06,0.00810955579064962,3.71369274399691e-05,0.000126498790290568,1.59838726001568e-06,2
3,111,5.69865941706613e-06,0.00810788660998383,3.70520120428641e-05,0.000125661638563508,4.70947835857476e-06,1
3,112,5.69859821357493e-06,0.00810622320570178,3.6819015238342e-05,0.000124955551699832,6.62048695732459e-06,1
3,113,5.6985419272159e-06,0.0081045610333139,3.47856121474148e-05,0.000125193278099919,2.5046810172236e-06,2
3,114,5.69847928541568e-06,0.00810290278448746,3.35126835263559e-05,0.000124459088360958,6.80739249082006e-06,1
3,115,5.69841328691981e-06,0.00810124513814759,3.24378484903071e-05,0.000124639118440153,1.94492452769569e-06,2
3,116,5.69833074717974e-06,0.00809959116107102,3.13644044160381e-05,0.000124022942883401,5.22110109579814e-06,1
3,117,5.69826258195523e-06,0.00809794096556898,3.02901934784672e-05,0.00012402684125193,1.85004613871156e-06,2
3,118,5.69819569196045e-06,0.0080962974534331,2.90454871878206e-05,0.000123413949801906,5.2935846161319e-06,1
3,119,5.69812275905848e-06,0.00809465310817641,2.79999332141404e-05,0.00012343374795377,1.71565474814735e-06,2
3,120,5.69803360905053e-06,0.00809301108004423,2.67854677751254e-05,0.000122893746583851,4.70631132334018e-06,1
3,121,5.69796158596399e-06,0.00809137661427865,2.56952688489019e-05,0.000122873387965921,1.62853645935424e-06,2
3,122,5.69789206759627e-06,0.00808974996299422,2.43907315058213e-05,0.000122352120868082,4.57368539430921e-06,1
3,123,5.69781657531797e-06,0.00808812219083384,2.33066916214924e-05,0.00012231680576326,1.53796391920909e-06,2
3,124,5.69772649082018e-06,0.00808649794966233,2.20506941152568e-05,0.000121826793060236,4.28520143348715e-06,1
3,125,5.69765301291939e-06,0.00808488290558611,2.0994992069688e-05,0.000121768950238965,1.45177356525234e-06,2
3,126,5.69758284587149e-06,0.008083277109092,1.9708520235049e-05,0.000121301168239848,4.03772297010349e-06,1
3,127,5.69749388809027e-06,0.00808167313289998,1.98641682897902e-05,0.000120680771910396,6.1882726210798e-06,1
3,128,5.69742001971027e-06,0.00808007927490167,1.76598446651443e-05,0.000120868266462368,2.37447019295295e-06,2
3,129,5.69735790562664e-06,0.00807849551016165,1.66672284752947e-05,0.000120254622383793,5.88008952606822e-06,1
3,130,5.69728395173946e-06,0.0080769104795063,1.56563539013992e-05,0.000120337271110891,1.88041281445643e-06,2
3,131,5.69720048732593e-06,0.00807533342982342,1.48227034460099e-05,0.000119708947983678,5.31395691633887e-06,1
3,132,5.69713745224426e-06,0.00807376458864388,1.39344402500995e-05,0.000119748179674337,1.84594360310511e-06,2
3,133,5.69708739552919e-06,0.00807220808907327,1.29901362129014e-05,0.000119177762344394,4.86161802755756e-06,1
3,134,5.6970293416995e-06,0.00807065212016164,1.23626873952285e-05,0.000119186826767477,1.69037482572682e-06,2
3,135,5.69696307516008e-06,0.00806910381369824,1.15082175729264e-05,0.000118630880074718,4.9033499850189e-06,1
3,136,5.6969176576349e-06,0.0080675665295537,1.12773537839085e-05,0.000118629241918627,1.61594827920504e-06,2
3,137,5.6968856709196e-06,0.00806604154289421,1.07162879413358e-05,0.000118105644374731,4.31081987031088e-06,1
3,138,5.69683587753675e-06,0.00806452131817047,1.31904214921353e-05,0.000117391303264116,6.54718124970916e-06,1
3,139,5.6968132686712e-06,0.00806300948224814,1.05872581527503e-05,0.000117677824807464,2.44117425628155e-06,2
3,140,5.69682136006515e-06,0.00806151330668791,1.08671907860876e-05,0.000117041605631576,5.98899345094138e-06,1
3,141,5.696827744397e-06,0.00806001278159429,1.10234684481857e-05,0.000117144793221162,1.81734535950223e-06,2
3,142,5.69683110919458e-06,0.008058525358843,1.12495054582595e-05,0.000116528245756742,5.25410566658327e-06,1
3,143,5.69685956644245e-06,0.00805704340218022,1.16453132818495e-05,0.000116566577695229,1.78530152201078e-06,2
3,144,5.69690206010703e-06,0.00805557615785658,1.19961235404359e-05,0.000116023571139337,4.62501412625241e-06,1
3,145,5.69693088233752e-06,0.0080541085970586,1.24574695087888e-05,0.000116001347407789,1.62697300172042e-06,2
3,146,5.69694710959003e-06,0.00805265119288693,1.26623211954866e-05,0.00011544657731948,4.84279790019162e-06,1
3,147,5.69698249246556e-06,0.00805120242276525,1.33670775481676e-05,0.000115439067459883,1.54134943470101e-06,2
3,148,5.69702631577667e-06,0.00804976709184003,1.3684025710448e-05,0.00011494785766653,4.10379500402968e-06,1
3,149,5.69704072992441e-06,0.0080483364597029,1.60217187934763e-05,0.00011425611646573,6.3917368899382e-06,1
3,150,5.69707311130838e-06,0.00804691558686435,1.46271309512486e-05,0.000114548630947388,2.26974851335202e-06,2
3,151,5.69711784554008e-06,0.0080455080466069,1.5012535740111e-05,0.000113938884208317,5.673451573666e-06,1
3,152,5.69714020338424e-06,0.00804409944721908,1.53959856328652e-05,0.000114073655557046,1.68797111542636e-06,2
3,153,5.69715130639809e-06,0.00804270314656126,1.53950960503537e-05,0.000113494653571531,5.11561990564869e-06,1
3,154,5.69717635087409e-06,0.0080413134922039,1.58232467308713e-05,0.00011356771647587,1.70729455102456e-06,2
3,155,5.69721073089984e-06,0.00803993660403747,1.5815837241672e-05,0.000113054501533469,4.47591719379914e-06,1
3,156,5.69721293158122e-06,0.00803856972829804,1.79794547551117e-05,0.000112355171609369,6.7213064286148e-06,1
3,157,5.69723403214809e-06,0.00803720840362964,1.61837307218399e-05,0.000112725714546117,2.463237920778e-06,2
3,158,5.69726706068932e-06,0.00803586222908261,1.65558195217039e-05,0.000112081776929397,6.06400657666421e-06,1
3,159,5.69727995910588e-06,0.00803451458058951,1.67511574741458e-05,0.000112269567521366,1.79607568261862e-06,2
3,160,5.69728237106475e-06,0.00803318223231657,1.67300806995815e-05,0.000111670247888736,5.28366624722576e-06,1
3,161,5.69729939482833e-06,0.00803185219811394,1.6915660676151e-05,0.000111775377508094,1.74809719709754e-06,2
3,162,5.69732614307418e-06,0.00803053578947519,1.67397887580069e-05,0.000111270097534055,4.57206993781847e-06,1
3,163,5.69733743882834e-06,0.00802922235242579,1.68442717142229e-05,0.000111298526607243,1.53861791696108e-06,2
3,164,5.69733768883568e-06,0.00802792110704289,1.65382318199442e-05,0.000110758826221123,4.83075029058422e-06,1
3,165,5.69735514024534e-06,0.008026625193114,1.69115230220541e-05,0.000110778185573314,1.46959298312301e-06,2
3,166,5.69738207697263e-06,0.00802534190421657,1.68494576205645e-05,0.000110272472349475,4.10669452380911e-06,1
3,167,5.69738542881629e-06,0.00802406604460737,1.88414237667466e-05,0.00010959018803909,6.25332478341957e-06,1
3,168,5.69740690420692e-06,0.00802279648234136,1.72794977088641e-05,0.000109891096228592,2.15800096615526e-06,2
3,169,5.6974344501365e-06,0.00802153836490472,1.72934896385125e-05,0.000109274495610211,5.56948055897625e-06,1
3,170,5.69744836980793e-06,0.00802028066124172,1.71505935866682e-05,0.000109454898432084,1.61041183406447e-06,2
3,171,5.69745901527061e-06,0.00801903530742476,1.67168512254792e-05,0.0001089323770765,4.3678019613449e-06,1
3,172,5.69749005678506e-06,0.00801779723531629,1.85809325630576e-05,0.000108237333441502,6.44475148292643e-06,1
3,173,5.69750922154908e-06,0.00801656296874561,1.66234714714076e-05,0.000108552451499578,2.69079929129742e-06,2
3,174,5.69750853834327e-06,0.00801534446697894,1.65150000947614e-05,0.00010779547825897,6.87295715939399e-06,1
3,175,5.69753500642868e-06,0.00801412159380553,1.64923632013147e-05,0.000108093122369789,2.1128671413596e-06,2
3,176,5.69757431924097e-06,0.00801291343756326,1.65053343432676e-05,0.000107403713491143,5.50900282614845e-06,1
3,177,5.69759703494899e-06,0.00801170156243859,1.64991948751303e-05,0.00010757215197884,1.86495719915714e-06,2
3,178,5.69760523428945e-06,0.00801050071271743,1.60146138715483e-05,0.000106947068929824,5.55309670729306e-06,1
3,179,5.69763236456621e-06,0.00800930229366452,1.61815549609994e-05,0.000107090685405249,1.67480678906813e-06,2
3,180,5.69766787595282e-06,0.00800811645645627,1.56773106679365e-05,0.00010652878075973,4.72735775933742e-06,1
3,181,5.69768910460784e-06,0.00800692759435857,1.55834083607554e-05,0.000106621721082305,1.50176700769103e-06,2
3,182,5.69770048161671e-06,0.00800574836261691,1.49573168125732e-05,0.000106108605264921,4.63117110064117e-06,1
3,183,5.6977262127023e-06,0.00800457210277817,1.51819634616553e-05,0.000106142871960139,1.39550178272142e-06,2
3,184,5.69775848688308e-06,0.00800340706481058,1.47464266813466e-05,0.000105656619171261,4.08632188425398e-06,1
3,185,5.69776916449091e-06,0.00800224591851439,1.67594634044686e-05,0.000105016807969953,6.10913267455207e-06,1
3,186,5.69779506899099e-06,0.00800108778489953,1.47966971065634e-05,0.000105332176545305,2.10116934616884e-06,2
3,187,5.69781921809814e-06,0.00799994022424345,1.4731233965517e-05,0.000104733740010876,5.4673678061105e-06,1
3,188,5.69783550874708e-06,0.0079987900344046,1.46054681206333e-05,0.000104934785394259,1.55426118448227e-06,2
3,189,5.69784967989352e-06,0.00799765039669978,1.42593971229345e-05,0.000104479895293023,3.99340518288205e-06,1
3,190,5.69787338187683e-06,0.00799651496950957,1.60635177362207e-05,0.00010385537422375,5.97561547113584e-06,1
3,191,5.69788998398123e-06,0.00799538150157085,1.40156627609553e-05,0.000104201736339475,2.35788111368298e-06,2
3,192,5.69788660558214e-06,0.00799426061799998,1.37150804633673e-05,0.000103595901888888,6.0794167284747e-06,1
3,193,5.6979029693689e-06,0.00799313493608152,1.37478074678529e-05,0.000103838884334067,1.76003894095918e-06,2
3,194,5.69792660264975e-06,0.00799202194579478,1.3398648639266e-05,0.000103281636067261,4.93019538196955e-06,1
3,195,5.69793614542787e-06,0.00799090441322579,1.32663533325479e-05,0.000103426308672298,1.59124109602369e-06,2
3,196,5.6979369377133e-06,0.0079897949453728,1.27703563273329e-05,0.000102930170173164,4.68945078756203e-06,1
3,197,5.69795116666198e-06,0.00798868783235085,1.29914084736809e-05,0.000103000253022849,1.458727792703e-06,2
3,198,5.69797289402011e-06,0.00798759073562551,1.25892213009716e-05,0.000102533435610007,4.17517046303715e-06,1
3,199,5.69797440946257e-06,0.00798649591402625,1.47686554131748e-05,0.00010190227477872,6.19216976814017e-06,1
3,200,5.6979917285471e-06,0.00798540319265979,1.26276185090101e-05,0.000102279572416877,2.15756553344017e-06,2
4,1,5.70058258138446e-06,0.00797723281510348,0.000896745267014092,0.000240940462485701,2.27939908568681e-06,5
4,2,5.70223721531192e-06,0.007969748042887,0.000495521775684096,0.00020925833410985,4.27115516529324e-06,4
4,3,5.70330959375577e-06,0.00796266222513613,0.000317305993313874,0.000203301493076864,6.30675778561367e-06,3
4,4,5.70406118189944e-06,0.00795605148339702,0.000211288183103443,0.000201760254231762,3.83260750309385e-06,3
4,5,5.70468982917294e-06,0.00794987509709269,0.000147079232778012,0.000199442398191245,2.78596933520432e-06,3
4,6,5.70530452463382e-06,0.00794402018644084,0.000109257758478059,0.000196698177619656,2.10067133963622e-06,3
4,7,5.70593244239933e-06,0.00793840011584492,8.81356201179438e-05,0.000193631423464833,5.24093353280463e-06,2
4,8,5.70661530331517e-06,0.0079329453719717,7.75647702049778e-05,0.000191189154379049,3.38015000843839e-06,2
4,9,5.70731958489672e-06,0.00792761226268206,7.20075916960319e-05,0.000188854392927844,2.72872848752332e-06,2
4,10,5.7080229305224e-06,0.00792238008796515,6.86427991874372e-05,0.000186762471473678,2.20867434544927e-06,2
4,11,5.70871748161057e-06,0.00791723826886931,6.60824343828693e-05,0.000184877929692966,1.92314663626839e-06,2
4,12,5.70940022531536e-06,0.00791218020116548,6.39000612208828e-05,0.000183182538364715,1.8036181012887e-06,2
4,13,5.71007213899679e-06,0.00790720095297907,6.1997564497948e-05,0.000181641824299027,1.82977428448141e-06,2
4,14,5.71073829549934e-06,0.00790229588096634,6.03098250095585e-05,0.00018023600623422,1.82297700663913e-06,2
4,15,5.7114049327549e-06,0.00789746104734949,5.88856410171897e-05,0.00017893987486684,1.76923691118754e-06,2
4,16,5.71207595257601e-06,0.00789269313554002,5.77555987919972e-05,0.00017773297118285,1.70958132355809e-06,2
4,17,5.71275333689466e-06,0.00788798927345644,5.69182795048789e-05,0.000176594673075162,1.6524332198195e-06,2
4,18,5.71343675364484e-06,0.00788334664417359,5.63426069564007e-05,0.000175514447027962,1.60076638058486e-06,2
4,19,5.71412390348905e-06,0.00787876275293792,5.59542218159498e-05,0.0001744896328101,1.55614168153605e-06,2
4,20,5.71481014308039e-06,0.00787423496920918,5.567579616984e-05,0.000173512654291433,1.51808860413262e-06,2
4,21,5.71548817999342e-06,0.00786976099976485,5.53784508449281e-05,0.000172593950059755,1.4863763718677e-06,2
4,22,5.71615483667564e-06,0.00786533885367338,5.50313734327685e-05,0.000171723818098312,1.46032201660618e-06,2
4,23,5.71680899145504e-06,0.00786096677757456,5.45940278373046e-05,0.000170900684848979,1.43960142875354e-06,2
4,24,5.71745028843964e-06,0.00785664336616757,5.40287635687588e-05,0.000170126202626982,1.42372550387259e-06,2
4,25,5.71807721151764e-06,0.00785236733622048,5.33267700392378e-05,0.000169396861150102,1.41151800422313e-06,2
4,26,5.71868897955514e-06,0.00784813748660624,5.25048929931149e-05,0.000168703337146566,1.40259145692149e-06,2
4,27,5.7192841148371e-06,0.00784395275001941,5.15730257840991e-05,0.000168039710304883,1.39658007359852e-06,2
4,28,5.71986241532693e-06,0.00783981254425636,5.05571505919328e-05,0.000167401287868276,1.3931329690949e-06,2
4,29,5.72042514024511e-06,0.0078357166297383,4.95037017812602e-05,0.000166778550861393,1.39139222088143e-06,2
4,30,5.72097430558759e-06,0.00783166495194423,4.84539367445615e-05,0.000166165499743239,1.39098466061455e-06,2
4,31,5.72151237186246e-06,0.00782765749872084,4.74455798282277e-05,0.000165557894968631,1.39162476731015e-06,2
4,32,5.72204301662323e-06,0.00782369423159855,4.6514534226759e-05,0.000164953487700917,1.39287553859254e-06,2
4,33,5.72255775758636e-06,0.00781979576772582,4.5071964687218e-05,0.000164017287809286,6.89109851679191e-06,1
4,34,5.72308630281237e-06,0.00781591004680936,4.54730602201043e-05,0.000163777906293356,1.26107317114404e-06,2
4,35,5.72361635589125e-06,0.00781207626255959,4.45490339095302e-05,0.000163141407086823,1.47218461791282e-06,2
4,36,5.7241451709116e-06,0.0078082884281272,4.39211618459743e-05,0.000162546257057975,1.36193804572734e-06,2
4,37,5.72467390067481e-06,0.00780454445010997,4.3375695088257e-05,0.000161945250806049,1.40003866038185e-06,2
4,38,5.72520277943546e-06,0.00780084373984443,4.28881123661748e-05,0.000161354824934446,1.39856723404324e-06,2
4,39,5.72572112464528e-06,0.00779720341857959,4.1780045330292e-05,0.000160432117716085,6.84615052901543e-06,1
4,40,5.72625265754867e-06,0.00779357817647603,4.2507916964525e-05,0.000160242291474581,1.25574482569128e-06,2
4,41,5.72678667279408e-06,0.00779000134521684,4.16349214077822e-05,0.000159649872234151,1.48886161878922e-06,2
4,42,5.72732160756505e-06,0.00778646528179614,4.11100199831171e-05,0.00015902677274908,1.38517957566484e-06,2
4,43,5.72786293808489e-06,0.00778296718057324,4.14719828362414e-05,0.000158045808899049,1.41423110181485e-06,2
4,44,5.72839301628996e-06,0.00777950526377485,4.1059527266053e-05,0.0001573160334791,1.40658579974976e-06,2
4,45,5.72890302724787e-06,0.00777609156080716,3.91065273259595e-05,0.000156426321055792,6.75878038679065e-06,1
4,46,5.72942025936506e-06,0.00777269282015381,3.92070748742133e-05,0.000156279191054892,1.24383346036661e-06,2
4,47,5.7299392769083e-06,0.0077693343373325,3.76978763207893e-05,0.000155722290704592,1.49484917997169e-06,2
4,48,5.73045953208029e-06,0.00776600806757968,3.65183625925037e-05,0.000155210068522968,1.39219821785258e-06,2
4,49,5.73098174850155e-06,0.00776271210505776,3.54442491475194e-05,0.000154692624245997,1.41252459898392e-06,2
4,50,5.73149473162236e-06,0.00775945458500035,3.37211387357627e-05,0.000153832229914362,6.78635054204999e-06,1
4,51,5.73201543037578e-06,0.0077562120020337,3.42308796332071e-05,0.000153733089744147,1.24842348549885e-06,2
4,52,5.73253522096086e-06,0.0077530027931663,3.27893051037019e-05,0.000153229161715194,1.4729439163703e-06,2
4,53,5.73304778500589e-06,0.00774981889071213,3.16531577297723e-05,0.000152779592146829,1.36435742123306e-06,2
4,54,5.7335455929504e-06,0.00774666634118685,2.97823694674336e-05,0.000151961181398189,6.76120552972138e-06,1
4,55,5.73404183918738e-06,0.00774352736131297,3.04150845872055e-05,0.000151922388073008,1.20852600580195e-06,2
4,56,5.7345332863869e-06,0.00774041834371083,2.88242082216123e-05,0.000151468851987758,1.45204624163629e-06,2
4,57,5.7350136037351e-06,0.00773733114922392,2.75727453149548e-05,0.000151069216237114,1.31865938347338e-06,2
4,58,5.73547650674946e-06,0.00773427081042369,2.55313406267023e-05,0.000150321535866573,6.50364398780838e-06,1
4,59,5.73593633674458e-06,0.00773122393796889,2.61708665657516e-05,0.000150299505440205,1.15438561216749e-06,2
4,60,5.73639053671623e-06,0.00772820501571075,2.44020402330092e-05,0.00014988644291918,1.39282577151103e-06,2
4,61,5.73683439635007e-06,0.00772520584573442,2.30313329174785e-05,0.000149520215886248,1.24534103096589e-06,2
4,62,5.73726277260634e-06,0.00772223030304273,2.08230884867953e-05,0.000148828519915723,6.17714451963342e-06,1
4,63,5.73768994306382e-06,0.00771926901942789,2.16016043871561e-05,0.000148792686577939,1.0887812561185e-06,2
4,64,5.73811345457822e-06,0.00771633417402576,1.97806097128132e-05,0.000148393488973807,1.32221473276607e-06,2
4,65,5.73852461713415e-06,0.00771342334555495,1.73925384853469e-05,0.000147664168828914,6.58002110861795e-06,1
4,66,5.7389343419819e-06,0.00771052199229516,1.85967431328103e-05,0.000147666256058823,1.13772159692396e-06,2
4,67,5.73934717037589e-06,0.00770766059623879,1.53305482152321e-05,0.000146819452849742,6.87082935553716e-06,1
4,68,5.73975712010687e-06,0.00770479513763288,1.74374919866258e-05,0.000146889806737666,1.25031317144198e-06,2
4,69,5.74017735644232e-06,0.00770195878522877,1.56310247931985e-05,0.000146464526725126,1.3284190367366e-06,2
4,70,5.74059470002777e-06,0.00769914413614099,1.33422781740771e-05,0.000145687374504825,6.70923335681166e-06,1
4,71,5.74102464351216e-06,0.00769633963100978,1.55986460410801e-05,0.000145664665516077,1.13194915805832e-06,2
4,72,5.74146545730764e-06,0.00769357250993675,1.25955275770894e-05,0.000144790721566708,6.82554917940389e-06,1
4,73,5.74190382146168e-06,0.00769080044233535,1.54845863669705e-05,0.000144827220253194,1.20829594791418e-06,2
4,74,5.74235090317034e-06,0.00768806716615551,1.23700074281075e-05,0.000143938983231089,6.77580099118334e-06,1
4,75,5.74279846258186e-06,0.00768533105519432,1.55011634472741e-05,0.00014397358340013,1.32909435056739e-06,2
4,76,5.74325546713578e-06,0.00768263154615641,1.24563963410394e-05,0.000143075589030398,6.80624132878211e-06,1
4,77,5.74370585123687e-06,0.00767992852639289,1.55375150564581e-05,0.000143129281144359,1.32968486388466e-06,2
4,78,5.74416410966346e-06,0.00767726122636394,1.26326307781424e-05,0.000142266736550673,6.55951964194967e-06,1
4,79,5.74461500417693e-06,0.00767458951947109,1.55706467723102e-05,0.00014230409473799,1.34837696669412e-06,2
4,80,5.74507414734604e-06,0.00767195046060806,1.28408575054952e-05,0.000141472665858794,6.39916599636512e-06,1
4,81,5.74552304346e-06,0.00766930849251848,1.56057439972675e-05,0.000141506345110915,1.31017221012216e-06,2
4,82,5.74597931878594e-06,0.00766669764096187,1.30938131907938e-05,0.000140718796547796,6.13087145191151e-06,1
4,83,5.74642515019917e-06,0.00766408313674901,1.56835500826389e-05,0.000140734255776577,1.30327700623453e-06,2
4,84,5.74687822636358e-06,0.00766149701170451,1.33843040948728e-05,0.000139981167093789,5.94444598457355e-06,1
4,85,5.74731887663912e-06,0.00765890864281093,1.57975568565385e-05,0.000139987419761041,1.2591595047052e-06,2
4,86,5.74776520143253e-06,0.00765634726166337,1.37254269170161e-05,0.000139273593447427,5.6871237757986e-06,1
4,87,5.74819808441846e-06,0.00765378318281682,1.59561613684868e-05,0.000139263378837277,1.24097156617633e-06,2
4,88,5.74863557949561e-06,0.00765124391460834,1.40613965722103e-05,0.000138581732609495,5.50460504076789e-06,1
4,89,5.74905763742876e-06,0.00764870321516907,1.60921987885699e-05,0.000138566016042624,1.19592908785971e-06,2
4,90,5.74948232114864e-06,0.00764618630449244,1.43046433283065e-05,0.000137924937518416,5.27240291928856e-06,1
4,91,5.74989103760219e-06,0.00764366777982258,1.61206025186451e-05,0.000137898386260508,1.1736216723261e-06,2
4,92,5.75030162723161e-06,0.00764117143523146,1.44012428906947e-05,0.00013728553467138,5.10866559927066e-06,1
4,93,5.75069502304641e-06,0.00763867466328231,1.60267999415399e-05,0.00013725067872641,1.13094567068085e-06,2
4,94,5.7510894064569e-06,0.00763619950006142,1.43328213683893e-05,0.000136665104164018,4.90677825271476e-06,1
4,95,5.75146734408271e-06,0.00763372395497841,1.57754025300466e-05,0.000136617686188747,1.10841152026518e-06,2
4,96,5.75184670626218e-06,0.0076312690115869,1.40622063327252e-05,0.000136054048244637,4.76794902792555e-06,1
4,97,5.75221025303004e-06,0.00762881485699279,1.53587507999521e-05,0.000136000578156807,1.07014602753356e-06,2
4,98,5.75257595552225e-06,0.00762638118131288,1.36306573387591e-05,0.000135458522239483,4.60000553802832e-06,1
4,99,5.75293218423233e-06,0.00762395922173346,1.82402992110362e-05,0.000134900647342864,6.81244352790743e-06,1
4,100,5.75329103608595e-06,0.00762154751049127,1.35217292557775e-05,0.000134973893293688,2.64163518473055e-06,2
4,101,5.75361685680478e-06,0.00761912750262219,1.34837640644867e-05,0.000134504796767729,5.44248493002811e-06,1
4,102,5.75396709109935e-06,0.00761673530658333,1.32518625303606e-05,0.000134448954262208,1.48756250249167e-06,2
4,103,5.7543205855534e-06,0.00761435883182631,1.2647018275136e-05,0.000134049466919626,3.31939522889435e-06,1
4,104,5.75465226411224e-06,0.00761198421422575,1.41012160506491e-05,0.000133590220950147,4.916137470934e-06,1
4,105,5.75499894093404e-06,0.00760962540711296,1.30125661149971e-05,0.000133508504766311,1.57883398812098e-06,2
4,106,5.75534753391494e-06,0.00760727753880986,1.25011362270641e-05,0.000132890864074462,5.69694240837797e-06,1
4,107,5.75568985568425e-06,0.00760493793036964,1.35163057150732e-05,0.000132884461663593,1.38899227388988e-06,2
4,108,5.7560410421585e-06,0.00760262369398538,1.26797845391284e-05,0.000132344773063599,4.47659415848105e-06,1
4,109,5.75638966665955e-06,0.00760031132463499,1.70916436531683e-05,0.000131726491451312,6.78490072784117e-06,1
4,110,5.75674355092291e-06,0.0075980180701523,1.31539290616329e-05,0.00013181158856558,2.9340168103655e-06,2
4,111,5.75706728295271e-06,0.0075957265165888,1.33245807552033e-05,0.000131195702882051,6.72495876710074e-06,1
4,112,5.75741722688614e-06,0.00759345141271382,1.31049843933182e-05,0.000131266881162811,2.06973905420309e-06,2
4,113,5.75777749454575e-06,0.00759119662997819,1.27526842718066e-05,0.000130735795772234,4.90704097426091e-06,1
4,114,5.75812372970437e-06,0.00758894195262285,1.29637784200732e-05,0.000130662473545659,1.57515721062284e-06,2
4,115,5.75845854145286e-06,0.00758670589151618,1.21244741401435e-05,0.00013008939984798,5.45893399299067e-06,1
4,116,5.75881123283632e-06,0.00758447724336227,1.32525834331855e-05,0.000130031107812407,1.35762630425058e-06,2
4,117,5.75917247305345e-06,0.00758226844790996,1.24119697775587e-05,0.00012945394992682,5.00979118073012e-06,1
4,118,5.75952214292015e-06,0.00758006258237864,1.35030147983321e-05,0.000129400069502992,1.16729279509612e-06,2
4,119,5.75987043547197e-06,0.00757788142110742,1.25573725268817e-05,0.000128908502795514,4.27232830219064e-06,1
4,120,5.76023040646669e-06,0.00757570576877078,1.60460451698061e-05,0.000128352984314195,6.61179082043282e-06,1
4,121,5.76058317395968e-06,0.00757354498690028,1.28603649153817e-05,0.000128402066435832,2.46406107124043e-06,2
4,122,5.76091393117896e-06,0.00757139227264179,1.30761287789283e-05,0.000127823062240795,6.11085027794442e-06,1
4,123,5.76126648037328e-06,0.00756925105130478,1.34526039008038e-05,0.00012782283411053,1.87130721071651e-06,2
4,124,5.76162764202884e-06,0.00756713141526063,1.31793376488608e-05,0.000127283756756059,4.93299356089601e-06,1
4,125,5.7619711367948e-06,0.00756501099098566,1.36929893973933e-05,0.00012725440220007,1.50039777690473e-06,2
4,126,5.76230187820574e-06,0.00756291613806233,1.27045662488857e-05,0.000126698249066147,5.4470268010456e-06,1
4,127,5.76264517768882e-06,0.00756082059019461,1.37936571596285e-05,0.000126689442494421,1.4715501619589e-06,2
4,128,5.76299471989839e-06,0.00755874886489288,1.26821716899251e-05,0.000126118104399815,5.18292437656906e-06,1
4,129,5.76332844779166e-06,0.00755667771141599,1.3591519408052e-05,0.000126145004589368,1.34295642270187e-06,2
4,130,5.76365828594942e-06,0.00755463746025647,1.24104173555637e-05,0.000125644741506801,4.56229471291793e-06,1
4,131,5.7640037360966e-06,0.00755259659037379,1.6307503230185e-05,0.000125070243685143,6.66852680030276e-06,1
4,132,5.76433824064079e-06,0.00755057556865923,1.28804454329756e-05,0.000125143170656528,2.85807787324909e-06,2
4,133,5.76464907278901e-06,0.00754856667645134,1.31736251833395e-05,0.000124558725039306,6.70756730627436e-06,1
4,134,5.76498465620458e-06,0.00754656478979874,1.2974912683152e-05,0.000124679526846467,2.16174472720079e-06,2
4,135,5.76533080987003e-06,0.00754458763604084,1.28030606280561e-05,0.000124161233652828,5.35544681270453e-06,1
4,136,5.7656603167389e-06,0.00754261046877707,1.29449429866725e-05,0.000124190828121364,1.79571523985343e-06,2
4,137,5.76597308145764e-06,0.0075406613150443,1.20952590866762e-05,0.000123616761346031,5.99494795402546e-06,1
4,138,5.76630755540455e-06,0.00753871139307954,1.30921848406268e-05,0.000123677063606473,1.6189095765678e-06,2
4,139,5.76664974221042e-06,0.00753678854288203,1.2258506738632e-05,0.000123119715413568,5.31764845948397e-06,1
4,140,5.76697719085747e-06,0.00753486618634633,1.30577561840461e-05,0.000123172234313993,1.38249976852465e-06,2
4,141,5.76729654358483e-06,0.00753297717198546,1.20842885688829e-05,0.000122679863924723,4.78728476917319e-06,1
4,142,5.76762933253451e-06,0.00753108264710586,1.31948741750742e-05,0.00012265146631378,1.35388725401641e-06,2
4,143,5.76797020240235e-06,0.00752921414011443,1.2295789227927e-05,0.000122147679339852,4.71737667182251e-06,1
4,144,5.76829931421953e-06,0.00752734978573914,1.33293093692057e-05,0.000122144944385198,1.14224826998449e-06,2
4,145,5.76862354830241e-06,0.00752551908349303,1.23283432602472e-05,0.000121672510157353,4.45859426222115e-06,1
4,146,5.76896945139259e-06,0.00752368621637894,1.61554349012559e-05,0.000121145106428239,6.70380895280404e-06,1
4,147,5.76930170026469e-06,0.0075218752214515,1.29902673708848e-05,0.000121273543300271,2.53730081031584e-06,2
4,148,5.76961430333474e-06,0.00752007882716161,1.32838203230733e-05,0.000120753457105137,6.04665620159436e-06,1
4,149,5.76995007381818e-06,0.00751828837684112,1.34962959680582e-05,0.000120828943144959,1.87200106979448e-06,2
4,150,5.77029523256603e-06,0.00751652481039349,1.31978874402327e-05,0.000120347978040897,4.82582291234359e-06,1
4,151,5.77062490069895e-06,0.00751475962606676,1.3712006441205e-05,0.000120368225293335,1.54860403978406e-06,2
4,152,5.77094036948684e-06,0.00751302706817771,1.28279359139103e-05,0.000119829314782532,5.52439234953303e-06,1
4,153,5.77127365828238e-06,0.00751128818255892,1.39978748599698e-05,0.000119886851611857,1.50325146965399e-06,2
4,154,5.7716134720573e-06,0.00750957777403885,1.30603342633849e-05,0.000119346986236404,5.09201032206399e-06,1
4,155,5.77193834188397e-06,0.00750786498452631,1.40165058498196e-05,0.000119429019433267,1.35566719447378e-06,2
4,156,5.77225616747387e-06,0.00750618836543466,1.29210392805638e-05,0.000118957115359556,4.59901896081774e-06,1
4,157,5.7725948644841e-06,0.00750450284109318,1.64680382163943e-05,0.000118476886645051,6.55009144997227e-06,1
4,158,5.77291774150764e-06,0.00750284039224373,1.34399004721376e-05,0.000118609346896777,2.81942622644234e-06,2
4,159,5.77321694887832e-06,0.00750119295181572,1.3768363236181e-05,0.00011804865926629,6.68401754206872e-06,1
4,160,5.77353980066134e-06,0.00749954535347915,1.36546153171342e-05,0.000118234201773796,2.19008579453297e-06,2
4,161,5.77387172266286e-06,0.00749792301346879,1.34566203984618e-05,0.000117731645258573,5.43885326009121e-06,1
4,162,5.77418469995465e-06,0.00749629732466094,1.36397741394713e-05,0.000117837918152197,1.84976775969552e-06,2
4,163,5.77447889355446e-06,0.00749470142198875,1.27798033501821e-05,0.000117278805723094,6.06884425855284e-06,1
4,164,5.77479396444574e-06,0.0074930968624,1.37339429760197e-05,0.000117416006535311,1.68136468274982e-06,2
4,165,5.77511998061176e-06,0.00749151804750702,1.30607095039549e-05,0.000116860886678758,5.37283308514028e-06,1
4,166,5.77544143670292e-06,0.00748993552410428,1.53059780992095e-05,0.00011668774323372,1.45358697168458e-06,2
4,167,5.77575259705807e-06,0.00748838508389717,1.60648201523733e-05,0.000115979959428747,4.87251683693033e-06,1
4,168,5.77606633512357e-06,0.00748682082156829,1.61493285302176e-05,0.00011602009506612,1.41620853995842e-06,2
4,169,5.77638202471312e-06,0.00748527795384355,1.44691489695141e-05,0.000115587991152058,4.74895548663402e-06,1
4,170,5.77668144927404e-06,0.00748373546057486,1.464898701157e-05,0.000115684573241057,1.2130642672294e-06,2
4,171,5.77697222792874e-06,0.0074822233292054,1.31480399073123e-05,0.000115270788338565,4.46949821656248e-06,1
4,172,5.77728329726583e-06,0.00748069923768715,1.61235027841386e-05,0.000114799512882681,6.6916011818113e-06,1
4,173,5.7775783738352e-06,0.0074791969219686,1.26423384398474e-05,0.000115016417102819,2.57552855030693e-06,2
4,174,5.77785258854063e-06,0.00747770397442443,1.24997774395765e-05,0.000114548285522254,6.03588459632264e-06,1
4,175,5.77814920544559e-06,0.00747621125005503,1.21147810576436e-05,0.000114707529824262,1.94833239751567e-06,2
4,176,5.77845544695163e-06,0.007474738807033,1.14378659994295e-05,0.000114274618798899,4.88224704707307e-06,1
4,177,5.77874510984919e-06,0.00747326292300372,1.14906593348424e-05,0.000114365705308265,1.64817153342634e-06,2
4,178,5.779019963439e-06,0.00747181415556054,1.0220470602644e-05,0.00011386153932462,5.52872254748752e-06,1
4,179,5.77931295533892e-06,0.00747035523713352,1.11139504731968e-05,0.000113974634370245,1.56702858839075e-06,2
4,180,5.7796136271773e-06,0.00746891868453634,9.84650771223261e-06,0.000113474444650778,4.95915081703672e-06,1
4,181,5.77989931209431e-06,0.00746747905500218,1.0565792515159e-05,0.000113586148117765,1.38648996041916e-06,2
4,182,5.78017773942957e-06,0.00746607012977309,9.12954151958345e-06,0.000113150415575382,4.44765304599857e-06,1
4,183,5.78048038487774e-06,0.00746464753014885,1.29537115995443e-05,0.00011267865890327,6.47089029239891e-06,1
4,184,5.78076653927637e-06,0.00746324795337042,9.46467612563764e-06,0.00011284060639415,2.72317292921453e-06,2
4,185,5.78103176549123e-06,0.00746185943642462,9.90519533428912e-06,0.000112298148930339,6.42577520474227e-06,1
4,186,5.78132158855513e-06,0.0074604686075248,9.54795900631982e-06,0.000112489585190149,2.17924879016546e-06,2
4,187,5.78162263784085e-06,0.0074590965539687,9.33189696695219e-06,0.000111996408039752,5.38061314471666e-06,1
4,188,5.78190616771745e-06,0.00745772337403293,9.40898657468057e-06,0.000112118754101684,1.89685212108522e-06,2
4,189,5.78217387051941e-06,0.00745637386715568,8.43199965004564e-06,0.00011157412202998,5.8968927724555e-06,1
4,190,5.7824624667184e-06,0.00745501509166316,9.41167659668666e-06,0.00011172281976889,1.73707549331905e-06,2
4,191,5.78275992055616e-06,0.007453675243554,8.4811015410548e-06,0.000111216652645942,5.1598485308706e-06,1
4,192,5.78304208347403e-06,0.00745233325266744,9.13328796181475e-06,0.000111349228368041,1.513613750378e-06,2
4,193,5.7833153984004e-06,0.00745101652200937,7.91667549607518e-06,0.000110907476478082,4.76228867948135e-06,1
4,194,5.78360249071414e-06,0.00744968715254673,9.02185574985325e-06,0.000110959520460714,1.4331842974081e-06,2
4,195,5.78389770361868e-06,0.00744837235806925,7.92115886042803e-06,0.000110515318126935,4.55409188839096e-06,1
4,196,5.78417048625991e-06,0.00744707451752189,1.24596294867814e-05,0.000109969055737284,6.72018392686148e-06,1
4,197,5.78446165443329e-06,0.00744577237265876,8.56061475696231e-06,0.000110285737133229,2.29858633559013e-06,2
4,198,5.78474873439464e-06,0.00744446402334283,8.77126806322856e-06,0.000109761803983971,5.83716547601432e-06,1
4,199,5.78503115762498e-06,0.00744317305332987,8.82984318410478e-06,0.000109955197412324,1.69878111519541e-06,2
4,200,5.78531601266323e-06,0.00744191003589728,8.37405990083064e-06,0.000109558274285328,4.08947880214154e-06,1
5,1,5.78730903662235e-06,0.00743647354163043,0.000545617616663782,0.000190467236565746,4.33557268776314e-06,4
5,2,5.78845540388213e-06,0.0074321398589114,0.00031257041090674,0.00017827850948135,2.63798472048934e-06,4
5,3,5.78909866014992e-06,0.00742834507038844,0.000208437703213821,0.000173357771092873,3.93601916390704e-06,3
5,4,5.78946645137559e-06,0.0074248873550221,0.000145773824691102,0.000171019718917862,2.06102837328209e-06,3
5,5,5.78976191069579e-06,0.00742166898699447,0.000107468605590962,0.000168931056125862,1.48358955604979e-06,3
5,6,5.79008040243489e-06,0.0074186225306378,8.50820420640411e-05,0.000166713083171271,4.78681246027064e-06,2
5,7,5.79049171605456e-06,0.0074157073011473,7.36211486864801e-05,0.000165086111946373,2.96247605920555e-06,2
5,8,5.79096798525196e-06,0.00741288931233785,6.83391199489907e-05,0.000163503526524685,2.18366823886534e-06,2
5,9,5.79148671724846e-06,0.007410151064573,6.60914907696807e-05,0.000162093891880581,1.61981054111379e-06,2
5,10,5.79203174085278e-06,0.00740748278029309,6.53085888175021e-05,0.000160811824264278,1.33075329279062e-06,2
5,11,5.79259616983282e-06,0.00740487855598278,6.5243035656729e-05,0.000159643573504997,1.14175599171696e-06,2
5,12,5.79316899454791e-06,0.00740235323421115,6.51477078378153e-05,0.00015830145866221,6.22049267805971e-06,1
5,13,5.79376049948324e-06,0.00739985942998862,6.60484475722463e-05,0.000157584457794474,9.41273733828257e-07,2
5,14,5.79434822907762e-06,0.00739743845040672,6.65083626409176e-05,0.000156521777511838,4.23500766837852e-06,1
5,15,5.7949541998282e-06,0.007395063405502,6.79288981007538e-05,0.000155509688212239,5.91274743874366e-06,1
5,16,5.79556301882692e-06,0.00739273553059085,6.83297727343183e-05,0.000154964158249597,1.43736376271825e-06,2
5,17,5.79616623606249e-06,0.00739047950950111,6.89887486493765e-05,0.000154061882366065,4.66646612860651e-06,1
5,18,5.79678976465335e-06,0.00738823998464414,7.00734261438215e-05,0.000153337303406828,4.3140979801225e-06,1
5,19,5.7974015581111e-06,0.0073860569381723,7.08220221338903e-05,0.000152795044647664,1.15517701540138e-06,2
5,20,5.79799787164361e-06,0.00738394864445902,7.09783041672795e-05,0.000151914770509032,6.09195831205646e-06,1
5,21,5.79861063501668e-06,0.00738183022390785,7.20542388749211e-05,0.000151343614148934,5.83409662623102e-06,1
5,22,5.79920075692133e-06,0.00737977498862412,7.1741807570293e-05,0.000151089223903734,2.24434885440259e-06,2
5,23,5.79977227541618e-06,0.00737775757513941,7.15380564126826e-05,0.000150709084638425,1.17732174162571e-06,2
5,24,5.80031643666796e-06,0.0073758073418713,7.07523803165071e-05,0.000150093825174576,5.93215049010647e-06,1
5,25,5.80088044136027e-06,0.00737383757861302,7.06332302482961e-05,0.000149733096413552,6.30944396689692e-06,1
5,26,5.80140743334811e-06,0.00737193064887867,6.92207066196059e-05,0.000149720579177851,2.18686609931201e-06,2
5,27,5.80189599247371e-06,0.00737008639757203,6.76873963572213e-05,0.00014924044035291,6.65333638180556e-06,1
5,28,5.80240039938104e-06,0.00736822558304521,6.63018804951468e-05,0.00014936289042962,1.59544376488451e-06,2
5,29,5.80289348588054e-06,0.00736642692224303,6.43316375133715e-05,0.000149038154638658,4.81535937156514e-06,1
5,30,5.80334590113957e-06,0.00736465322599928,6.28482941998765e-05,0.00014871835409086,6.78474230742325e-06,1
5,31,5.80380986166694e-06,0.00736290078753821,6.03587673592929e-05,0.000148974915425828,1.92694150914019e-06,2
5,32,5.80426871474588e-06,0.00736120658219358,5.78210170607698e-05,0.000148560621361352,6.27389922919282e-06,1
5,33,5.80470976853892e-06,0.00735950623718736,5.57840190226687e-05,0.00014880001762383,1.49986059597182e-06,2
5,34,5.8051391777251e-06,0.00735788218963366,5.28958668436987e-05,0.000148369080559839,5.81313576920168e-06,1
5,35,5.80558022339885e-06,0.00735624061229698,5.10159567143833e-05,0.000148533822738421,1.51944562838825e-06,2
5,36,5.80602967910406e-06,0.00735465830003553,4.82229344939046e-05,0.000148075742917716,5.31155578158009e-06,1
5,37,5.80647255922919e-06,0.00735307556190908,4.66097143327105e-05,0.000148166881183776,1.29245784075913e-06,2
5,38,5.80691091370043e-06,0.00735156185894086,4.38698928885485e-05,0.000147609889020463,5.69562994408763e-06,1
5,39,5.8073663843682e-06,0.0073500278759855,4.26593250919751e-05,0.000147651240034281,1.4261949143065e-06,2
5,40,5.80783198597488e-06,0.00734854822716477,4.0185046478778e-05,0.000147027193967677,5.55037818214971e-06,1
5,41,5.80829159666818e-06,0.00734706501133399,3.92731970170043e-05,0.000147033961062027,1.26908662051591e-06,2
5,42,5.80874828113346e-06,0.00734564124464031,3.68938456370118e-05,0.000146377405267447,5.41858604851133e-06,1
5,43,5.80921474668182e-06,0.00734419826820852,3.62777686062706e-05,0.000146324297494679,1.36432546930903e-06,2
5,44,5.80968883324224e-06,0.00734279837676611,3.40488390793358e-05,0.000145636134344227,5.36349863564883e-06,1
5,45,5.8101536478639e-06,0.00734139546275,3.36262124465757e-05,0.000145579099149387,1.20580725075706e-06,2
5,46,5.8106149896169e-06,0.0073400397118636,3.14429793832614e-05,0.000144892008528132,5.21724632480059e-06,1
5,47,5.81109145519731e-06,0.007338663267536,3.27032878828141e-05,0.000144359586799512,6.84589048585203e-06,1
5,48,5.81156285469191e-06,0.00733732039109857,2.94284918108266e-05,0.000144311337642519,2.88043625125706e-06,2
5,49,5.81201023146697e-06,0.00733598947280402,2.84434147189395e-05,0.000143769995859716,5.91305784821623e-06,1
5,50,5.81247959588007e-06,0.00733465760675223,2.73991683915337e-05,0.000143672379348671,1.80263400046216e-06,2
5,51,5.81295585825944e-06,0.00733334703111401,2.59971945827448e-05,0.000143142717335985,4.64695315211762e-06,1
5,52,5.81340432958897e-06,0.00733204706581888,2.63327590222792e-05,0.000142555218886129,6.85421054281511e-06,1
5,53,5.81387461152861e-06,0.00733074603032401,2.44676639959652e-05,0.000142608891675102,2.13796664728502e-06,2
5,54,5.8143503073013e-06,0.00732945210652725,2.31246950157796e-05,0.000141935069306982,6.53584051520642e-06,1
5,55,5.81481214084937e-06,0.00732816450238839,2.31390153715191e-05,0.000141994505715472,1.68954785768474e-06,2
5,56,5.81526645751867e-06,0.00732690821290598,2.15874124546059e-05,0.000141342675913099,5.70566530179398e-06,1
5,57,5.81573477039614e-06,0.00732562816924611,2.21186151565653e-05,0.000141353629781535,1.67938913080418e-06,2
5,58,5.81620762015582e-06,0.00732435768144267,2.05757891817317e-05,0.000140700936859183,5.74941417845305e-06,1
5,59,5.81667050871973e-06,0.00732309432728193,2.14852801792412e-05,0.000140731223395574,1.49942770192402e-06,2
5,60,5.81711641013437e-06,0.00732185491690046,2.00410683889924e-05,0.000140087297040114,5.7029867089529e-06,1
5,61,5.81757335288603e-06,0.00732059598017365,2.11389444388053e-05,0.000140116257765514,1.60658983579276e-06,2
5,62,5.81802935529419e-06,0.00731934955181888,1.98105395877977e-05,0.000139467915041471,5.75093215897641e-06,1
5,63,5.81847857602472e-06,0.00731810608663795,2.09882640537428e-05,0.00013952897157028,1.44850333663321e-06,2
5,64,5.81891113240738e-06,0.00731688404583512,1.97540103082563e-05,0.000138924152122742,5.37162926673809e-06,1
5,65,5.81935523738123e-06,0.00731564637909184,2.09927622700666e-05,0.000138932269537747,1.50415711950097e-06,2
5,66,5.81979541148694e-06,0.00731441959092458,1.98377314943709e-05,0.000138321258896295,5.46275495048467e-06,1
5,67,5.82022988063842e-06,0.00731319675149578,2.09981016047446e-05,0.000138363801591851,1.37257363317921e-06,2
5,68,5.82064364500104e-06,0.00731199379568657,1.9842601580066e-05,0.000137800361437016,5.1168606323046e-06,1
5,69,5.82106737288275e-06,0.00731077807652386,2.08985379103813e-05,0.000137803672156952,1.43048522826616e-06,2
5,70,5.8214856089912e-06,0.00730957351089696,1.97567765183915e-05,0.000137229162044241,5.19032514287925e-06,1
5,71,5.82188192837386e-06,0.0073083784404155,2.25932171372801e-05,0.00013674240040117,6.86234427739381e-06,1
5,72,5.82230237052732e-06,0.00730718835405975,1.99953563831062e-05,0.000136855394922188,2.40956794521235e-06,2
5,73,5.82270708315476e-06,0.00730598641147852,1.99568802008199e-05,0.00013636513576033,5.56587086279505e-06,1
5,74,5.82311890110276e-06,0.00730480892832339,2.01839353164505e-05,0.000136302025468967,1.46062135487943e-06,2
5,75,5.8235198531469e-06,0.00730365138222889,2.00598297710417e-05,0.000135844688590462,3.82411787086895e-06,1
5,76,5.82393063506114e-06,0.00730246596022687,2.12031143011606e-05,0.000135358005873438,5.52271743870525e-06,1
5,77,5.82434387233775e-06,0.00730130833747955,2.0645529723624e-05,0.000135300957240509,1.99478787512816e-06,2
5,78,5.82473606340457e-06,0.00730016631235698,2.03690304432802e-05,0.000134727725974893,5.62782766823253e-06,1
5,79,5.82514582362199e-06,0.00729900900548828,2.07414519606198e-05,0.00013466597370876,1.74341416575522e-06,2
5,80,5.82556186704419e-06,0.00729786382174065,2.0335899844502e-05,0.000134013559229213,5.33007149120483e-06,1
5,81,5.82597477788559e-06,0.00729672459179861,2.12748646427651e-05,0.000133916088698003,1.57445682702872e-06,2
5,82,5.82637464251099e-06,0.00729560331970289,2.09065505404028e-05,0.000133279625535609,5.0172867805831e-06,1
5,83,5.8267885050605e-06,0.00729447071720732,2.18013110425722e-05,0.000133158800285778,1.52498045164208e-06,2
5,84,5.82720782513187e-06,0.00729334850374535,2.13639593780409e-05,0.000132511172675626,5.08300494519379e-06,1
5,85,5.82762308207305e-06,0.00729223244112857,2.23317448567575e-05,0.000132381852766529,1.44249267279697e-06,2
5,86,5.82802853099162e-06,0.00729113346456948,2.22721628434609e-05,0.000131588789172267,4.79508124432865e-06,1
5,87,5.82844332047539e-06,0.00729002356973143,2.35447024114382e-05,0.000131258574959728,1.44888021609714e-06,2
5,88,5.82885202849637e-06,0.00728892388469991,2.23430882115049e-05,0.000130604627963305,4.88148375079541e-06,1
5,89,5.82923147318111e-06,0.0072878307823386,2.35593953604674e-05,0.000130062068062923,6.65425347932102e-06,1
5,90,5.82962590694966e-06,0.00728674226692732,2.08959903763746e-05,0.000130129288991743,2.46221747937703e-06,2
5,91,5.83001800920227e-06,0.00728565072847546,2.02412324409188e-05,0.000129605607633655,5.84971820558601e-06,1
5,92,5.83040222842971e-06,0.00728457871461821,1.97157945839352e-05,0.000129574747047863,1.64360377481811e-06,2
5,93,5.8307746884004e-06,0.00728352281053937,1.89199920397575e-05,0.000129098865240527,4.44976577405255e-06,1
5,94,5.83115612159558e-06,0.0072824529210992,1.85118058804527e-05,0.000128986561404199,1.48108689477092e-06,2
5,95,5.83154020369373e-06,0.00728138996145164,1.75209797763198e-05,0.000128493561184244,4.58868900821673e-06,1
5,96,5.83190127004206e-06,0.0072803463906773,1.88065929172264e-05,0.000127917673794206,6.88182846165391e-06,1
5,97,5.83227802232411e-06,0.00727929496818474,1.69694393007732e-05,0.000127985276465915,2.46274272179657e-06,2
5,98,5.83266032331356e-06,0.00727825437934209,1.65868457428513e-05,0.000127353779693699,6.47823888565176e-06,1
5,99,5.8330288863104e-06,0.00727722547179789,1.64086694342729e-05,0.000127410081677718,2.04644324261739e-06,2
5,100,5.83338141894246e-06,0.00727621527566897,1.56781780191758e-05,0.000126807121743021,5.61751802707726e-06,1
5,101,5.8337420884973e-06,0.00727519126000766,1.55486443528687e-05,0.000126826004487474,1.95395808108982e-06,2
5,102,5.83410988273923e-06,0.00727418255680025,1.45344325543024e-05,0.000126218594486371,5.73835992476242e-06,1
5,103,5.83446583446944e-06,0.00727318256437629,1.48529293842933e-05,0.00012625106773458,1.84549038914338e-06,2
5,104,5.8348100003525e-06,0.00727220291992146,1.39146508092912e-05,0.00012566859325786,5.28725537739393e-06,1
5,105,5.83516422308535e-06,0.00727121226875954,1.41489830755196e-05,0.000125682647224458,1.81291176425245e-06,2
5,106,5.83552882680509e-06,0.00727023945393834,1.31377276437435e-05,0.000125108541909929,5.38812326648738e-06,1
5,107,5.83588445291836e-06,0.0072692727998709,1.37045651559671e-05,0.000125130621368782,1.74058404583119e-06,2
5,108,5.83622972431395e-06,0.00726832709708465,1.27462790672984e-05,0.000124579840755766,5.0312534559026e-06,1
5,109,5.83658412246929e-06,0.00726737190433977,1.31253493406324e-05,0.000124590436924096,1.70640825444187e-06,2
5,110,5.83694777670531e-06,0.00726643569333717,1.21052254440892e-05,0.000124055786336515,5.07181924979419e-06,1
5,111,5.83730184317218e-06,0.00726550508329825,1.27298216135735e-05,0.000124063159684111,1.64399287301953e-06,2
5,112,5.83764607668939e-06,0.0072645950584167,1.17838978137331e-05,0.000123541931420934,4.78082531578041e-06,1
5,113,5.83800029519354e-06,0.00726367683920757,1.22282561888546e-05,0.000123537797971531,1.61433802705511e-06,2
5,114,5.83836444998241e-06,0.00726277784892282,1.12731646328477e-05,0.000123028292841569,4.80196541087303e-06,1
5,115,5.83872016765887e-06,0.00726188370080854,1.20001937359387e-05,0.000123013303286288,1.55777921173942e-06,2
5,116,5.83906713615992e-06,0.0072610097280501,1.11343415734019e-05,0.000122510069735088,4.55709347852353e-06,1
5,117,5.83942447551044e-06,0.00726012809606214,1.17120832756178e-05,0.00012248569139322,1.52768947923433e-06,2
5,118,5.83979120367844e-06,0.00725926581341049,1.08766525902573e-05,0.000121992625955645,4.57951705217001e-06,1
5,119,5.8401497376287e-06,0.0072584077902531,1.1706177711422e-05,0.000121960474716967,1.47930516382261e-06,2
5,120,5.84049913302668e-06,0.00725756981123432,1.09094056856756e-05,0.000121475604364571,4.3607186781762e-06,1
5,121,5.8408583838223e-06,0.00725672445529368,1.15073195016032e-05,0.000121441749612543,1.44847142531793e-06,2
5,122,5.84122645187046e-06,0.0072558985289523,1.06843154151449e-05,0.000120968167456937,4.39581573205607e-06,1
5,123,5.84156680329272e-06,0.00725507072440679,1.36037134728288e-05,0.00012044501567444,6.65911080565554e-06,1
5,124,5.84192745911867e-06,0.00725425742875424,1.10569521263696e-05,0.000120556268009171,2.67096557897354e-06,2
5,125,5.84230177506865e-06,0.00725345755349384,1.17276199530857e-05,0.000120061652588048,5.90689537291667e-06,1
5,126,5.84266003928e-06,0.00725266914164684,1.11812581717078e-05,0.000120123482072748,2.11649283030853e-06,2
5,127,5.84300385358382e-06,0.00725189386899714,1.12894961621557e-05,0.000119652869002523,5.00455169687511e-06,1
5,128,5.84336219491137e-06,0.00725111309565695,1.1111505856902e-05,0.000119660933078192,1.85829058252636e-06,2
5,129,5.84372879482624e-06,0.00725034723436423,1.08774329072422e-05,0.000119192047518295,4.99091950012769e-06,1
5,130,5.84408246430739e-06,0.00724959046332643,1.11957849268235e-05,0.000119205696622641,1.7114951297842e-06,2
5,131,5.84442297230703e-06,0.00724885057173674,1.08699768795442e-05,0.000118769808716243,4.41504957139633e-06,1
5,132,5.8447741983088e-06,0.00724810349807877,1.10599289078991e-05,0.000118760040055643,1.57069846083431e-06,2
5,133,5.84513254382221e-06,0.00724737203087041,1.06350922387839e-05,0.000118320108371003,4.52304902894485e-06,1
5,134,5.84547840828439e-06,0.00724664812339356,1.11755467233087e-05,0.000118307047707447,1.48126782770319e-06,2
5,135,5.84581198939155e-06,0.00724594204769023,1.06665515444103e-05,0.000117896607253462,4.04735495600492e-06,1
5,136,5.84616110002655e-06,0.00724522396782002,1.34620431689476e-05,0.000117309075689184,6.70668384948193e-06,1
5,137,5.84649945791682e-06,0.00724452911818921,1.09051250719745e-05,0.000117552490526676,2.55912846287905e-06,2
5,138,5.846819107642e-06,0.00724384954702516,1.15406470978412e-05,0.000117035129946794,5.83597934282871e-06,1
5,139,5.84715265004614e-06,0.00724315953609671,1.10191136087525e-05,0.000117147588243658,2.16491405172439e-06,2
5,140,5.84749690744664e-06,0.00724249113548023,1.079912355316e-05,0.000116604341099034,5.66061438946991e-06,1
5,141,5.84782564392993e-06,0.00724182617312102,1.10624957343085e-05,0.00011672389417504,2.04209628835395e-06,2
5,142,5.84813937029122e-06,0.00724118010567858,1.05842993746279e-05,0.000116205519971769,5.22264177756068e-06,1
5,143,5.84846598204741e-06,0.00724052213737139,1.08056759237886e-05,0.000116289793315584,1.91035474907041e-06,2
5,144,5.84880402619096e-06,0.0072398851529,1.01360601670607e-05,0.000115754520404977,5.42085739434433e-06,1
5,145,5.8491277651039e-06,0.00723925088617726,1.08374938672678e-05,0.00011584737704487,1.85136287043797e-06,2
5,146,5.84943964609131e-06,0.00723863680565185,1.01825825770754e-05,0.000115338525133688,4.9050055490129e-06,1
5,147,5.84976345254617e-06,0.0072380102681797,1.05477768486282e-05,0.000115411012719514,1.76672717037447e-06,2
5,148,5.85009896921991e-06,0.00723740322573596,9.78621933660073e-06,0.000114902904523845,5.14939977738262e-06,1
5,149,5.85042092238833e-06,0.00723679941989628,1.06283104034648e-05,0.000114970874267237,1.68719376284697e-06,2
5,150,5.8507330040639e-06,0.00723621583557618,9.91459034431833e-06,0.000114491335313795,4.55010373294648e-06,1
5,151,5.85105555106151e-06,0.00723562033755528,1.03354357285495e-05,0.000114544941649335,1.59574719571606e-06,2
5,152,5.85138940194285e-06,0.00723504228712192,9.5357536521407e-06,0.000114072080665197,4.8069195761527e-06,1
5,153,5.85170993542634e-06,0.0072344680509782,1.04427580466316e-05,0.000114108897289348,1.50390168628551e-06,2
5,154,5.85202230577607e-06,0.00723391358972842,9.70221446979067e-06,0.000113658253650568,4.1433873731856e-06,1
5,155,5.85235266430517e-06,0.00723333591892957,1.31879674128694e-05,0.000113082203954571,6.33120747286449e-06,1
5,156,5.85267277842835e-06,0.00723278926669984,1.00963744721056e-05,0.000113321375945947,2.57436044068666e-06,2
5,157,5.85297512833949e-06,0.00723225487727042,1.09487576341135e-05,0.000112831217476454,5.61624580775795e-06,1
5,158,5.85329275802732e-06,0.00723170864506211,1.02155884792027e-05,0.00011292218080944,2.02205063041475e-06,2
5,159,5.85362047611508e-06,0.00723118124053168,1.01162806525823e-05,0.000112419567299273,5.21632379621248e-06,1
5,160,5.85393576038889e-06,0.00723065909274805,1.02791245484425e-05,0.000112503920875586,1.92459626342027e-06,2
5,161,5.85423659548907e-06,0.00723015086222938,9.95291363308874e-06,0.000112055656704075,4.59553309945995e-06,1
5,162,5.85454959672362e-06,0.0072296316287745,1.00660581069204e-05,0.000112092391675021,1.69744385020541e-06,2
5,163,5.85487230052732e-06,0.00722912836223662,9.54564086182434e-06,0.000111618995476887,4.95094433499097e-06,1
5,164,5.85518127900098e-06,0.0072286301573108,1.01126185578114e-05,0.000111674081580921,1.64134905107237e-06,2
5,165,5.85547946946545e-06,0.00722814742478146,9.59695198103849e-06,0.000111241027625572,4.21084176027352e-06,1
5,166,5.85579417021935e-06,0.00722764572676557,1.2844609586272e-05,0.000110604504840029,6.78543187819776e-06,1
5,167,5.85609931394949e-06,0.00722716830162839,9.78079537745798e-06,0.000110952240067498,2.60098833196259e-06,2
5,168,5.85638812291908e-06,0.00722670706961835,1.0531995993004e-05,0.000110406610698033,6.0357823131934e-06,1
5,169,5.85668965350102e-06,0.00722622754731588,9.91370740674137e-06,0.000110585845462702,2.16027869731479e-06,2
5,170,5.85700280429143e-06,0.00722576912871956,9.69299788688534e-06,0.000110032439570215,5.64933251761045e-06,1
5,171,5.85730142549805e-06,0.00722531392422125,9.93150785404059e-06,0.00011019761557841,2.09424759012579e-06,2
5,172,5.85758502574323e-06,0.0072248738590013,9.47533007611365e-06,0.000109695935283543,5.12757243589244e-06,1
5,173,5.85788006980194e-06,0.00722441826816036,9.61268217631705e-06,0.000109816876858282,1.92102849548837e-06,2
5,174,5.85818649056816e-06,0.00722398072396142,8.97730900113853e-06,0.000109292070090291,5.4304431606025e-06,1
5,175,5.85847759503871e-06,0.00722354643595709,9.61801692229279e-06,0.000109428342050529,1.86463187153452e-06,2
5,176,5.85875710163431e-06,0.00722312836787804,8.99997296852787e-06,0.000108951652779638,4.72175237929287e-06,1
5,177,5.85904539040903e-06,0.0072226957562919,9.11253681466204e-06,0.000109064438438087,1.73486205359347e-06,2
5,178,5.85934451186594e-06,0.0072222779871099,8.29560653276551e-06,0.000108592806552446,5.06192778713485e-06,1
5,179,5.85962990492845e-06,0.007221864896135,9.03520049027745e-06,0.000108693692637037,1.61662828506715e-06,2
5,180,5.85990673230307e-06,0.00722146786109192,8.3797200513928e-06,0.000108265323921266,4.19042797101676e-06,1
5,181,5.86019653337958e-06,0.00722104533210955,1.19963056816855e-05,0.000107682098992879,6.48451041279018e-06,1
5,182,5.86048222526578e-06,0.00722065253108372,8.42348370863678e-06,0.000108040078727863,2.6490608831109e-06,2
5,183,5.86075049517085e-06,0.00722027004463101,9.39886077501979e-06,0.000107532266786501,6.01399366644979e-06,1
5,184,5.86103357164592e-06,0.00721987337876405,8.6316117727615e-06,0.000107713029784064,2.08193722868582e-06,2
5,185,5.86132748976226e-06,0.00721949341960787,8.66272084914711e-06,0.000107217428989715,5.2923172976495e-06,1
5,186,5.86161092874209e-06,0.00721912023680455,8.56948336059823e-06,0.00010736909375456,1.99453411708471e-06,2
5,187,5.86187971168919e-06,0.00721875820820886,8.27028136315041e-06,0.000106930371635183,4.75947868826773e-06,1
5,188,5.86216028151916e-06,0.00721838287625154,8.34057968157832e-06,0.000107015796340585,1.77281386228494e-06,2
5,189,5.86245062643533e-06,0.00721802070220838,7.93420816946704e-06,0.000106551815377905,4.97313600327979e-06,1
5,190,5.86273045462242e-06,0.00721766524071847,8.43630397444208e-06,0.000106646829386278,1.73561112758017e-06,2
5,191,5.86299901042675e-06,0.00721732137658839,8.08821076610938e-06,0.000106225245409415,4.32725714624879e-06,1
5,192,5.86327619639032e-06,0.00721696560881132,8.16785727402789e-06,0.000106294217425657,1.58658176759722e-06,2
5,193,5.86356169067943e-06,0.00721662030177318,7.65518639883235e-06,0.000105872734744175,4.59697067374886e-06,1
5,194,5.8638378185896e-06,0.0072162821772691,8.26510925923728e-06,0.000105926963307226,1.49244381870658e-06,2
5,195,5.86410502992771e-06,0.00721595525320343,7.86435365083454e-06,0.000105545299031379,3.81604821257656e-06,1
5,196,5.86438293171604e-06,0.00721560781865574,1.10827874181224e-05,0.000104981122849343,6.11709852347872e-06,1
5,197,5.86465706004057e-06,0.00721528412247132,8.06602640958538e-06,0.000105295663865489,2.37129807249622e-06,2
5,198,5.86491795779422e-06,0.00721497044141599,8.89801895083571e-06,0.000104814656543685,5.54721788730138e-06,1
5,199,5.86518742890958e-06,0.00721464181294092,8.30012705521474e-06,0.000104969125561721,1.93684066490214e-06,2
5,200,5.86546837592329e-06,0.00721432886789775,8.2645576959967e-06,0.000104498568660093,4.93466823617454e-06,1
