outer,inner,objective,data_residual,primal_or_step,dual,cg_residual,cg_iterations
1,1,8.41689987800481e-06,0.0657978964802548,0.0092897216417466,0.0485070486241313,1.28830178608447e-06,5
1,2,5.54298299213215e-06,0.048476765666332,0.00240390043827826,0.0325892102257068,1.54217455988498e-06,5
1,3,4.27845527757512e-06,0.0384076958779616,0.00229063985602587,0.0224089829828833,1.048317953778e-06,5
1,4,3.67321969850476e-06,0.0325631812416043,0.00195474106030135,0.0160096289879196,7.29821471205755e-07,5
1,5,3.35790822873087e-06,0.0291131612413894,0.00165635352890214,0.0119742774800472,3.33377990534509e-06,4
1,6,3.17895862861395e-06,0.0270134239076821,0.00147891956798053,0.00934320810332502,2.36996743885352e-06,4
1,7,3.06752690216917e-06,0.0256588166261192,0.00127552246340665,0.00765682286839693,1.71878177831568e-06,4
1,8,2.99091110519635e-06,0.0247096989750947,0.00106235706776308,0.0065790220830661,1.25807367355902e-06,4
1,9,2.93249783375806e-06,0.0239718878125159,0.000804158321549991,0.0058804576242299,9.04680461532628e-07,4
1,10,2.88485697142221e-06,0.0233565071154129,0.000661139096779937,0.0053649169487336,6.94944539642664e-07,4
1,11,2.84447175378713e-06,0.0228219597079031,0.000582740024308294,0.00494875083313888,6.74992067507595e-07,4
1,12,2.80932428192351e-06,0.0223452938245667,0.000524627982373181,0.00460776077155706,6.18092282531301e-07,4
1,13,2.77817033100644e-06,0.0219118175107879,0.000457658349463233,0.00433225617634409,3.81706450373894e-06,3
1,14,2.75048164799445e-06,0.0215137194690544,0.000450183576937857,0.00408380134504807,3.29056786062402e-06,3
1,15,2.72589099029977e-06,0.0211452912667114,0.000455398000590504,0.00385333218872133,2.74797596730111e-06,3
1,16,2.70366339881279e-06,0.0208013337855686,0.000410959436841261,0.00367054757255907,2.46438096007553e-06,3
1,17,2.68328762053343e-06,0.0204791541141824,0.000407043099079104,0.00351264153375291,2.30892699500608e-06,3
1,18,2.66456894626072e-06,0.020176695344994,0.000410802469286179,0.0033684514990869,2.15459470486644e-06,3
1,19,2.64726153176677e-06,0.0198918433951336,0.000404097711791278,0.00323716709424835,2.01442797318383e-06,3
1,20,2.63110298423776e-06,0.0196225166547797,0.000397593026578649,0.00311260890062167,1.88662393499456e-06,3
1,21,2.61589812841543e-06,0.0193665685718613,0.000371518414429918,0.0030054994089529,1.76216889325637e-06,3
1,22,2.60154376358029e-06,0.0191223444015347,0.000348280676822588,0.00291004354342667,1.65179266222373e-06,3
1,23,2.58801169340617e-06,0.0188886635015207,0.000331441499920032,0.00282161637848579,1.55423518525047e-06,3
1,24,2.57517937185904e-06,0.0186646781283705,0.000314500383045211,0.00273986050106184,1.47688838592575e-06,3
1,25,2.56299012867833e-06,0.018450265617249,0.000299505214970074,0.00266172791047112,1.40741852073726e-06,3
1,26,2.55146915852951e-06,0.018246725521223,0.000289932408898291,0.00258521752879912,1.32359427066054e-06,3
1,27,2.54061983071669e-06,0.0180539565403287,0.000272417793214693,0.00251292335923407,1.22652739893267e-06,3
1,28,2.53034338059716e-06,0.0178707501937186,0.000249820460318276,0.00244454156180857,1.16055969738777e-06,3
1,29,2.52061867979857e-06,0.017697085895911,0.000233489282378627,0.00237904037452466,1.09326564702996e-06,3
1,30,2.51138807684747e-06,0.0175317107738226,0.00021570748998551,0.00231954229626098,1.04531321651235e-06,3
1,31,2.50255915189616e-06,0.0173731504817516,0.000194277980458835,0.0022665703599303,1.0089739030437e-06,3
1,32,2.49409259383731e-06,0.0172205679571157,0.000176748419532438,0.00221598953736813,9.78991705207276e-07,3
1,33,2.48596283654711e-06,0.0170740528184426,0.000167071836911315,0.00216638470302438,9.47124805084144e-07,3
1,34,2.47817435841459e-06,0.0169339068163634,0.00016033993374554,0.00212019414938734,8.867751094949e-07,3
1,35,2.47071347644431e-06,0.0167995227736116,0.000147276713710965,0.00207797728266415,8.30628962158618e-07,3
1,36,2.46355176578549e-06,0.0166698600007846,0.0001331263962388,0.00203879248378143,7.96675468780971e-07,3
1,37,2.45667279893983e-06,0.0165442353681041,0.000124694506455185,0.00200115827902313,7.80356483302714e-07,3
1,38,2.45006166424431e-06,0.016422230095008,0.000121170911317007,0.00196439966127218,7.65516812437378e-07,3
1,39,2.4436946134447e-06,0.0163035177300289,0.000119261007076296,0.00192972190779798,7.43282818854583e-07,3
1,40,2.43752235991095e-06,0.0161878336302562,0.000119183435324016,0.00189712849122625,7.18670576316561e-07,3
1,41,2.43151223817965e-06,0.0160750177383744,0.000119108043715683,0.00186698667436321,6.95843600944141e-07,3
1,42,2.42565591013383e-06,0.0159649721999419,0.000118367070954157,0.00183917999184387,6.7379075135396e-07,3
1,43,2.4199517246884e-06,0.0158575663816514,0.000117624122750071,0.00181268346689401,6.51905767336357e-07,3
1,44,2.41439391385869e-06,0.0157526515791108,0.000116733954584809,0.0017871003697005,6.32925418719303e-07,3
1,45,2.40897269668684e-06,0.0156501204016532,0.000115564091757035,0.00176249117669327,6.16822987941228e-07,3
1,46,2.40368186770822e-06,0.0155498910838189,0.00011317296303912,0.00173940987306754,6.01203317353417e-07,3
1,47,2.39851556489808e-06,0.0154518756198209,0.000109368205013087,0.00171737624989069,5.85300366614782e-07,3
1,48,2.39346839696945e-06,0.0153559702278424,0.000104772646447715,0.0016960608578686,5.69665866147187e-07,3
1,49,2.38853640022922e-06,0.0152620581764219,9.93204084740878e-05,0.0016757371778374,5.54648739530624e-07,3
1,50,2.38371646733318e-06,0.0151700420027947,9.44231587894657e-05,0.00165592777395801,5.40189678946811e-07,3
1,51,2.37899833040931e-06,0.0150796778872659,8.90574598141152e-05,0.00163680825477632,3.9204050274026e-06,2
1,52,2.37436645078385e-06,0.0149910649950982,8.42888169330707e-05,0.00161872937854647,3.85085459850768e-06,2
1,53,2.36982518719812e-06,0.0149041119917606,7.96338265542843e-05,0.00160149486551822,3.76122894797196e-06,2
1,54,2.36537324557315e-06,0.0148187204841325,7.53233143274675e-05,0.0015848054517915,3.66753869384816e-06,2
1,55,2.36100868696094e-06,0.0147347879419998,7.17442750684964e-05,0.00156860454076005,3.56745574631961e-06,2
1,56,2.35672533646849e-06,0.0146522229134592,6.84497953851995e-05,0.0015529754353552,3.466645155532e-06,2
1,57,2.35251993449185e-06,0.014570940443725,6.52850338473323e-05,0.00153803138020834,3.36592959816282e-06,2
1,58,2.34838828144425e-06,0.0144908710925969,6.2628928066002e-05,0.00152355291239989,3.26902472640646e-06,2
1,59,2.34432556160059e-06,0.014411961093736,6.01137202896208e-05,0.00150958857423993,3.17690190586542e-06,2
1,60,2.34032964060666e-06,0.0143341504969896,5.76035695148791e-05,0.00149617180927375,3.08907061043505e-06,2
1,61,2.336398525978e-06,0.0142573785433472,5.52933390517457e-05,0.00148308054945914,3.00795331396205e-06,2
1,62,2.3325294433494e-06,0.0141815877521834,5.34260166675588e-05,0.00147035070963892,2.93399534628168e-06,2
1,63,2.32872072561957e-06,0.014106723650788,5.18422894163479e-05,0.00145790533683155,2.8659468069794e-06,2
1,64,2.32496792503657e-06,0.0140327459371948,5.05238399179286e-05,0.00144581094854811,2.80266089106755e-06,2
1,65,2.3212681169623e-06,0.013959625333748,4.91547200049466e-05,0.00143405850989134,2.74365870017516e-06,2
1,66,2.31761931375208e-06,0.0138873356101558,4.77968803412914e-05,0.00142283410724745,2.68787948787317e-06,2
1,67,2.3140230174802e-06,0.0138158493520864,4.65244932054145e-05,0.00141196050495449,2.63404505168189e-06,2
1,68,2.3104759788441e-06,0.0137451393642914,4.52584858030033e-05,0.00140146389663814,2.58364042295607e-06,2
1,69,2.30697547416602e-06,0.0136751786061849,4.40963885420603e-05,0.00139114088188664,2.53601261515879e-06,2
1,70,2.30351933164809e-06,0.013605944180273,4.29614608881715e-05,0.00138111642404266,2.49036602033828e-06,2
1,71,2.30010802764943e-06,0.0135374084965951,4.17461446819389e-05,0.00137140826889354,2.44556464616466e-06,2
1,72,2.29674010628622e-06,0.0134695486197275,4.07442560147357e-05,0.00136194262828571,2.40275122567002e-06,2
1,73,2.29341348579347e-06,0.0134023448071509,3.97177221739278e-05,0.00135272439766468,2.36224113742211e-06,2
1,74,2.29012807097565e-06,0.0133357772926397,3.87220531403982e-05,0.00134367727278796,2.323229931675e-06,2
1,75,2.28688354724402e-06,0.0132698305403931,3.81914950096942e-05,0.00133465770970691,2.28535726092873e-06,2
1,76,2.2836768736909e-06,0.013204484429239,3.765127715584e-05,0.00132579363649208,2.24835494448877e-06,2
1,77,2.28050601266321e-06,0.0131397195161346,3.67940997250781e-05,0.00131718584516281,2.21271613058563e-06,2
1,78,2.27737080971624e-06,0.0130755227077058,3.62097457060703e-05,0.00130872372098606,2.17936174757799e-06,2
1,79,2.27427116346271e-06,0.0130118759365875,3.53630829674253e-05,0.0013005394051737,2.14746821007614e-06,2
1,80,2.27120586079469e-06,0.012948762484347,3.44158937796147e-05,0.0012924867036767,2.11718365526862e-06,2
1,81,2.26817418706377e-06,0.0128861687828853,3.37979533107066e-05,0.00128451734994906,2.08792609208194e-06,2
1,82,2.26517612738381e-06,0.0128240832704279,3.33536865109233e-05,0.00127665572408047,2.05923000384308e-06,2
1,83,2.2622111636782e-06,0.0127624958573105,3.29543842502322e-05,0.00126898203830072,2.03141939603962e-06,2
1,84,2.25927900149179e-06,0.0127013941603395,3.25214766780867e-05,0.0012614733833092,2.00436632179524e-06,2
1,85,2.25637827471573e-06,0.0126407654746208,3.20086220959804e-05,0.00125410531502852,1.97843421116262e-06,2
1,86,2.25350769898664e-06,0.0125806005523011,3.14551998980707e-05,0.00124683368462425,1.9538002941238e-06,2
1,87,2.25066813509654e-06,0.0125208920328258,3.12309045055778e-05,0.0012395457058239,1.92968170041214e-06,2
1,88,2.24785827068296e-06,0.0124616307238817,3.08861162202774e-05,0.00123242819578054,1.90621683177037e-06,2
1,89,2.24507622247423e-06,0.0124028128248417,3.05254585845216e-05,0.00122544755773004,1.88332409319329e-06,2
1,90,2.24232102476764e-06,0.012344432668432,3.01007828950586e-05,0.00121858605311014,1.86096690160275e-06,2
1,91,2.23959351380537e-06,0.0122864854226046,2.98832251887213e-05,0.00121172657128283,1.83896652308231e-06,2
1,92,2.23689371380907e-06,0.0122289624212381,2.93117725155407e-05,0.00120510907305223,1.8175756785506e-06,2
1,93,2.23422062280075e-06,0.0121718555962022,2.87627857369952e-05,0.00119861260347762,1.79727170433792e-06,2
1,94,2.23157421789248e-06,0.0121151599995699,2.82066333173699e-05,0.00119217883159029,1.77748083799714e-06,2
1,95,2.22895403673045e-06,0.0120588659619197,2.78553693489614e-05,0.00118578910183736,1.75802215438255e-06,2
1,96,2.22635952961018e-06,0.0120029653555075,2.74306397434861e-05,0.00117944084613149,1.73970985790171e-06,2
1,97,2.22379083446771e-06,0.0119474511838083,2.72592122305557e-05,0.00117316707104468,1.72214828586941e-06,2
1,98,2.22124706383778e-06,0.0118923197772394,2.7197024070822e-05,0.0011670373775443,1.70522622460043e-06,2
1,99,2.21872634245138e-06,0.0118375695862741,2.70298290411101e-05,0.00116109041681432,1.68808935862843e-06,2
1,100,2.21622923229456e-06,0.0117831995855391,2.65276804206099e-05,0.00115525837259787,1.67051670270291e-06,2
1,101,2.21375566123584e-06,0.0117292066851484,2.61711085925454e-05,0.00114943052991855,1.65354542562958e-06,2
1,102,2.21130564091795e-06,0.0116755869416335,2.5886949076433e-05,0.00114360153948443,1.63762014374163e-06,2
1,103,2.20887862520004e-06,0.0116223340291985,2.59088775858183e-05,0.00113774088753085,1.62230284897989e-06,2
1,104,2.20647438079515e-06,0.0115694429562266,2.58892482395009e-05,0.00113197166403036,1.60720752763812e-06,2
1,105,2.20409235465459e-06,0.0115169099457488,2.58789147486322e-05,0.00112629460203374,1.59274793383775e-06,2
1,106,2.20173218317307e-06,0.011464732559413,2.60351035231767e-05,0.0011205853450316,1.57847494988239e-06,2
1,107,2.19939362210322e-06,0.0114129054569267,2.61159320433743e-05,0.00111497991858605,1.56420263710619e-06,2
1,108,2.19707625952052e-06,0.011361427963989,2.6416142982205e-05,0.00110942976665696,1.55033071177538e-06,2
1,109,2.19478045472056e-06,0.0113102960600867,2.6562073554127e-05,0.00110397938712491,1.53719934363864e-06,2
1,110,2.19250569867154e-06,0.0112595075651604,2.67494237380516e-05,0.00109860530845868,1.52474896552754e-06,2
1,111,2.19025084327865e-06,0.0112090591510551,2.68000780389976e-05,0.00109332871362113,1.5123112470392e-06,2
1,112,2.18801435229902e-06,0.0111589483902969,2.66298191962849e-05,0.00108814361105486,1.49988207267237e-06,2
1,113,2.18579640261428e-06,0.0111091718828983,2.61120460110112e-05,0.00108304593485362,1.48723614008357e-06,2
1,114,2.18359748092484e-06,0.0110597288228451,2.55552586254343e-05,0.00107800494563428,1.47469088820673e-06,2
1,115,2.18141706635577e-06,0.0110106154721455,2.49290288623762e-05,0.00107306707177198,1.46245267843443e-06,2
1,116,2.17925493998499e-06,0.0109618278085726,2.43190266232781e-05,0.00106817997664864,1.4506053384652e-06,2
1,117,2.17711152194078e-06,0.0109133605588401,2.39206297892107e-05,0.0010632882765034,1.43862823891382e-06,2
1,118,2.17498554206108e-06,0.0108652080958246,2.37025871713305e-05,0.00105845816659875,1.42689342257455e-06,2
1,119,2.17287725140022e-06,0.010817366573851,2.33862587577508e-05,0.00105371360016666,1.41543129970628e-06,2
1,120,2.17078653546992e-06,0.0107698334484937,2.32189499223569e-05,0.00104900303857061,1.40393303797388e-06,2
1,121,2.16871258987593e-06,0.010722606237204,2.30773704271395e-05,0.0010443668964951,1.39243853554947e-06,2
1,122,2.16665539367688e-06,0.0106756792819082,2.28188071798865e-05,0.00103981023758956,1.38050529043575e-06,2
1,123,2.16461485933522e-06,0.0106290476901246,2.25540282455901e-05,0.00103527834656083,1.36913190861474e-06,2
1,124,2.16259122238708e-06,0.0105827072055605,2.23320738730761e-05,0.00103077992898601,1.35771432182708e-06,2
1,125,2.16058401802993e-06,0.0105366508838739,2.18631203246704e-05,0.00102637034058719,1.34598741233174e-06,2
1,126,2.15859340391815e-06,0.0104908739055984,2.15176085222514e-05,0.00102196848846614,1.33436809152954e-06,2
1,127,2.15661941744752e-06,0.0104453715968641,2.13899479334999e-05,0.00101751533722471,1.32352039940495e-06,2
1,128,2.15466128691133e-06,0.0104001387122672,2.14339922299616e-05,0.00101305705069382,1.31272185510348e-06,2
1,129,2.1527180240669e-06,0.0103551709647628,2.13958833865693e-05,0.00100865938945007,1.30222947529536e-06,2
1,130,2.15078979807652e-06,0.0103104661275934,2.13874767773859e-05,0.00100428872240043,1.29202300790046e-06,2
1,131,2.14887607404721e-06,0.0102660210439937,2.13033207989557e-05,0.00100000667943403,1.2816634446705e-06,2
1,132,2.14697720069652e-06,0.0102218349152419,2.11469937653357e-05,0.000995773430928388,1.27120303437851e-06,2
1,133,2.14509323773655e-06,0.0101779039380639,2.10051865141339e-05,0.000991567397788267,1.26143751249628e-06,2
1,134,2.14322356237043e-06,0.0101342286945684,2.08759021382231e-05,0.000987413582281729,1.2519391885942e-06,2
1,135,2.14136815025682e-06,0.0100908089173111,2.07774333132389e-05,0.000983302840723367,1.24209958629506e-06,2
1,136,2.13952747773824e-06,0.0100476458223474,2.07308463065984e-05,0.000979237008137872,1.23284363464794e-06,2
1,137,2.13770144388503e-06,0.0100047388047035,2.06670926045163e-05,0.000975211613395927,1.22357192198758e-06,2
1,138,2.13588963634411e-06,0.0099620871597846,2.06984465850057e-05,0.000971189542807263,1.21434390758978e-06,2
1,139,2.134091264529e-06,0.00991969161778015,2.07672528579747e-05,0.000967222031983514,1.20486288810947e-06,2
1,140,2.13230650237036e-06,0.00987755173831287,2.06391455500795e-05,0.000963328318375836,1.19517794357257e-06,2
1,141,2.13053514946589e-06,0.00983566786644499,2.05903652170097e-05,0.000959482147899263,1.18596415570853e-06,2
1,142,2.12877720336019e-06,0.00979403914484731,2.03259340628167e-05,0.000955699821490633,1.17659246324909e-06,2
1,143,2.12703240589872e-06,0.00975266470469805,2.012501076418e-05,0.000951919561623334,1.16746271211355e-06,2
1,144,2.12530080178122e-06,0.00971154234844424,2.00655439368429e-05,0.000948154685491543,1.15827417606932e-06,2
1,145,2.12358219602121e-06,0.00967067020346322,2.00013982622404e-05,0.000944447282111566,1.14931156097487e-06,2
1,146,2.12187624127127e-06,0.00963004748869137,2.0009408235414e-05,0.000940761330881252,1.14056471889618e-06,2
1,147,2.1201828763406e-06,0.00958967288997534,2.00098662706136e-05,0.000937121269258229,1.13150685797443e-06,2
1,148,2.11850215218066e-06,0.00954954591432758,1.9834030462395e-05,0.000933519533412656,1.12275953264577e-06,2
1,149,2.11683407818167e-06,0.00950966637443977,1.94942276854544e-05,0.000929869920809002,1.11392454147905e-06,2
1,150,2.11517855850711e-06,0.0094700325541459,1.95846603520135e-05,0.000926205977687567,1.10487651709533e-06,2
1,151,2.11353523533663e-06,0.00943064246600575,1.97714658043016e-05,0.000922604872118661,1.09593864151966e-06,2
1,152,2.11190388799516e-06,0.00939149394042899,1.98719507311874e-05,0.000919078363329737,1.0869668775703e-06,2
1,153,2.11028428585473e-06,0.00935258471123103,1.98224518931076e-05,0.000915628720012932,1.07787712323965e-06,2
1,154,2.10867635721551e-06,0.00931391439403775,1.96445405922308e-05,0.000912234164597279,1.06912502732564e-06,2
1,155,2.10707975173835e-06,0.0092754829670225,1.93958548590724e-05,0.000908862389335,1.06046628666727e-06,2
1,156,2.10549449305894e-06,0.0092372912675998,1.91800819048495e-05,0.000905484522205468,1.05180783769202e-06,2
1,157,2.10392042293351e-06,0.00919933916554429,1.911083280965e-05,0.000902088855687403,1.04266404277075e-06,2
1,158,2.10235758436453e-06,0.00916162487019379,1.9112891751646e-05,0.000898688476448806,1.03350457225259e-06,2
1,159,2.1008058270213e-06,0.00912414941514975,1.91038014389788e-05,0.000895308848948638,1.02441561527177e-06,2
1,160,2.09926482570798e-06,0.00908691099803147,1.90599652466586e-05,0.000891976727603978,1.01482678998173e-06,2
1,161,2.0977341255652e-06,0.00904991005529143,1.89794971220044e-05,0.000888686136073967,1.00564890601031e-06,2
1,162,2.09621409633504e-06,0.00901314894716619,1.89092719067405e-05,0.000885409227093023,9.95852121739642e-07,2
1,163,2.09470473860212e-06,0.0089766303142543,1.89396595070122e-05,0.000882127167384876,9.8560703631884e-07,2
1,164,2.09320605348103e-06,0.00894035520250329,1.89273990279982e-05,0.000878896122747586,9.75050768024016e-07,2
1,165,2.09171759942201e-06,0.0089043259598745,1.89574053201497e-05,0.000875677334950598,9.64465390553704e-07,2
1,166,2.09023885689001e-06,0.00886854330924457,1.89754080447446e-05,0.000872484579828346,9.54180302296111e-07,2
1,167,2.08877002713187e-06,0.00883301035987209,1.89782059647383e-05,0.000869325354242075,9.43419027469542e-07,2
1,168,2.08728921987246e-06,0.00879722302651651,1.82125593326852e-05,0.000866051788333227,3.94476342880782e-06,1
1,169,2.0858338204418e-06,0.0087618767185933,1.80989411749935e-05,0.0008630472762856,3.00950691796069e-06,1
1,170,2.08439238858016e-06,0.00872688193519064,1.80049750976886e-05,0.000860001660771997,3.03274849201294e-06,1
1,171,2.0829640461046e-06,0.00869221765467197,1.8102453981827e-05,0.000856994926022476,2.91736628467422e-06,1
1,172,2.08154684290185e-06,0.00865785376585604,1.8295673228743e-05,0.000854003807765968,2.88842475377879e-06,1
1,173,2.08014026761995e-06,0.00862377623467672,1.85287592016054e-05,0.000851049307734743,2.84954148670472e-06,1
1,174,2.07874433311259e-06,0.00858997150992493,1.86845441332411e-05,0.000848157962063675,2.82139482375894e-06,1
1,175,2.07735853385358e-06,0.00855643059689364,1.87453891966209e-05,0.000845321810704585,2.79397812478847e-06,1
1,176,2.0759831285681e-06,0.00852314439433612,1.87780723233291e-05,0.000842517975034336,2.76707620090122e-06,1
1,177,2.07461821925155e-06,0.00849010285606987,1.88427534313929e-05,0.000839726548405833,2.74162653110933e-06,1
1,178,2.07326324309717e-06,0.00845729651066803,1.89681044679653e-05,0.000836943765323419,2.71643816592064e-06,1
1,179,2.07191764575969e-06,0.00842471985448557,1.92160616110597e-05,0.000834150060568751,2.69200505945797e-06,1
1,180,2.07058199553307e-06,0.00839236210031277,1.94306967677594e-05,0.000831392157490199,2.66545587398029e-06,1
1,181,2.06925561051407e-06,0.00836021609192862,1.974341888182e-05,0.000828626513570826,2.64359096066259e-06,1
1,182,2.0679376215756e-06,0.00832827778736795,2.0187416281401e-05,0.000825858321040529,2.62153338339452e-06,1
1,183,2.0666289599347e-06,0.00829653773913901,2.06165895892588e-05,0.00082314338230279,2.5974752462387e-06,1
1,184,2.06532856673152e-06,0.00826498797423947,2.10139682543299e-05,0.000820469189764227,2.57756488547698e-06,1
1,185,2.06403577161143e-06,0.00823362075317623,2.14178535743582e-05,0.000817805579262696,2.55761265840638e-06,1
1,186,2.06275000912933e-06,0.00820242815967778,2.18947896705016e-05,0.000815152445105778,2.54014845432415e-06,1
1,187,2.06147147255126e-06,0.00817140150335022,2.24073385674543e-05,0.000812525882317119,2.52363395819756e-06,1
1,188,2.06019956561864e-06,0.00814053431665589,2.29302400935493e-05,0.000809906049683026,2.50968723874145e-06,1
1,189,2.05893389609751e-06,0.00810982237321183,2.34280766936524e-05,0.00080729687092286,2.4947409841401e-06,1
1,190,2.05767479927725e-06,0.00807926014156114,2.39017485121851e-05,0.000804705922381501,2.48044264799497e-06,1
1,191,2.05642164435633e-06,0.00804884516698922,2.43245654886814e-05,0.000802133373285982,2.46820512308952e-06,1
1,192,2.05517486055521e-06,0.00801857374768937,2.46972427314849e-05,0.000799590840655181,2.4559837410252e-06,1
1,193,2.05393407580507e-06,0.0079884424410392,2.50192137433957e-05,0.00079707349396927,2.44658784443266e-06,1
1,194,2.05270024496951e-06,0.00795844475057936,2.53819556137059e-05,0.000794544768432489,2.43814929856465e-06,1
1,195,2.05147272489702e-06,0.00792857616817303,2.57629979770998e-05,0.000792017585187653,2.43216927959618e-06,1
1,196,2.05025108450021e-06,0.00789883621878056,2.61008925728914e-05,0.000789508695620287,2.42656737818881e-06,1
1,197,2.04903571417811e-06,0.00786922231978116,2.63928948815471e-05,0.000787019196588364,2.42143016905286e-06,1
1,198,2.04782645421577e-06,0.00783973290582668,2.66445673160215e-05,0.00078455354450286,2.41838473012967e-06,1
1,199,2.04662348726317e-06,0.00781036616665503,2.68480054815013e-05,0.000782112615065967,2.41534830607313e-06,1
1,200,2.04542656753326e-06,0.00778112131929804,2.70063164713457e-05,0.000779685611851431,2.41311775455317e-06,1
2,1,2.04416483108834e-06,0.00762843399279479,0.000488585496387815,0.00156735304034825,2.38886761288037e-06,3
2,2,2.04290393141034e-06,0.00753239035052618,0.000348947359305849,0.00139876369115481,2.01627036360356e-06,3
2,3,2.04139240771762e-06,0.00745555700300456,0.000207672552626273,0.00135092638143127,1.33678040708832e-06,3
2,4,2.03976959399883e-06,0.00738628545086606,0.000153447992977675,0.00133445501451589,8.22269942021098e-07,3
2,5,2.03815093294265e-06,0.00732046786275096,0.000126767903160202,0.00132203449556684,3.33990687396302e-06,2
2,6,2.03653625900005e-06,0.00725653444467344,0.000111108221657423,0.00130989060391613,2.66530273505987e-06,2
2,7,2.03490775938696e-06,0.00719396003420053,0.0001001860481511,0.00129857234479492,2.24924853698399e-06,2
2,8,2.03326648709467e-06,0.00713249834856069,9.10517027702991e-05,0.00128849249331755,1.91082324155965e-06,2
2,9,2.03161300912052e-06,0.00707200329297527,8.31063381542908e-05,0.00127936954840852,1.58005466193439e-06,2
2,10,2.02995123025476e-06,0.00701236796754787,7.59969305519254e-05,0.00127096333485643,1.32253662580062e-06,2
2,11,2.02828741514383e-06,0.00695352220920748,6.94992918821851e-05,0.00126306627360662,1.30021361109789e-06,2
2,12,2.02663079810089e-06,0.00689541771369705,6.35330787287581e-05,0.00125565788906905,1.38479344857119e-06,2
2,13,2.02499226471812e-06,0.00683802300232457,5.84567668462227e-05,0.00124843871206168,1.44276262329449e-06,2
2,14,2.02337864301667e-06,0.00678131597030406,5.44477179304277e-05,0.00124138246124992,1.47833629777909e-06,2
2,15,2.0217941310578e-06,0.00672527113502409,5.11537788025121e-05,0.00123449256175672,1.49487019318365e-06,2
2,16,2.02023810656725e-06,0.00666986062820369,4.85604994381518e-05,0.00122774189290715,1.49678481599978e-06,2
2,17,2.01870286204158e-06,0.00661505081637907,4.61886584960637e-05,0.00122124872555134,1.48987826513756e-06,2
2,18,2.01718268080985e-06,0.00656080843596047,4.37552937202607e-05,0.00121501377472038,1.48027969703833e-06,2
2,19,2.01567552999926e-06,0.00650711140598021,4.13044022997688e-05,0.00120897032411623,1.47008842456031e-06,2
2,20,2.01418236311833e-06,0.00645394331022826,3.88402999076178e-05,0.00120311069574591,1.45911442710922e-06,2
2,21,2.01270499321937e-06,0.00640129196156822,3.65120137479115e-05,0.00119738980402366,1.44732693580019e-06,2
2,22,2.01124228411173e-06,0.00634914433950892,3.44488412217592e-05,0.0011917086560171,1.4356457793147e-06,2
2,23,2.0097954592371e-06,0.0062974908064845,3.27983678543761e-05,0.00118606357416131,1.42464463625345e-06,2
2,24,2.00836497575486e-06,0.00624632277436259,3.14649473740433e-05,0.00118053310121028,1.41293674947804e-06,2
2,25,2.00695108940179e-06,0.00619563358041925,3.02034903056349e-05,0.00117513210817173,1.40167276122217e-06,2
2,26,2.0055548960414e-06,0.00614541721749186,2.90166175570751e-05,0.0011698257980765,1.39062840644054e-06,2
2,27,2.00417831014324e-06,0.0060956650190239,2.8300561261685e-05,0.00116450123931219,1.37947431019946e-06,2
2,28,2.0028195883963e-06,0.00604636738373596,2.77959424298255e-05,0.00115926378683662,1.3689208458415e-06,2
2,29,2.00147641074357e-06,0.00599751581192913,2.73868358479874e-05,0.00115410310219529,1.35870884964085e-06,2
2,30,2.00014786492572e-06,0.00594910117884345,2.70506042518195e-05,0.00114899875438813,1.3488471462469e-06,2
2,31,1.99883243028147e-06,0.00590111377996307,2.67332726410625e-05,0.00114393498657468,1.33948345208229e-06,2
2,32,1.9975296560055e-06,0.0058535475840151,2.64878013490502e-05,0.00113892460251997,1.33088688507111e-06,2
2,33,1.99623847936807e-06,0.00580639814004373,2.61794183900809e-05,0.0011340109314732,1.32241745462506e-06,2
2,34,1.99495861298233e-06,0.00575966055344943,2.54848528043412e-05,0.00112920653756914,1.31391846503339e-06,2
2,35,1.99368955847961e-06,0.00571332778971935,2.45057556128581e-05,0.00112448844626303,1.30602420533149e-06,2
2,36,1.99243174479432e-06,0.00566739346429005,2.36157197839581e-05,0.00111979316874641,1.29872518780986e-06,2
2,37,1.99118490393013e-06,0.00562185079621677,2.26570430387839e-05,0.00111512465735437,1.29188518940953e-06,2
2,38,1.98994932362231e-06,0.00557669537950725,2.17680508434142e-05,0.00111048532451755,1.28542187605318e-06,2
2,39,1.98872465771044e-06,0.00553192166693354,2.08231577012993e-05,0.00110590503705562,1.27877718225157e-06,2
2,40,1.98751106979177e-06,0.00548752692280673,1.98697490456356e-05,0.00110135244702611,1.27229871021266e-06,2
2,41,1.98630962041547e-06,0.0054435081902364,1.91864826556359e-05,0.0010967213169956,1.26584853792948e-06,2
2,42,1.98511926991664e-06,0.0053998642052876,1.88787921776648e-05,0.00109211645998108,1.25928637418266e-06,2
2,43,1.98393875038311e-06,0.00535659480179704,1.80817711822677e-05,0.00108764968976538,1.25254845525436e-06,2
2,44,1.98276860363184e-06,0.00531369939168398,1.72528311420786e-05,0.00108326909593912,1.24586457974081e-06,2
2,45,1.98160929163924e-06,0.00527117677178357,1.65700867658337e-05,0.00107894618630234,1.23916235919515e-06,2
2,46,1.98046132382508e-06,0.00522902657278715,1.59841590321392e-05,0.00107467795260773,1.2325679557421e-06,2
2,47,1.97932547282145e-06,0.00518724871134093,1.56506274620011e-05,0.00107040940763638,1.22571885745617e-06,2
2,48,1.97820161414986e-06,0.00514584456636121,1.5819811499878e-05,0.00106615206879761,1.21872720174967e-06,2
2,49,1.97708854163275e-06,0.00510481472539882,1.59141528320654e-05,0.00106197783875914,1.21149159931562e-06,2
2,50,1.9759853770691e-06,0.0050641591501184,1.59841878723367e-05,0.00105788141607318,1.20433529638269e-06,2
2,51,1.97489086028146e-06,0.00502387685511028,1.5714161074988e-05,0.00105389365313497,1.19732772497478e-06,2
2,52,1.97380510183351e-06,0.00498396783259211,1.53422712882278e-05,0.00104994995599678,1.19039855222922e-06,2
2,53,1.97272787922931e-06,0.00494443084885033,1.50785744808383e-05,0.00104603447518731,1.18345225527902e-06,2
2,54,1.97165915183419e-06,0.004905263657695,1.48139948947699e-05,0.00104213859896306,1.17659908693513e-06,2
2,55,1.97059917316042e-06,0.00486646470588157,1.4832588415727e-05,0.00103819860360101,1.16973661133133e-06,2
2,56,1.96954743360717e-06,0.00482803156106789,1.48906684873485e-05,0.00103429606167919,1.16269552248685e-06,2
2,57,1.96850346951588e-06,0.00478996276138156,1.46182998400224e-05,0.00103045975089631,1.15614155813771e-06,2
2,58,1.96746746531204e-06,0.00475225597576613,1.43992470151231e-05,0.00102664753358582,1.14991873377053e-06,2
2,59,1.96643978596907e-06,0.00471490904455759,1.42892060535214e-05,0.0010228446242442,1.14385844091168e-06,2
2,60,1.96542119591118e-06,0.00467791884681748,1.41443962385389e-05,0.00101908430915908,1.13765705333847e-06,2
2,61,1.96441083171319e-06,0.00464128148188246,1.40531116566043e-05,0.00101536854986652,1.13161379158256e-06,2
2,62,1.96340837378964e-06,0.00460499404540921,1.39954512425439e-05,0.00101167627640572,1.12573975973424e-06,2
2,63,1.9624141175828e-06,0.00456905528422508,1.42293766395696e-05,0.00100794936272711,1.11991721538089e-06,2
2,64,1.96142850307469e-06,0.00453346419633865,1.42010183475759e-05,0.00100430040259355,1.11392593676884e-06,2
2,65,1.96045106893584e-06,0.0044982186603178,1.38930306285292e-05,0.00100067664881683,1.10815600538042e-06,2
2,66,1.95948176877913e-06,0.00446331770376392,1.39984691965637e-05,0.00099709458020075,1.10277569079325e-06,2
2,67,1.95852068502695e-06,0.00442875986605542,1.39249177327004e-05,0.000993572919681296,1.09751206675692e-06,2
2,68,1.95756799527744e-06,0.00439454111726712,1.37299559403005e-05,0.000990082226399523,1.09232137440934e-06,2
2,69,1.95662378661846e-06,0.00436065833300672,1.35537379600956e-05,0.000986571386278222,1.08752625486993e-06,2
2,70,1.95568769325194e-06,0.00432710838634862,1.35195419928739e-05,0.00098305216597646,1.08280166056649e-06,2
2,71,1.95475935862302e-06,0.00429388818954176,1.34561856484757e-05,0.000979548284034527,1.07808811636848e-06,2
2,72,1.95383894740633e-06,0.00426099783072521,1.34377572047037e-05,0.000976047176105264,1.07337664056107e-06,2
2,73,1.95292610800786e-06,0.00422843907318636,1.3489234451338e-05,0.00097257738252413,1.06854810634441e-06,2
2,74,1.9520204080917e-06,0.00419621322116463,1.3381696743194e-05,0.000969149990463142,1.0636319096252e-06,2
2,75,1.95112183238593e-06,0.00416432157110622,1.32224073119529e-05,0.000965746462220522,1.05884307134516e-06,2
2,76,1.95023053939938e-06,0.00413276488702099,1.30918786369137e-05,0.000962335418095746,1.05412212934346e-06,2
2,77,1.94934664637521e-06,0.00410154324594374,1.31815901843688e-05,0.000958937608598001,1.04932082367562e-06,2
2,78,1.94846995963139e-06,0.00407065696114724,1.33020734952326e-05,0.000955577608309133,1.04452712680029e-06,2
2,79,1.94760068820594e-06,0.00404010710518339,1.34452071974361e-05,0.000952254484434369,1.03957892345554e-06,2
2,80,1.9467386850045e-06,0.00400989553707698,1.38003149041196e-05,0.000948920788331227,1.03464272828431e-06,2
2,81,1.94588332386133e-06,0.00398002171332105,1.38547277807283e-05,0.000945681912877157,1.02931191152713e-06,2
2,82,1.94503470816432e-06,0.00395048552730088,1.35113528316879e-05,0.000942507177591864,1.02424609093762e-06,2
2,83,1.94419238431042e-06,0.00392128705129039,1.32151620797488e-05,0.000939346549076999,1.0194916568661e-06,2
2,84,1.94335662177114e-06,0.00389242719000065,1.29740877282706e-05,0.000936193982831607,1.01470062974499e-06,2
2,85,1.9425274821494e-06,0.00386390695602451,1.27623209000186e-05,0.000933051690368246,1.00981962596729e-06,2
2,86,1.94170474584818e-06,0.0038357269407993,1.24934993757028e-05,0.000929920404560615,1.00473183047979e-06,2
2,87,1.94088861686966e-06,0.00380788761352192,1.2351607631733e-05,0.000926767324487857,9.99593659355545e-07,2
2,88,1.94007948408113e-06,0.00378039016566059,1.27687680399703e-05,0.000923515807367935,9.94595172437043e-07,2
2,89,1.93927651837341e-06,0.0037532331565115,1.24776608364733e-05,0.000920404294496137,9.89632912602448e-07,2
2,90,1.93847957556801e-06,0.00372641745116546,1.19679884759406e-05,0.000917336808379627,9.84791685585806e-07,2
2,91,1.93768854825727e-06,0.00369994394081386,1.17830675597987e-05,0.000914271979227292,9.7987834134062e-07,2
2,92,1.93690346853616e-06,0.0036738128238317,1.16671669010505e-05,0.000911240433792523,9.74920935209401e-07,2
2,93,1.93612460326297e-06,0.00364802386178778,1.16259686067689e-05,0.000908216590342688,9.70045915847024e-07,2
2,94,1.93535179423212e-06,0.00362257652177016,1.17367720150708e-05,0.000905225280532982,9.6516924417406e-07,2
2,95,1.93458505049327e-06,0.00359747089438663,1.16532152381899e-05,0.000902281841009972,9.60183056499028e-07,2
2,96,1.93382441840353e-06,0.00357270818780114,1.165098895964e-05,0.000899361464579706,9.55224149704306e-07,2
2,97,1.93306914982807e-06,0.00354828963076407,1.15949513900411e-05,0.00089647417479993,9.50412727539788e-07,2
2,98,1.9323193990471e-06,0.00352421576838538,1.15507114259986e-05,0.000893603229886767,9.45349295086544e-07,2
2,99,1.93157564198466e-06,0.00350048627225132,1.15780197134942e-05,0.000890756915595154,9.40529766515282e-07,2
2,100,1.93083759283686e-06,0.00347710059441596,1.1523852554213e-05,0.000887940148227322,9.35841847110109e-07,2
2,101,1.93010422300037e-06,0.0034540585052793,1.13930416256876e-05,0.000885149527392408,9.31429457266659e-07,2
2,102,1.92937600183062e-06,0.00343135981002197,1.12491584743921e-05,0.000882376739307863,9.26885659329901e-07,2
2,103,1.92865359620915e-06,0.00340900434876498,1.11491546119452e-05,0.000879610940367071,9.22213540908504e-07,2
2,104,1.92793765536732e-06,0.00338699202694539,1.11869427279437e-05,0.000876832453494179,9.17562636752275e-07,2
2,105,1.92722203940181e-06,0.00336525793461435,1.06046652257852e-05,0.000873777835650212,4.00889262330686e-06,1
2,106,1.92652430369765e-06,0.00334388180324941,1.19051909209281e-05,0.00087117825860423,2.40866527128128e-06,1
2,107,1.92582225432559e-06,0.00332286539866826,1.14896706903236e-05,0.000868319857343952,3.72632768569375e-06,1
2,108,1.92513517178646e-06,0.0033021823908021,1.24448618741445e-05,0.00086569628665996,2.56770444576004e-06,1
2,109,1.92444265136482e-06,0.003281858422949,1.18789293046307e-05,0.000862916541907186,3.61183988042048e-06,1
2,110,1.92376824434124e-06,0.00326187766453156,1.26521057149586e-05,0.000860306143615354,2.64273504770012e-06,1
2,111,1.92308725636177e-06,0.00324225230984606,1.23712099534353e-05,0.000857586217207843,3.58047474801006e-06,1
2,112,1.92242072107173e-06,0.00322295663060599,1.32505075821373e-05,0.000855041709123829,2.69199533259551e-06,1
2,113,1.92174638117697e-06,0.00320401261395918,1.26594020056469e-05,0.000852402733696848,3.61975372410866e-06,1
2,114,1.92108904593049e-06,0.00318541228678965,1.28902638690495e-05,0.000849896296874648,2.78736512449587e-06,1
2,115,1.92042350499483e-06,0.00316716901568421,1.23127658865532e-05,0.000847244517954663,3.67121274965713e-06,1
2,116,1.91977605396397e-06,0.00314926965892209,1.27387343663205e-05,0.000844712769123827,2.84810706821852e-06,1
2,117,1.91911946888361e-06,0.00313172537035037,1.23544490231341e-05,0.00084204183659794,3.76634566195523e-06,1
2,118,1.91848233665633e-06,0.0031145257092906,1.31298811819758e-05,0.000839480419710795,2.95545181516139e-06,1
2,119,1.91783441530517e-06,0.00309768489331484,1.30578754284758e-05,0.000836792249685373,3.91690141162606e-06,1
2,120,1.91720711162106e-06,0.00308119383559865,1.40041590277691e-05,0.000834298012068781,3.11734156828279e-06,1
2,121,1.91657661483612e-06,0.00306511578372701,1.45747022640436e-05,0.000831975201019841,8.37976647596453e-07,2
2,122,1.915940563095e-06,0.0030493223806442,1.34834149323973e-05,0.000829174089426731,3.88563682144077e-06,1
2,123,1.91532257505202e-06,0.00303387889355101,1.4380831016797e-05,0.000826844673498541,2.35553276652809e-06,1
2,124,1.91470023148527e-06,0.00301880336175838,1.37330000094456e-05,0.000824270278542058,3.5191934888857e-06,1
2,125,1.9140950397939e-06,0.00300407492061471,1.42702822491968e-05,0.000821880931616061,2.48832262808362e-06,1
2,126,1.91348377316633e-06,0.00298970660724327,1.38713456683658e-05,0.000819351606071154,3.40092872972972e-06,1
2,127,1.91288836882161e-06,0.00297567576011825,1.43155222885722e-05,0.000816939364698866,2.55957858318259e-06,1
2,128,1.91228391920039e-06,0.00296198481782729,1.44969865255008e-05,0.000814420484759222,3.37116892952334e-06,1
2,129,1.91169504273281e-06,0.00294863230331685,1.47049944099398e-05,0.000812033998570329,2.68082187460451e-06,1
2,130,1.91109809360957e-06,0.00293563883339299,1.44150586254263e-05,0.000809540876424958,3.4163703241816e-06,1
2,131,1.91051704435198e-06,0.00292299170826465,1.46572989390511e-05,0.000807176836040589,2.72569258327725e-06,1
2,132,1.9099262138395e-06,0.00291069814149864,1.44267769922978e-05,0.000804700463925713,3.46026171124614e-06,1
2,133,1.9093530880042e-06,0.00289874552396366,1.47547475149056e-05,0.000802352893242309,2.78610202564311e-06,1
2,134,1.90876891590146e-06,0.00288714134462054,1.43726190909747e-05,0.000799953643687935,3.54497540913995e-06,1
2,135,1.90820351928203e-06,0.00287587579509716,1.44020555625082e-05,0.000797699185353185,2.89370484130959e-06,1
2,136,1.90762616575888e-06,0.00286495131508146,1.38471527366994e-05,0.00079533135864554,3.6744033128358e-06,1
2,137,1.90707029346678e-06,0.00285436277688783,1.39910498492251e-05,0.000793049992893749,3.09945474633473e-06,1
2,138,1.90650179324991e-06,0.00284411333758175,1.35657799209809e-05,0.000790634218881084,3.87302724164222e-06,1
2,139,1.90595579685197e-06,0.00283418907306784,1.40886597997909e-05,0.000788293756179198,3.32109656451643e-06,1
2,140,1.90540499956133e-06,0.00282463752017599,1.46321457491832e-05,0.000786119103995491,7.86496449559142e-07,2
2,141,1.90484942280484e-06,0.00281538995558137,1.35186765357138e-05,0.000783534756565471,3.62812164286586e-06,1
2,142,1.90430740027722e-06,0.00280646756744581,1.41687984522861e-05,0.000781382680097566,2.29413089893005e-06,1
2,143,1.90376469252094e-06,0.00279791381376712,1.38371203478731e-05,0.000779000860317936,3.24605612811542e-06,1
2,144,1.90323261598091e-06,0.00278968104077283,1.42905652767152e-05,0.00077681843106428,2.42663950548026e-06,1
2,145,1.90269860180217e-06,0.00278180970441703,1.37993110700509e-05,0.00077457574822792,3.11182645520712e-06,1
2,146,1.90217371943815e-06,0.00277426067380404,1.3816569482704e-05,0.000772461067011047,2.45798100080044e-06,1
2,147,1.90164670184901e-06,0.00276706951506208,1.33080151263093e-05,0.000770247452480554,3.05529424270581e-06,1
2,148,1.90112854558925e-06,0.00276019761594231,1.33393306442632e-05,0.000768107049739345,2.46947777220371e-06,1
2,149,1.90060797875079e-06,0.00275367417262086,1.29393822687801e-05,0.00076587242529681,3.03636564192819e-06,1
2,150,1.90009609291829e-06,0.0027474626739579,1.3152096363897e-05,0.000763696514725661,2.47989216146859e-06,1
2,151,1.89958181286564e-06,0.00274159855369496,1.29200735355118e-05,0.000761455833529977,3.04939575381938e-06,1
2,152,1.89907600505916e-06,0.00273604634390564,1.31914403601841e-05,0.000759311591816679,2.50726906799634e-06,1
2,153,1.89856800858585e-06,0.00273084263163038,1.30005159857672e-05,0.000757095666460729,3.08653609086572e-06,1
2,154,1.89806852149927e-06,0.00272594532028637,1.33201896938547e-05,0.000754992372965838,2.54795412822129e-06,1
2,155,1.8975667197361e-06,0.00272139502477576,1.31207823976692e-05,0.000752800288437376,3.15056736135171e-06,1
2,156,1.89707330178537e-06,0.00271714369930911,1.37400420048372e-05,0.00075065396508821,2.61402933841109e-06,1
2,157,1.89657744363354e-06,0.00271323733390749,1.33132681540429e-05,0.000748545767267785,3.25366231494561e-06,1
2,158,1.8960893928665e-06,0.00270961848330244,1.34790254446004e-05,0.000746499239141258,2.72174169818189e-06,1
2,159,1.89559934682769e-06,0.00270634345976124,1.32340811411547e-05,0.0007443757233151,3.39991529614986e-06,1
2,160,1.89511619049102e-06,0.00270334579499945,1.34699984835443e-05,0.000742388798451139,2.88539055945237e-06,1
2,161,1.89463134857261e-06,0.00270069737381553,1.31226169365595e-05,0.000740324836934522,3.60715146891424e-06,1
2,162,1.89415280310968e-06,0.00269831653966263,1.3506216240033e-05,0.00073838192315964,3.12519174145184e-06,1
2,163,1.89367383083076e-06,0.00269628755559544,1.32666568635345e-05,0.000736336114744806,3.90330659942604e-06,1
2,164,1.89320011937807e-06,0.00269450946180176,1.38049321381912e-05,0.000734399156910492,3.47052277640464e-06,1
2,165,1.89272746930434e-06,0.00269307504305496,1.36862660474167e-05,0.000732658152830562,6.83562867706786e-07,2
2,166,1.89225282642678e-06,0.00269191939534603,1.32091191523374e-05,0.000730568802962501,2.64577401126333e-06,1
2,167,1.89178410365712e-06,0.00269102907195674,1.34706048736041e-05,0.00072871474820896,1.94031488448685e-06,1
2,168,1.89131649544644e-06,0.00269045278210613,1.3301926452773e-05,0.000726772423865427,2.40680947674601e-06,1
2,169,1.89085175864422e-06,0.00269013782467059,1.35354017573873e-05,0.000724929614986899,1.97922365742948e-06,1
2,170,1.89038789611476e-06,0.00269011816268017,1.34373889873105e-05,0.000723055821651454,2.31033872000682e-06,1
2,171,1.88992619843858e-06,0.00269035050730062,1.36322050493211e-05,0.000721229223678688,1.97439014403703e-06,1
2,172,1.88946684173198e-06,0.00269085929547653,1.37108815819403e-05,0.000719363991549722,2.26416018838574e-06,1
2,173,1.88900919038291e-06,0.00269160495970736,1.40538270294652e-05,0.000717543904133891,1.96786537715888e-06,1
2,174,1.88855466361724e-06,0.0026926151485174,1.42618895714153e-05,0.000715701918321043,2.25098547174669e-06,1
2,175,1.88810118142661e-06,0.00269385081953301,1.46874021580298e-05,0.000713912007194645,1.96962536007706e-06,1
2,176,1.88765199112826e-06,0.00269534300395513,1.49158509838474e-05,0.000712108736990724,2.27268649242788e-06,1
2,177,1.88720396198205e-06,0.0026970487095762,1.54476093118221e-05,0.000710357549327906,1.99334354801001e-06,1
2,178,1.88676218340902e-06,0.00269900129898399,1.59818258017849e-05,0.000708549078310829,2.33406649722382e-06,1
2,179,1.88632215615867e-06,0.00270114947971615,1.68546647105003e-05,0.000706803546917076,2.04811782919481e-06,1
2,180,1.88589010602265e-06,0.00270353341175088,1.74786590257792e-05,0.00070502844741133,2.4440149792367e-06,1
2,181,1.88545918324946e-06,0.00270609307563215,1.84151729007323e-05,0.000703272659054457,2.15064742694621e-06,1
2,182,1.88503527883258e-06,0.00270887476626598,1.87609344267301e-05,0.000701544798861767,2.62403964093572e-06,1
2,183,1.88460819529829e-06,0.002711810195899,1.93650946715998e-05,0.000699849166781429,2.32711578300953e-06,1
2,184,1.88418844781153e-06,0.00271497173263064,1.97856074126655e-05,0.000698087552144727,2.89238731927577e-06,1
2,185,1.88376435492522e-06,0.0027182798850631,2.04810022829312e-05,0.00069638768657355,2.61137988477481e-06,1
2,186,1.88334982110516e-06,0.00272182032099044,2.10422190440132e-05,0.00069458345048724,3.27903302692736e-06,1
2,187,1.88292942227309e-06,0.00272549267923588,2.19642273930118e-05,0.000692861216429979,3.04258255471535e-06,1
2,188,1.88252021107175e-06,0.00272940270944765,2.23904615475966e-05,0.000691092680755033,3.81571804435197e-06,1
2,189,1.88210313491473e-06,0.00273342734406425,2.30020722997444e-05,0.000689445651261248,3.65905735185825e-06,1
2,190,1.88169365798459e-06,0.00273767654442311,2.30245084030654e-05,0.000688053689730389,6.49058188341603e-07,2
2,191,1.88128664549766e-06,0.0027420927502041,2.30663605833843e-05,0.000686288768709752,2.16299862719092e-06,1
2,192,1.880882496632e-06,0.00274666782417032,2.33384681563625e-05,0.000684595098598452,1.9247452902938e-06,1
2,193,1.88048162022086e-06,0.00275143597807111,2.3613116685377e-05,0.000682832791612475,2.0611968277886e-06,1
2,194,1.88008276085674e-06,0.00275636709849175,2.40186824325771e-05,0.000681085421914954,1.96032581923443e-06,1
2,195,1.87968636466537e-06,0.002761476064493,2.43812190767966e-05,0.000679332222768216,2.0455677441433e-06,1
2,196,1.87929030527665e-06,0.00276674391982018,2.46537408334053e-05,0.000677637301859631,1.98288516036788e-06,1
2,197,1.87889675717967e-06,0.00277218441846728,2.47340639077717e-05,0.00067599464945359,2.05077737275024e-06,1
2,198,1.87850398559557e-06,0.00277778559638819,2.46899138383576e-05,0.000674396512433817,1.99749490752057e-06,1
2,199,1.87811457246759e-06,0.00278355578082873,2.45666589893972e-05,0.000672776108577295,2.05423193698552e-06,1
2,200,1.87772589777813e-06,0.00278948293107271,2.44679225322402e-05,0.000671125735417768,2.00303756388602e-06,1
3,1,1.87759813064354e-06,0.00277789083265513,0.000125104098708739,0.000699918992798214,7.06540766483914e-07,3
3,2,1.87727722756446e-06,0.00277292157711625,8.01962603507153e-05,0.000692213481217636,3.13680925641077e-06,2
3,3,1.8768595975282e-06,0.00277164952475243,6.70090675347016e-05,0.000690775766909501,1.91269842594734e-06,2
3,4,1.87642093732167e-06,0.00277233492999542,6.11357888451037e-05,0.000688018487762511,1.11661457418126e-06,2
3,5,1.87597823989746e-06,0.00277409848213329,5.56920343701369e-05,0.000684855269579343,7.92414078603438e-07,2
3,6,1.87553242195686e-06,0.00277652431763109,4.99220185581911e-05,0.000681864998799773,8.47432861118958e-07,2
3,7,1.87508947885257e-06,0.0027793628023119,4.45511354984054e-05,0.00067900003871929,3.97696707090048e-06,1
3,8,1.87465712655493e-06,0.00278254731189188,4.03164147885904e-05,0.000676453618316035,2.45078903299536e-06,1
3,9,1.87423172239697e-06,0.00278595344038353,3.67740184421157e-05,0.00067366943957742,3.02388976053842e-06,1
3,10,1.8738180206293e-06,0.00278953609165505,3.43553631476724e-05,0.00067079708790135,2.56569039905919e-06,1
3,11,1.87340680944683e-06,0.00279322920113245,3.25279503714588e-05,0.000667955892550397,2.84790356134141e-06,1
3,12,1.87300275480392e-06,0.00279703695432388,3.11628251422183e-05,0.000665193503100777,2.88776379280115e-06,1
3,13,1.87259835315707e-06,0.00280093951797338,3.02332014981255e-05,0.000662534947654195,3.07634289769708e-06,1
3,14,1.87220057259062e-06,0.00280495927075403,2.95340188107292e-05,0.000659936379041973,3.37632534579227e-06,1
3,15,1.87180431398582e-06,0.00280908651018298,2.9024915005266e-05,0.000657508747932564,3.6187862816775e-06,1
3,16,1.87141560569525e-06,0.00281335369483656,2.85245741301783e-05,0.000655371639871368,6.60092893798482e-07,2
3,17,1.87103453266641e-06,0.00281774957444029,2.82116792370416e-05,0.000652961668874711,2.39258964709678e-06,1
3,18,1.87065930408658e-06,0.00282229352182629,2.82094905151715e-05,0.000650708930679317,2.16628117278352e-06,1
3,19,1.87028908971012e-06,0.00282699446184164,2.82566967886698e-05,0.000648470060591606,2.30486113889865e-06,1
3,20,1.86992181625582e-06,0.00283185386189471,2.84361928109942e-05,0.000646267592344863,2.14867304205834e-06,1
3,21,1.869557288653e-06,0.00283687713085078,2.84401810024976e-05,0.000644223405339378,2.31110477557127e-06,1
3,22,1.86919413568578e-06,0.00284205872854698,2.82731737695859e-05,0.000642297249865897,2.13895326738442e-06,1
3,23,1.86883308820219e-06,0.00284740068405906,2.80512496635706e-05,0.00064037898070148,2.34564076203307e-06,1
3,24,1.86847307839822e-06,0.00285289527332769,2.78139924723073e-05,0.000638520400411239,2.16818567188629e-06,1
3,25,1.86811585234229e-06,0.00285854677228315,2.74652635807203e-05,0.000636675271424462,2.4357184338742e-06,1
3,26,1.86776017537638e-06,0.0028643449661211,2.71722576935329e-05,0.000634859091472014,2.27086550366425e-06,1
3,27,1.8674084453888e-06,0.00287029654525586,2.68730566555958e-05,0.000633013917665713,2.62980605361091e-06,1
3,28,1.86705845943e-06,0.00287638561948687,2.66712276671551e-05,0.000631200215624998,2.51683670153939e-06,1
3,29,1.86671331445247e-06,0.00288262252358967,2.64197118717937e-05,0.000629379796241746,2.99933091346917e-06,1
3,30,1.8663689830626e-06,0.00288898591025843,2.62761264647277e-05,0.000627602922296266,3.00466143266115e-06,1
3,31,1.86603023777249e-06,0.00289549461410498,2.60848289097276e-05,0.000625799565130506,3.64914477882224e-06,1
3,32,1.86569076410071e-06,0.00290211768828902,2.6017798384936e-05,0.000624053042432894,3.85391957987716e-06,1
3,33,1.86535388604425e-06,0.00290882336129843,2.56195332656972e-05,0.000622660580214798,5.96865513438563e-07,2
3,34,1.86502085718932e-06,0.00291572016606974,2.52619558360882e-05,0.000620909001750181,2.04648993052193e-06,1
3,35,1.86468976891663e-06,0.00292273439447982,2.50804220085035e-05,0.000619261613409554,1.8671241876832e-06,1
3,36,1.86436098116285e-06,0.0029298732008288,2.48528061496544e-05,0.000617619108403725,1.9050868270123e-06,1
3,37,1.86403349469853e-06,0.00293713101669858,2.46407110499208e-05,0.000616008779979195,1.84165487081006e-06,1
3,38,1.8637077724377e-06,0.00294450767559981,2.44220407241064e-05,0.000614410285643366,1.85728986277403e-06,1
3,39,1.86338348350746e-06,0.00295199935914108,2.41800955067811e-05,0.000612838479863214,1.83413270187944e-06,1
3,40,1.86306071844779e-06,0.00295960381165611,2.39657864070631e-05,0.00061126056367451,1.84291948558074e-06,1
3,41,1.86273980009216e-06,0.00296731971675038,2.39198915278704e-05,0.000609630939960753,1.85566362555748e-06,1
3,42,1.86242046035621e-06,0.00297513943484476,2.35605353881836e-05,0.000608123872690787,1.87554335124156e-06,1
3,43,1.86210321351746e-06,0.00298306270386401,2.32189439808245e-05,0.000606635929277896,1.93201932215954e-06,1
3,44,1.86178703218052e-06,0.00299107979517607,2.29527308045036e-05,0.000605147656782878,1.98205535294174e-06,1
3,45,1.86147338188597e-06,0.00299919521643989,2.26932113976025e-05,0.000603690664279737,2.10075254682289e-06,1
3,46,1.86116001577729e-06,0.00300739413816042,2.24384609575697e-05,0.000602230993236092,2.21101278688004e-06,1
3,47,1.86085003661075e-06,0.00301568528421591,2.22630153153816e-05,0.000600752992585384,2.41884599619217e-06,1
3,48,1.86053926060127e-06,0.00302404695296087,2.2228718095078e-05,0.000599250052056697,2.63315169366142e-06,1
3,49,1.86023273870848e-06,0.00303249610574197,2.2168226066194e-05,0.000597763910937105,2.96581644138142e-06,1
3,50,1.85992364820347e-06,0.00304100230816571,2.21005344158664e-05,0.000596268980385847,3.33503276572016e-06,1
3,51,1.85962031835161e-06,0.00304959572956089,2.21126291573906e-05,0.000594737895208318,3.83672552850493e-06,1
3,52,1.8593131014802e-06,0.00305816052279426,2.14098200230255e-05,0.000593650507698496,5.45769213981339e-07,2
3,53,1.85900790203741e-06,0.00306689121940461,2.09227977041025e-05,0.000592186462424256,1.70584104733559e-06,1
3,54,1.85870488034285e-06,0.00307567513584423,2.07034115319709e-05,0.000590759404174582,1.5942875162459e-06,1
3,55,1.85840392403685e-06,0.00308451398772334,2.05229695514887e-05,0.00058932531188064,1.61296619405232e-06,1
3,56,1.85810391723449e-06,0.00309340619034864,2.03683621931259e-05,0.000587943599014818,1.58331332555374e-06,1
3,57,1.85780550595263e-06,0.00310235279571884,2.01661979960886e-05,0.000586590896785069,1.59934077919934e-06,1
3,58,1.85750754069352e-06,0.00311134859288658,1.98545431267888e-05,0.000585283817051845,1.60501582472009e-06,1
3,59,1.85721165576789e-06,0.00312039713268949,1.94459605938936e-05,0.000583996641234423,1.63177573050048e-06,1
3,60,1.85691598629977e-06,0.00312949086996961,1.90571297207074e-05,0.000582698376781434,1.67653194662281e-06,1
3,61,1.85662315043603e-06,0.00313863756744018,1.87976111668475e-05,0.000581351248810622,1.73152873023502e-06,1
3,62,1.85633023604566e-06,0.00314782578436487,1.86987587489935e-05,0.000579952610866449,1.83347625563e-06,1
3,63,1.85604104286076e-06,0.00315706819302925,1.87527037174757e-05,0.000578548406450673,1.94246354224142e-06,1
3,64,1.85575036259539e-06,0.00316634667004825,1.87458364750558e-05,0.000577189138515988,2.12664081617136e-06,1
3,65,1.8554642194621e-06,0.00317567976238879,1.86295259712773e-05,0.000575897626748919,2.32193033694384e-06,1
3,66,1.8551750774756e-06,0.0031850417485345,1.83902877960443e-05,0.000574632911511375,2.6197207112679e-06,1
3,67,1.85489229508903e-06,0.00319446104085972,1.82263838588908e-05,0.000573365109083666,2.93969049317258e-06,1
3,68,1.85460473069563e-06,0.00320390005203254,1.80779087154333e-05,0.000572057648080266,3.38832612934027e-06,1
3,69,1.85432557398625e-06,0.00321340016678678,1.80419824115322e-05,0.000570727819041153,3.88052174122086e-06,1
3,70,1.85404151459063e-06,0.00322283380340781,1.74513001083092e-05,0.000569751699990199,4.95267697659309e-07,2
3,71,1.85375957267232e-06,0.00323241639097604,1.72661341383743e-05,0.000568377491236348,1.50590829503376e-06,1
3,72,1.8534796638786e-06,0.0032420287464338,1.72470825806332e-05,0.000567090627126914,1.38608724165675e-06,1
3,73,1.85320158803226e-06,0.00325167049546601,1.72000006437691e-05,0.000565812921000823,1.44304549897435e-06,1
3,74,1.85292423996525e-06,0.00326134094595193,1.7146929822884e-05,0.000564577209255514,1.41312702355678e-06,1
3,75,1.85264917948442e-06,0.00327104108166565,1.70172892253944e-05,0.000563354246962714,1.46348774073426e-06,1
3,76,1.85237522725597e-06,0.00328076566172658,1.69379081941293e-05,0.000562123095514876,1.47887853478214e-06,1
3,77,1.85210268004526e-06,0.00329051733636963,1.67643861492827e-05,0.000560914250327038,1.54488535436588e-06,1
3,78,1.85182887161839e-06,0.00330028935503384,1.65930487156904e-05,0.000559697400968006,1.61031035855359e-06,1
3,79,1.85155773198489e-06,0.00331009085022756,1.64249472706799e-05,0.000558478199263725,1.71667502689684e-06,1
3,80,1.85128485135639e-06,0.00331990876621491,1.62525799495371e-05,0.000557269876675527,1.85027230381867e-06,1
3,81,1.85101598178783e-06,0.00332975700913961,1.60690692310444e-05,0.000556073184345575,2.02132499822925e-06,1
3,82,1.85074466192051e-06,0.00333961506093698,1.59482534373321e-05,0.000554845528929963,2.24758205771824e-06,1
3,83,1.85047919489949e-06,0.00334950486462353,1.59868576256271e-05,0.000553600934769745,2.51613069367098e-06,1
3,84,1.85020951148455e-06,0.00335939603204322,1.61353934734873e-05,0.000552348155708994,2.86280331087252e-06,1
3,85,1.84994714954806e-06,0.0033693238160642,1.64668844001425e-05,0.000551021892666493,3.26605194553372e-06,1
3,86,1.8496780643313e-06,0.00337924443146066,1.65015763048694e-05,0.000549792803788222,3.76911104870107e-06,1
3,87,1.84941257185616e-06,0.00338909470762036,1.58816995683667e-05,0.00054899334045333,4.40585156525209e-07,2
3,88,1.84914949865616e-06,0.00339908613241814,1.55884401403458e-05,0.000547825495508706,1.42852991441397e-06,1
3,89,1.84888757375416e-06,0.00340908705946903,1.54115486184417e-05,0.000546735576033545,1.29886488511967e-06,1
3,90,1.8486256788355e-06,0.00341909665277859,1.518913349543e-05,0.000545610671411618,1.39227567442727e-06,1
3,91,1.8483655114187e-06,0.00342912327929857,1.51455733990317e-05,0.000544425763364043,1.37368755036503e-06,1
3,92,1.84810492334534e-06,0.00343915606390841,1.50296240628961e-05,0.000543246318226004,1.45643082609337e-06,1
3,93,1.84784695771917e-06,0.00344920538229801,1.49624115448527e-05,0.000542086043332076,1.49789248721007e-06,1
3,94,1.84758784246586e-06,0.00345925711129937,1.49220750147849e-05,0.000540936134885388,1.60906750745801e-06,1
3,95,1.84733208486066e-06,0.00346932666313106,1.49114119534854e-05,0.000539806923364561,1.71197730190807e-06,1
3,96,1.84707431572525e-06,0.00347939493614264,1.49060677488392e-05,0.00053868314029233,1.88076792759755e-06,1
3,97,1.84682127343721e-06,0.00348948334066898,1.49632271128561e-05,0.000537568238653508,2.06535160943885e-06,1
3,98,1.8465647933154e-06,0.0034995654893375,1.50352807550272e-05,0.000536454992812814,2.31776723086983e-06,1
3,99,1.84631419183672e-06,0.00350967115130861,1.5010188803316e-05,0.000535384843964398,2.60994332694448e-06,1
3,100,1.84605840137802e-06,0.0035197642128896,1.49685860529078e-05,0.000534292345559806,2.97557122013196e-06,1
3,101,1.84581070124164e-06,0.00352988610719154,1.5085052156164e-05,0.000533166902445331,3.40728261156521e-06,1
3,102,1.84555536156875e-06,0.00353998703553616,1.52495188697352e-05,0.000532002790684718,3.92353208295572e-06,1
3,103,1.84530364697937e-06,0.00355000747174109,1.46858701450423e-05,0.000531277235404497,4.17274458469078e-07,2
3,104,1.84505450460146e-06,0.00356016558391859,1.44679408496769e-05,0.000530162818850036,1.36811898911171e-06,1
3,105,1.84480657318647e-06,0.00357032386786598,1.43688397489711e-05,0.000529132615198117,1.2378291007579e-06,1
3,106,1.84455875744261e-06,0.00358048129245751,1.41897294770892e-05,0.000528090112679885,1.34069968913665e-06,1
3,107,1.84431247606425e-06,0.00359064574506118,1.40641977334689e-05,0.000527060438129714,1.3371941881835e-06,1
3,108,1.84406544236571e-06,0.00360080668319315,1.39336239191393e-05,0.00052601319528382,1.42405513869639e-06,1
3,109,1.84382092292148e-06,0.00361097567366526,1.38973330388419e-05,0.000524958273707466,1.4889792630141e-06,1
3,110,1.84357509104434e-06,0.0036211380212951,1.38981543689151e-05,0.000523896427366694,1.60413523432078e-06,1
3,111,1.84333300709398e-06,0.00363131023853655,1.39668303260007e-05,0.000522838906107295,1.73565894337255e-06,1
3,112,1.84308862053483e-06,0.00364147206911356,1.40371372945291e-05,0.000521788726624577,1.90860665821674e-06,1
3,113,1.84284878172327e-06,0.0036516460834043,1.40757843083717e-05,0.000520775325848245,2.12397676779005e-06,1
3,114,1.84260502210858e-06,0.00366180440564126,1.4021420798546e-05,0.000519782144185456,2.3796312627724e-06,1
3,115,1.84236737400382e-06,0.0036719787372938,1.39681604440534e-05,0.00051879710429737,2.70286944904624e-06,1
3,116,1.84212393770432e-06,0.00368213117423875,1.39275078363715e-05,0.00051778738178687,3.0696042553818e-06,1
3,117,1.84188877952446e-06,0.00369230465947443,1.39489194508224e-05,0.000516758275885092,3.53019123866767e-06,1
3,118,1.8416478472004e-06,0.00370235960489319,1.33422062244864e-05,0.000516050591451067,4.06163696505255e-07,2
3,119,1.84140841813209e-06,0.0037125433999356,1.31407965513526e-05,0.000515005182056825,1.2459461618962e-06,1
3,120,1.84117026321659e-06,0.00372271714767244,1.30952392702011e-05,0.000514012736590785,1.15451046869935e-06,1
3,121,1.84093393456359e-06,0.0037328852239156,1.30656047291915e-05,0.000512999197524134,1.20715573882971e-06,1
3,122,1.84069810132907e-06,0.00374304490596811,1.30958891095697e-05,0.000511998831751355,1.19533661753421e-06,1
3,123,1.84046395074512e-06,0.00375320098545437,1.31099932936508e-05,0.000511017507162922,1.24756485231102e-06,1
3,124,1.84022939210872e-06,0.00376334729530345,1.31108836807521e-05,0.000510051120250292,1.27451802022659e-06,1
3,125,1.8399969473326e-06,0.00377349171411193,1.3066702278796e-05,0.000509105258136272,1.35113092192247e-06,1
3,126,1.8397635064839e-06,0.00378362441193297,1.30115755760972e-05,0.000508175545352128,1.41833757020708e-06,1
3,127,1.83953272209746e-06,0.00379375727354089,1.29456260834248e-05,0.000507256851252769,1.53865231226388e-06,1
3,128,1.83929996382954e-06,0.0038038757657335,1.28756899023557e-05,0.000506337390290991,1.6602007448385e-06,1
3,129,1.83907083644055e-06,0.00381399687025778,1.28026089658856e-05,0.000505411161414108,1.84386346434917e-06,1
3,130,1.83883893776102e-06,0.00382409966765942,1.27698382316102e-05,0.000504473122776804,2.03751918182627e-06,1
3,131,1.83861221552838e-06,0.00383420796634543,1.28206186979672e-05,0.000503514734209547,2.30624923876413e-06,1
3,132,1.83838072670218e-06,0.00384429222030484,1.28862426018319e-05,0.000502549186516654,2.59183167431824e-06,1
3,133,1.83815603198777e-06,0.00385438640121601,1.29989144518118e-05,0.00050157091957034,2.97080429119822e-06,1
3,134,1.83792465123145e-06,0.00386444981118464,1.31196278971871e-05,0.000500590667266643,3.37455820718713e-06,1
3,135,1.83770245861844e-06,0.00387452888714688,1.32892012556403e-05,0.000499594500756198,3.89549545482795e-06,1
3,136,1.83747380237934e-06,0.0038844828935915,1.26172820356595e-05,0.000499028013509075,3.94406135841139e-07,2
3,137,1.83724694300263e-06,0.00389456020195559,1.25816173297691e-05,0.000498072695211499,1.22260913319961e-06,1
3,138,1.83702107019238e-06,0.00390462057761374,1.27197454587321e-05,0.000497168424802033,1.1150843894155e-06,1
3,139,1.83679675153534e-06,0.00391466982309488,1.27334172281456e-05,0.000496278872810483,1.19379589920673e-06,1
3,140,1.83657257399652e-06,0.00392470338473353,1.26938273056641e-05,0.000495411265014889,1.18653429874142e-06,1
3,141,1.83635016317824e-06,0.00393472788725651,1.26222788707162e-05,0.000494522871126434,1.26543385469744e-06,1
3,142,1.83612747559072e-06,0.00394473432083027,1.26045227543314e-05,0.000493629147164541,1.30871330691334e-06,1
3,143,1.83590710734566e-06,0.00395473264843571,1.26747359185847e-05,0.000492723925291164,1.42081165000966e-06,1
3,144,1.83568496861789e-06,0.0039647101054352,1.27541399781862e-05,0.000491829916750557,1.51384312370419e-06,1
3,145,1.83546542784686e-06,0.00397468220393969,1.2769493304738e-05,0.000490971478832758,1.68194406074255e-06,1
3,146,1.83524327856638e-06,0.00398463132144248,1.26991321652814e-05,0.000490135914705166,1.83989535337068e-06,1
3,147,1.83502500436617e-06,0.00399457883239182,1.26274989023072e-05,0.000489297918381644,2.08550527261062e-06,1
3,148,1.83480315896786e-06,0.00400449915076317,1.26067226779749e-05,0.000488442585801293,2.32838712038922e-06,1
3,149,1.83458703840647e-06,0.00401442159127755,1.26850070673964e-05,0.000487559994068047,2.67537336179219e-06,1
3,150,1.83436561909109e-06,0.00402431091970086,1.28277248145601e-05,0.000486653960145564,3.02361403322224e-06,1
3,151,1.83415204726612e-06,0.00403420742381064,1.30075547277436e-05,0.000485727242540181,3.49758248500208e-06,1
3,152,1.83393094294394e-06,0.00404406269543075,1.32598420257466e-05,0.000484781484850087,3.97863207015841e-06,1
3,153,1.83371302936967e-06,0.00405381576198696,1.25290213113082e-05,0.000484313576686114,3.67234566676575e-07,2
3,154,1.83349786871922e-06,0.00406368981908616,1.2334974205127e-05,0.000483429601635551,1.21631812962565e-06,1
3,155,1.8332835495028e-06,0.00407354136010885,1.23084496453783e-05,0.000482607894693997,1.08310922951185e-06,1
3,156,1.83306976725527e-06,0.00408337459227457,1.2281795827452e-05,0.000481761389986805,1.1923638187776e-06,1
3,157,1.83285706623347e-06,0.00409319457726739,1.23495105872046e-05,0.000480919815034822,1.21177788756817e-06,1
3,158,1.83264351680602e-06,0.00410299440308945,1.23620101271413e-05,0.0004800817342641,1.29398066525311e-06,1
3,159,1.83243162546802e-06,0.00411278302005856,1.23718783482516e-05,0.000479257131836717,1.39161802208125e-06,1
3,160,1.83221803135818e-06,0.0041225495283823,1.23097003528236e-05,0.000478448129446392,1.49631140325024e-06,1
3,161,1.8320070611625e-06,0.00413230804516545,1.22110032853713e-05,0.000477638430259598,1.66281350967235e-06,1
3,162,1.83179373218941e-06,0.00414204198167839,1.20896104398633e-05,0.000476825084623604,1.82156726094243e-06,1
3,163,1.8315844288853e-06,0.00415177112819497,1.20650902874314e-05,0.000475981184341326,2.07035688737951e-06,1
3,164,1.83137252856082e-06,0.00416147161787683,1.22525043113216e-05,0.000475091583253329,2.30494272748199e-06,1
3,165,1.83116602932139e-06,0.0041711696889427,1.24962848988328e-05,0.000474200446505377,2.65713480015402e-06,1
3,166,1.83095462190654e-06,0.00418083115766867,1.27348281194434e-05,0.000473314709930277,2.98925599736849e-06,1
3,167,1.83075023979157e-06,0.00419049439176382,1.29133451796142e-05,0.00047244764084513,3.46884233400286e-06,1
3,168,1.83053828964064e-06,0.00420011361089419,1.30883733370801e-05,0.000471591052925214,3.92762967608752e-06,1
3,169,1.83032892751872e-06,0.00420962822455021,1.22719588653903e-05,0.000471187135447271,3.53087067184139e-07,2
3,170,1.83012226542238e-06,0.00421925995554512,1.21023487075533e-05,0.000470333577107929,1.18567089492506e-06,1
3,171,1.82991611422008e-06,0.00422886609080202,1.21425852965346e-05,0.000469524048299212,1.05038906657003e-06,1
3,172,1.82971040565897e-06,0.00423845276462117,1.21577837404975e-05,0.000468700574499285,1.16163921564381e-06,1
3,173,1.82950561638399e-06,0.00424802306085557,1.22186621201472e-05,0.000467902009713401,1.18089021909658e-06,1
3,174,1.82930046849237e-06,0.00425757195823964,1.22728616793667e-05,0.000467094592868062,1.2582093019481e-06,1
3,175,1.82909730675306e-06,0.00426710660166202,1.25837592969713e-05,0.000466133945290033,1.35808214975864e-06,1
3,176,1.82889231604958e-06,0.00427661676855296,1.25495323123206e-05,0.000465302902050541,1.45449473048499e-06,1
3,177,1.82868944713373e-06,0.00428611437724828,1.2319364119304e-05,0.000464538196161536,1.62384602085617e-06,1
3,178,1.82848459947529e-06,0.00429558513952408,1.21406042628844e-05,0.000463771069946699,1.77258994409538e-06,1
3,179,1.82828305154314e-06,0.00430504756010229,1.21175641288068e-05,0.000462967511008791,2.02398663840079e-06,1
3,180,1.8280788436638e-06,0.00431448007889784,1.22667104411783e-05,0.000462113700742519,2.24681440709414e-06,1
3,181,1.82787951341603e-06,0.00432390819557244,1.24793665317168e-05,0.000461260634253071,2.6018277020112e-06,1
3,182,1.82767597040411e-06,0.00433330105484842,1.26519062439025e-05,0.000460423815592393,2.91993495699217e-06,1
3,183,1.82747859585466e-06,0.00434269499409158,1.27842730172618e-05,0.000459588132203992,3.40105746873175e-06,1
3,184,1.82727443533098e-06,0.00435204652844513,1.29186419055477e-05,0.000458760109195592,3.84078226968442e-06,1
3,185,1.82707268056912e-06,0.00436129400305566,1.2107207327996e-05,0.000458382921803863,3.39582615254679e-07,2
3,186,1.82687353183122e-06,0.00437065641110406,1.18683529969466e-05,0.000457601173584314,1.1484627357768e-06,1
3,187,1.82667480432037e-06,0.00437999152513168,1.18365575826324e-05,0.000456852914339208,1.00844493241473e-06,1
3,188,1.82647657611566e-06,0.0043893067902907,1.18044819136975e-05,0.000456077563121509,1.12016905143855e-06,1
3,189,1.82627921980973e-06,0.00439860364687472,1.18654509090341e-05,0.000455304798325476,1.13568428238516e-06,1
3,190,1.826081655075e-06,0.00440787862385686,1.19279866413632e-05,0.000454515300399026,1.21242741093036e-06,1
3,191,1.82588539252448e-06,0.00441713733366345,1.19596845836492e-05,0.000453748569750841,1.31158084938042e-06,1
3,192,1.82568813153001e-06,0.00442637199882208,1.19299708857911e-05,0.00045300116302878,1.40407937284431e-06,1
3,193,1.82549287126949e-06,0.00443559342665161,1.18676507551513e-05,0.000452256373144116,1.57535944462642e-06,1
3,194,1.82529601702464e-06,0.00444478849692269,1.18024741636945e-05,0.000451509877125735,1.71675580390355e-06,1
3,195,1.82510211346157e-06,0.00445397370415414,1.17710059774391e-05,0.000450748628836119,1.97170578852677e-06,1
3,196,1.82490588214304e-06,0.00446312891387774,1.18281012818626e-05,0.000449971888681681,2.18667863735763e-06,1
3,197,1.82471392351393e-06,0.00447227823298928,1.19746874397939e-05,0.000449169097867088,2.54717857348769e-06,1
3,198,1.8245181084896e-06,0.0044813921662003,1.21830608624081e-05,0.000448364259864506,2.85836293976671e-06,1
3,199,1.82432813328007e-06,0.00449050543845043,1.23678072343312e-05,0.000447545839189435,3.34709061399441e-06,1
3,200,1.82413221286551e-06,0.00449957598685746,1.25743685778576e-05,0.000446736611188393,3.77816280707257e-06,1
4,1,1.82365391294557e-06,0.00445985931214258,0.000140954134462527,0.000610568106137447,9.73090527849633e-07,3
4,2,1.82304566116906e-06,0.00443028816688276,0.000108112074640368,0.000567354476893789,7.71461906291663e-07,3
4,3,1.82239261722348e-06,0.00440644952505375,0.000112109618311029,0.000539562122813047,3.81156575871305e-06,2
4,4,1.8217564038297e-06,0.00438684035943031,0.000119697791580474,0.000519884501459991,2.57839515388012e-06,2
4,5,1.82115346937325e-06,0.0043704016464432,0.000123337748155135,0.000505048384826164,1.66312584098447e-06,2
4,6,1.82059131343403e-06,0.0043563922365427,0.000123062860253752,0.000493699953284344,9.86880700499604e-07,2
4,7,1.82006250072566e-06,0.00434422478323848,0.000119774706605042,0.000484957517933267,1.09412305779597e-06,2
4,8,1.81956483006142e-06,0.00433352565444809,0.000114873705083073,0.000477779471840778,1.22507323243221e-06,2
4,9,1.81909533827631e-06,0.00432402588371085,0.000108876137962471,0.000471591887198726,1.27245031191315e-06,2
4,10,1.81865158273956e-06,0.00431552014488768,0.000102199543438484,0.000466052022563791,1.29287543428458e-06,2
4,11,1.81822625636117e-06,0.00430781974224659,9.53307319870963e-05,0.000460917002202139,1.28915335018947e-06,2
4,12,1.81781628777931e-06,0.00430078046723001,8.86026580129979e-05,0.00045605916200617,1.26662051246147e-06,2
4,13,1.81742099859725e-06,0.00429427351077838,8.22790814573501e-05,0.000451352560170254,1.23103294628821e-06,2
4,14,1.81703773188019e-06,0.00428819753210148,7.65612552801538e-05,0.000446802897137154,1.18399298371387e-06,2
4,15,1.81666293039139e-06,0.00428247100403299,7.15151656183119e-05,0.000442490762263811,1.12973537351691e-06,2
4,16,1.81629342764236e-06,0.00427703425020261,6.71049500585484e-05,0.000438444907304035,1.07289684725004e-06,2
4,17,1.81592669991095e-06,0.00427184733651082,6.3188540745368e-05,0.000434695810792847,1.01713372576451e-06,2
4,18,1.81556245526829e-06,0.0042668796931856,5.96708912463792e-05,0.000431195793498128,9.64877270602361e-07,2
4,19,1.81520005195825e-06,0.00426211084370927,5.64358764672807e-05,0.000427971590328869,9.17213368780117e-07,2
4,20,1.8148389591632e-06,0.00425752756100286,5.33859875559307e-05,0.000424968189882836,8.73658780830916e-07,2
4,21,1.81447894002078e-06,0.00425311849137217,5.04549424403628e-05,0.000422187862412399,8.33857187441787e-07,2
4,22,1.81412009093687e-06,0.00424887764937868,4.76010017691328e-05,0.000419607563357933,7.97563480978137e-07,2
4,23,1.81376336690522e-06,0.00424479855476282,4.48699546486516e-05,0.000417196840698206,7.63726828848675e-07,2
4,24,1.81341006537266e-06,0.004240877728542,4.22871551629041e-05,0.000414900243220776,7.31910835662818e-07,2
4,25,1.81306108571314e-06,0.00423715609991987,3.96454938490624e-05,0.000412326086005008,3.93758463966376e-06,1
4,26,1.81271538557344e-06,0.00423353059276424,3.75257576747015e-05,0.000410442961219372,2.47212216220501e-06,1
4,27,1.81237627781336e-06,0.00423007888995829,3.52270139757103e-05,0.000408203792473888,3.56577516399136e-06,1
4,28,1.81204094864233e-06,0.00422673081614927,3.35550350858464e-05,0.000406387828786805,2.29930906628321e-06,1
4,29,1.81171151674413e-06,0.00422355296813189,3.159066978255e-05,0.000404269297727786,3.56143929966119e-06,1
4,30,1.81138417446796e-06,0.00422046782747792,3.02792866693811e-05,0.000402553730871189,2.35092572720872e-06,1
4,31,1.8110627258632e-06,0.00421755115273906,2.86296158034321e-05,0.000400471474016102,3.81927819598365e-06,1
4,32,1.81074222929974e-06,0.00421471054388732,2.76355606656655e-05,0.000398915988973302,2.7697544669907e-06,1
4,33,1.810425728803e-06,0.0042120080330328,2.6077605456461e-05,0.000397479613588541,5.73324836094764e-07,2
4,34,1.8101124919558e-06,0.00420943516803791,2.47576280359833e-05,0.00039571039099653,2.38770440975551e-06,1
4,35,1.80980071757402e-06,0.00420693575520743,2.38312174700157e-05,0.000394247690431782,1.5077044475593e-06,1
4,36,1.8094924508541e-06,0.00420456479540282,2.27463517101924e-05,0.00039260850088793,2.28492476883028e-06,1
4,37,1.80918511842467e-06,0.00420226794560542,2.20126338138649e-05,0.000391192699257919,1.45768629174687e-06,1
4,38,1.80888128640755e-06,0.00420009240624588,2.09846635096117e-05,0.000389689181394802,2.33958403762429e-06,1
4,39,1.8085779526726e-06,0.00419798463688574,2.03320672558534e-05,0.000388423099000544,1.47060565716407e-06,1
4,40,1.80827830447035e-06,0.00419599684219998,1.93713765543606e-05,0.000386964787011142,2.5161628030668e-06,1
4,41,1.80797859507979e-06,0.00419406852740748,1.88817064270956e-05,0.000385786321227285,1.64623417092814e-06,1
4,42,1.8076829494401e-06,0.00419226094469332,1.78959204622372e-05,0.000384413533651573,2.87592152172877e-06,1
4,43,1.80738666818867e-06,0.00419050266478612,1.75473631555639e-05,0.000383354377378349,2.09332917734437e-06,1
4,44,1.80709505615285e-06,0.00418886934712224,1.65866296822681e-05,0.000381998037537639,3.5020476616947e-06,1
4,45,1.80680181032778e-06,0.00418727220493967,1.65005811230315e-05,0.00038099740009791,2.90756735294451e-06,1
4,46,1.80651175542538e-06,0.00418578758648247,1.52534699576736e-05,0.000380172744910503,4.37817963573978e-07,2
4,47,1.80622373193943e-06,0.00418438757685136,1.4514289359471e-05,0.000379039774746153,1.7165020798754e-06,1
4,48,1.80593665851833e-06,0.00418304143754451,1.40988584596545e-05,0.000378083117022923,1.02485075091997e-06,1
4,49,1.80565220951899e-06,0.00418179495716598,1.34210267752763e-05,0.000377023988592674,1.70177641474236e-06,1
4,50,1.80536858929494e-06,0.00418060517097678,1.30688138258215e-05,0.000376111600386481,1.01450650163823e-06,1
4,51,1.80508782827064e-06,0.00417950920202032,1.2472829507715e-05,0.000375058086210841,1.73252663860139e-06,1
4,52,1.80480794453077e-06,0.00417846691830737,1.23102539879724e-05,0.000374139846676988,9.87496825228092e-07,1
4,53,1.80453056410696e-06,0.0041775157686408,1.17214388748838e-05,0.000373132241367756,1.79463975128007e-06,1
4,54,1.80425365927937e-06,0.00417661415084414,1.15181805571553e-05,0.000372297196762746,9.88730269191891e-07,1
4,55,1.80397964926156e-06,0.00417580331356051,1.0916041555755e-05,0.00037132804637724,1.91711760632748e-06,1
4,56,1.80370587221162e-06,0.0041750364658519,1.08733423718393e-05,0.00037052762628103,1.07468797699276e-06,1
4,57,1.80343512916577e-06,0.00417436181881454,1.03172405624884e-05,0.000369548332015055,2.1375541444844e-06,1
4,58,1.80316426720607e-06,0.00417372400254906,1.04757159907837e-05,0.000368757320180432,1.31980258290022e-06,1
4,59,1.80289678694994e-06,0.00417318071927489,9.93057275722513e-06,0.000367762910129883,2.51311621634041e-06,1
4,60,1.80262853684976e-06,0.00417266504098515,1.0214062488066e-05,0.000367028889113101,1.80249828015759e-06,1
4,61,1.80236419415208e-06,0.0041722487409055,9.58905283018563e-06,0.000366030688663453,3.12502131717925e-06,1
4,62,1.80209830711003e-06,0.00417184754461784,1.01357880051939e-05,0.000365318392066382,2.60364142553361e-06,1
4,63,1.80183499490967e-06,0.00417153004021464,8.9712384770529e-06,0.000364756643371697,3.40427491600355e-07,2
4,64,1.80157334798682e-06,0.00417127788523577,8.55887841690118e-06,0.000363948818129711,1.35350982790303e-06,1
4,65,1.80131233309219e-06,0.00417105902200642,8.52561773568163e-06,0.00036324366699279,7.49083841132158e-07,1
4,66,1.80105352461318e-06,0.00417091289570473,8.32191914655997e-06,0.000362415864246567,1.34888819516933e-06,1
4,67,1.80079628430423e-06,0.0041708028546146,8.97890765698094e-06,0.000361585434390293,7.60124543771745e-07,1
4,68,1.80054396188853e-06,0.00417075883781097,1.03371186126331e-05,0.000360409203512793,1.37406587210725e-06,1
4,69,1.80029642364591e-06,0.00417074672801568,1.30205067435267e-05,0.000359124926367223,7.4564910329917e-07,1
4,70,1.80004884897738e-06,0.0041707942090559,1.33592513634973e-05,0.000358272481921278,1.41883618527931e-06,1
4,71,1.79979903151301e-06,0.00417086717427245,1.29504202037606e-05,0.000357723663088047,7.41926355426141e-07,1
4,72,1.79954992496595e-06,0.00417099813060442,1.24010289983232e-05,0.000357023426561841,1.50522163287804e-06,1
4,73,1.79930073081869e-06,0.00417115160961996,1.22633218509595e-05,0.000356373375426354,7.92912326275921e-07,1
4,74,1.79905339134782e-06,0.00417136515335049,1.17553218912862e-05,0.000355610057206375,1.66021454151138e-06,1
4,75,1.79880582840815e-06,0.00417159820866875,1.15249123886245e-05,0.000354984481375656,9.46848744450391e-07,1
4,76,1.79856038397515e-06,0.00417189518977162,1.08581452943298e-05,0.000354229427413108,1.91640265293372e-06,1
4,77,1.79831451402355e-06,0.00417220748125393,1.06752576461303e-05,0.000353635712517687,1.25736622668699e-06,1
4,78,1.79807136122325e-06,0.00417258931041349,1.00068305377629e-05,0.000352852135127054,2.32839092412143e-06,1
4,79,1.79782759767603e-06,0.0041729804241387,1.00966740631202e-05,0.000352243383987385,1.79178457480578e-06,1
4,80,1.79758722741345e-06,0.00417344861901754,9.53565633266028e-06,0.000351391229866272,2.97675850185951e-06,1
4,81,1.79734554184244e-06,0.00417391741068923,9.97684574472722e-06,0.000350758891894366,2.63165853906609e-06,1
4,82,1.79710808340055e-06,0.00417447352663546,9.46626627782571e-06,0.000349828258674064,3.97163114969324e-06,1
4,83,1.7968681800801e-06,0.0041750153164789,1.02351197023174e-05,0.00034919602325826,3.88548916355721e-06,1
4,84,1.79663064943705e-06,0.00417562756892327,8.21553356549816e-06,0.000349083194926278,3.23144809131812e-07,2
4,85,1.79639462152701e-06,0.00417628720450873,7.72900184319489e-06,0.000348435959908572,1.06514227636478e-06,1
4,86,1.79615913639225e-06,0.00417696808132533,7.59718420065421e-06,0.000347828541323206,6.73649905042989e-07,1
4,87,1.79592502187425e-06,0.00417769916816359,7.32581553463314e-06,0.000347162951530201,1.02697352514982e-06,1
4,88,1.79569156628233e-06,0.00417845722436108,7.26341340467125e-06,0.000346540462256475,8.09009356354525e-07,1
4,89,1.7954593141413e-06,0.00417925891317037,7.01661597429101e-06,0.00034591559699915,1.04095911923316e-06,1
4,90,1.79522782019318e-06,0.00418008717425294,6.8436523536485e-06,0.000345334664652386,9.48318482256434e-07,1
4,91,1.79499758116723e-06,0.00418095420591718,6.6055246629689e-06,0.000344733598343032,1.10032798910275e-06,1
4,92,1.79476838703877e-06,0.00418184769219942,6.49326855456478e-06,0.000344148900724361,1.1487665687338e-06,1
4,93,1.79454017206178e-06,0.00418277608289255,6.33725955130788e-06,0.00034356188044416,1.24965844055678e-06,1
4,94,1.79431269105666e-06,0.00418373203058071,6.24335572746672e-06,0.000342960759984809,1.46299637382432e-06,1
4,95,1.79408610892511e-06,0.00418471933005162,6.33594047952632e-06,0.000342350965454344,1.55005053171008e-06,1
4,96,1.79386051961298e-06,0.00418573615773182,6.32135389111334e-06,0.000341742857003017,1.94930869780151e-06,1
4,97,1.79363551880047e-06,0.00418677937187182,6.50456868743564e-06,0.000341169221579848,2.0748231861031e-06,1
4,98,1.79341186082471e-06,0.00418785538415928,6.53176109960519e-06,0.000340545285432855,2.68157698279161e-06,1
4,99,1.7931882404462e-06,0.00418895116418779,6.98920827662363e-06,0.000339961975409399,2.91131132143929e-06,1
4,100,1.79296656233861e-06,0.00419008544068921,7.1686634165507e-06,0.000339262688679774,3.759148825479e-06,1
4,101,1.79274397814406e-06,0.00419124198075624,6.11903758122426e-06,0.000339222856217608,2.34058500392086e-07,2
4,102,1.79252258723874e-06,0.00419243210354943,5.66189557372156e-06,0.000338653352760236,1.38095077143001e-06,1
4,103,1.79230143488025e-06,0.00419363213454465,6.04064849377371e-06,0.000338189098881864,6.88300272940424e-07,1
4,104,1.79208156218614e-06,0.00419487727253842,5.68393341126037e-06,0.00033763788483552,1.53849838798422e-06,1
4,105,1.79186181307038e-06,0.00419612868894034,5.96061789789344e-06,0.000337196675565384,1.04903644130627e-06,1
4,106,1.79164350876471e-06,0.0041974265508378,5.66419887008399e-06,0.000336621952804763,1.8993066937311e-06,1
4,107,1.7914251816917e-06,0.00419872629657345,6.15500865426963e-06,0.000336153593172103,1.57549594922122e-06,1
4,108,1.7912085529686e-06,0.00420007694959205,5.92903543367143e-06,0.000335533729694488,2.50591066243344e-06,1
4,109,1.79099162382631e-06,0.00420142157926896,6.62377359220268e-06,0.000335057200937691,2.36341310905992e-06,1
4,110,1.79077690663171e-06,0.00420282424529246,6.45653583724187e-06,0.000334375126240978,3.44025903026445e-06,1
4,111,1.79056131923092e-06,0.00420420929557941,7.49154513401065e-06,0.00033385872577513,3.52745188680617e-06,1
4,112,1.79034712275189e-06,0.0042056392697276,5.65523610402225e-06,0.000333809171131996,2.54093117286863e-07,2
4,113,1.79013397318677e-06,0.00420710257847959,5.50975847099654e-06,0.000333309429931116,9.25841640312416e-07,1
4,114,1.78992123182835e-06,0.00420857352548689,5.78202338720133e-06,0.000332847040044019,5.65308889292728e-07,1
4,115,1.78970967617372e-06,0.00421007724527121,5.90233287591515e-06,0.000332341351496883,9.09120127718721e-07,1
4,116,1.78949925196647e-06,0.00421159321027493,6.37604288551372e-06,0.000331806548608061,7.28678632899071e-07,1
4,117,1.78929197275116e-06,0.00421313689446111,8.16553301109095e-06,0.000331075739951952,9.59729570748391e-07,1
4,118,1.78908355404678e-06,0.00421469278858166,8.08203693849585e-06,0.000330716652769239,9.14213849710916e-07,1
4,119,1.78887557401786e-06,0.00421627233544683,7.40173574612079e-06,0.000330414175130321,1.085656642289e-06,1
4,120,1.78866782818802e-06,0.00421786447104509,6.92214964320122e-06,0.000330120150084367,1.18299209910243e-06,1
4,121,1.78846072320832e-06,0.00421947729959103,6.43594519503729e-06,0.0003298146728911,1.33533363196828e-06,1
4,122,1.78825393783742e-06,0.0042211044963173,6.05639813958402e-06,0.000329497050028797,1.58836276547013e-06,1
4,123,1.78804781788345e-06,0.00422274948815998,5.86902372673005e-06,0.000329158362685109,1.76526821041505e-06,1
4,124,1.78784211456904e-06,0.00422441186523888,5.73455205732907e-06,0.000328774454043998,2.1947553206268e-06,1
4,125,1.78763691862495e-06,0.00422608828246416,5.91659244264462e-06,0.000328375470980763,2.45194669412056e-06,1
4,126,1.7874323875328e-06,0.00422778672161674,6.02977788490516e-06,0.000327901575295786,3.0894563595282e-06,1
4,127,1.78722795796697e-06,0.00422949357132228,6.58911940751423e-06,0.000327439562834217,3.49205409155095e-06,1
4,128,1.78702382585629e-06,0.00423122223585418,4.90025161302933e-06,0.000327513478954351,2.12967567654859e-07,2
4,129,1.7868206840913e-06,0.00423297984441995,4.49445150782345e-06,0.000327118020666975,1.04571132676529e-06,1
4,130,1.78661773847947e-06,0.0042347398197745,4.71666028487596e-06,0.000326782603826316,5.47984068177831e-07,1
4,131,1.78641594535772e-06,0.0042365317431761,4.4927217906602e-06,0.000326388713118468,1.07376594246416e-06,1
4,132,1.78621448888157e-06,0.00423832814882334,4.66444873305171e-06,0.00032605685513643,7.58794457722224e-07,1
4,133,1.78601417728712e-06,0.00424015441468944,4.45983589078146e-06,0.000325674367584747,1.20602837604545e-06,1
4,134,1.78581408748221e-06,0.00424198478198452,4.63728841211799e-06,0.000325338931693819,1.02091708420365e-06,1
4,135,1.78561502983151e-06,0.00424384383703942,4.49552333962469e-06,0.000324941789905034,1.4533748452854e-06,1
4,136,1.78541603467145e-06,0.00424570596000367,4.75112791429265e-06,0.000324579108455656,1.40037846572676e-06,1
4,137,1.78521806578127e-06,0.00424759675981521,4.99605786419739e-06,0.000324075719996376,1.86076157195717e-06,1
4,138,1.78502001228615e-06,0.00424948902628248,5.13080385283429e-06,0.000323691998508861,1.95975403627623e-06,1
4,139,1.78482329591643e-06,0.00425140947727735,5.04905575327481e-06,0.000323234765963737,2.49298288518597e-06,1
4,140,1.78462605966124e-06,0.00425333010888283,5.55748073013327e-06,0.000322809142847501,2.77384448782389e-06,1
4,141,1.78443047171269e-06,0.00425527855222928,5.81044376502395e-06,0.000322296121589888,3.43174186512008e-06,1
4,142,1.78423407558359e-06,0.00425722496602964,6.52571700909977e-06,0.000321800536111168,3.94021027757535e-06,1
4,143,1.78403840898811e-06,0.00425919312116221,4.40076239908772e-06,0.000321991760511597,2.35232424659978e-07,2
4,144,1.78384333095525e-06,0.00426118312644046,3.92160902135502e-06,0.00032160518468839,1.0503735151277e-06,1
4,145,1.78364846110343e-06,0.00426317413641529,4.19736866645533e-06,0.000321266459363031,6.16108765788498e-07,1
4,146,1.78345441701266e-06,0.0042651893084407,3.99451660846326e-06,0.000320872722815286,1.15292084782604e-06,1
4,147,1.78326051280259e-06,0.00426720535132088,4.24857899947998e-06,0.0003205353972434,9.35623858074157e-07,1
4,148,1.78306740823967e-06,0.00426924440505767,4.14334078965923e-06,0.000320138202405793,1.43241554426878e-06,1
4,149,1.78287433099293e-06,0.0042712824379493,4.47137820734551e-06,0.000319794895702616,1.35803340474909e-06,1
4,150,1.78268208620705e-06,0.0042733447927113,4.37796291550731e-06,0.000319396267014017,1.90886089607177e-06,1
4,151,1.78248975234453e-06,0.0042754030806913,4.80353061301544e-06,0.000319042079706145,1.97621617681978e-06,1
4,152,1.78229846024831e-06,0.00427748880390758,4.84563080658759e-06,0.000318596662990494,2.64341355313225e-06,1
4,153,1.78210687103595e-06,0.00427956528391584,5.51179375800793e-06,0.000318202535717686,2.88628042696325e-06,1
4,154,1.78191687940343e-06,0.00428167392659688,5.74544696850347e-06,0.000317669495530939,3.73137610794555e-06,1
4,155,1.78172620345448e-06,0.00428378009515173,4.29257867522498e-06,0.000317812759422659,1.97254605956185e-07,2
4,156,1.78153617052704e-06,0.00428590600167685,3.75051133090069e-06,0.000317417892422165,1.16734129853691e-06,1
4,157,1.7813463043407e-06,0.00428802876829066,4.16975089533373e-06,0.000317093363954096,6.13315392592261e-07,1
4,158,1.78115740134265e-06,0.00429017740246451,3.88975103978752e-06,0.000316689556815061,1.30168647803667e-06,1
4,159,1.78096847624284e-06,0.00429231958336547,4.25484346411087e-06,0.000316360838387411,9.66647271873002e-07,1
4,160,1.78078057949522e-06,0.00429448939444298,4.02057790676109e-06,0.000315947546878204,1.62584573582287e-06,1
4,161,1.78059272081376e-06,0.00429664940695971,4.62419534474523e-06,0.000315578787931769,1.45038239913562e-06,1
4,162,1.78040646183504e-06,0.00429884097216598,5.07239413321355e-06,0.000315061262874077,2.16987817944491e-06,1
4,163,1.78022100060442e-06,0.00430101653648557,6.64005747071687e-06,0.000314515076539837,2.15660143135438e-06,1
4,164,1.78003849157537e-06,0.00430322887537293,8.31160923748845e-06,0.000313767452049856,3.0026514758292e-06,1
4,165,1.77985554308426e-06,0.00430541501902737,9.93508322163805e-06,0.000313210805895505,3.19080928514194e-06,1
4,166,1.77967440038145e-06,0.00430762380376743,9.84170367451379e-06,0.000313082462743815,2.12698536231512e-07,2
4,167,1.77949332430081e-06,0.00430985132062263,1.00826976134621e-05,0.000312686786875601,7.65162303802457e-07,1
4,168,1.77931202018861e-06,0.00431207448973028,1.00438657907898e-05,0.000312358467726542,5.2181143004484e-07,1
4,169,1.77913089139971e-06,0.00431431145893505,9.71922094541557e-06,0.000312009813916563,7.87286564881905e-07,1
4,170,1.77894976473114e-06,0.00431654893978701,9.49332386661222e-06,0.000311652532148109,7.18059011913972e-07,1
4,171,1.77876890837023e-06,0.0043187976516683,9.2856579717273e-06,0.000311256548450725,8.98198960761891e-07,1
4,172,1.77858798492463e-06,0.0043210484322472,9.11490014289994e-06,0.000310887486305448,9.42309795104325e-07,1
4,173,1.77840727557782e-06,0.00432330879952869,8.81717378502461e-06,0.000310520295085694,1.0991107505659e-06,1
4,174,1.77822667637059e-06,0.00432557260312141,8.52377093414558e-06,0.000310163208852156,1.2556248358956e-06,1
4,175,1.77804650026859e-06,0.00432784403171093,8.27007548341012e-06,0.000309779566116964,1.43934031332784e-06,1
4,176,1.7778667568823e-06,0.00433012016880021,8.14726553022391e-06,0.000309367904423764,1.72604934126705e-06,1
4,177,1.77768751392543e-06,0.00433240146281749,8.14677280560459e-06,0.000308939532223211,1.98537767857216e-06,1
4,178,1.77750886836549e-06,0.00433468962035723,8.16057599641113e-06,0.000308490242370358,2.43166209715592e-06,1
4,179,1.77733060121894e-06,0.00433697960385518,8.30157436957377e-06,0.000308043762308956,2.81920157034007e-06,1
4,180,1.77715318138922e-06,0.00433927938823287,8.43734416866538e-06,0.000307540808729533,3.46577620949926e-06,1
4,181,1.77697570302651e-06,0.00434157589768377,8.81924531230927e-06,0.00030702668606409,4.04104735265707e-06,1
4,182,1.77679823313185e-06,0.00434388049183559,7.14476692609765e-06,0.000307290789564637,2.14624173654488e-07,2
4,183,1.7766214564358e-06,0.00434620460485992,6.65574225208378e-06,0.000306912823222977,9.83022521976584e-07,1
4,184,1.77644494678889e-06,0.00434852294420412,6.64201675443657e-06,0.000306570362195941,5.83200043720955e-07,1
4,185,1.77626929744456e-06,0.0043508578530148,6.42170997266836e-06,0.000306166438787956,1.03759385320589e-06,1
4,186,1.77609384771261e-06,0.00435318957660224,6.45935800681857e-06,0.00030580114768905,8.85337152813528e-07,1
4,187,1.77591914220965e-06,0.00435553691137163,6.31818368659691e-06,0.000305394454408048,1.25559720362887e-06,1
4,188,1.77574459801388e-06,0.00435788104327279,6.34414633423337e-06,0.000305025103429145,1.26054005789534e-06,1
4,189,1.77557078100632e-06,0.00436024000560634,6.20069681511748e-06,0.00030462633162442,1.64215954265398e-06,1
4,190,1.77539705635343e-06,0.00436259518274589,6.26554874638862e-06,0.000304248687126736,1.79140718340387e-06,1
4,191,1.77522415393573e-06,0.0043649649723344,6.2509241590068e-06,0.000303816652343652,2.24608590340759e-06,1
4,192,1.77505140556966e-06,0.00436733003772915,6.54346790799587e-06,0.000303342460765699,2.56121147054804e-06,1
4,193,1.77487971004686e-06,0.00436970960071592,6.71277367900148e-06,0.000302838659560085,3.14714775078601e-06,1
4,194,1.77470782652646e-06,0.00437208272754054,7.01791655392188e-06,0.000302380001896348,3.66691187499478e-06,1
4,195,1.77453646573149e-06,0.00437446443239243,5.23631863244332e-06,0.000302563679246873,2.08055019464286e-07,2
4,196,1.77436542696395e-06,0.00437686096610251,4.70778242129356e-06,0.00030222793042244,9.28882162351772e-07,1
4,197,1.77419451735028e-06,0.00437925228614866,4.67032518587182e-06,0.000301942823347108,5.71121896920621e-07,1
4,198,1.77402425735378e-06,0.00438165741214321,4.36307993024805e-06,0.000301616228771676,1.01881776847506e-06,1
4,199,1.77385419521361e-06,0.00438405786522022,4.47644689438085e-06,0.000301331166035137,8.66980550144519e-07,1
4,200,1.77368503970735e-06,0.0043864715869872,4.41294828634823e-06,0.000301006363919918,1.27504999884034e-06,1
5,1,1.77333253897434e-06,0.00435935574667293,0.000214613665746218,0.000481344238652188,1.22491510663769e-06,3
5,2,1.77293647588668e-06,0.00433762600514499,8.89724722046275e-05,0.000458478337567117,9.73503661263756e-07,3
5,3,1.77253903837869e-06,0.00431911450150396,5.04631183427805e-05,0.000441244921288115,3.98133691656162e-06,2
5,4,1.77216102054205e-06,0.00430301938859629,4.19166768298341e-05,0.000425517986099883,2.87744525000413e-06,2
5,5,1.77180220049715e-06,0.00428870917464524,3.86212144759077e-05,0.00041149236119319,2.09446786193211e-06,2
5,6,1.77145832821704e-06,0.00427577273311565,3.55066572086836e-05,0.00040006750161305,1.73834818768668e-06,2
5,7,1.77112880241926e-06,0.00426393671641614,3.23290272218752e-05,0.000390895172026574,1.52820043044628e-06,2
5,8,1.77081388688566e-06,0.00425299549989539,2.94004133412544e-05,0.000383368091099172,1.30096562069546e-06,2
5,9,1.77051200418976e-06,0.00424278864091071,2.67615102624624e-05,0.00037701366621295,1.07692041459443e-06,2
5,10,1.77022122348375e-06,0.0042331937995897,2.44326993894724e-05,0.000371495832493103,8.94138840205896e-07,2
5,11,1.76994051323253e-06,0.0042241185924928,2.24155705589308e-05,0.000366623582310583,7.7345437478346e-07,2
5,12,1.76966886727443e-06,0.00421549370408654,2.07048833153963e-05,0.000362261609539406,7.13326760237123e-07,2
5,13,1.7694049540475e-06,0.0042071739211304,1.91698017211365e-05,0.000357463184404262,3.8016922321186e-06,1
5,14,1.7691473658784e-06,0.00419923020092211,1.82505288028635e-05,0.000354016094883332,3.07356745686198e-06,1
5,15,1.76889599036281e-06,0.00419163291585126,1.7112810058642e-05,0.00035061941737507,3.49894510282265e-06,1
5,16,1.76864913289094e-06,0.00418433884828576,1.66009164360533e-05,0.000347780775664048,2.76424923727366e-06,1
5,17,1.76840712639875e-06,0.00417733613820138,1.56280015054199e-05,0.000344865104007256,3.5383148310029e-06,1
5,18,1.76816794562365e-06,0.00417058672587028,1.54271687157631e-05,0.000342490642189095,2.69670882737277e-06,1
5,19,1.76793271318309e-06,0.00416408997816806,1.43833385280333e-05,0.000339883527731382,3.85213454203307e-06,1
5,20,1.76769936315513e-06,0.00415780877212528,1.43948689865239e-05,0.000337874859286286,2.95433380982902e-06,1
5,21,1.76746903125032e-06,0.00415178142580108,1.32278251663232e-05,0.000336304561201933,7.05616915682239e-07,2
5,22,1.76724151067878e-06,0.00414591694663873,1.2130599253517e-05,0.000333875446348921,2.7620065990214e-06,1
5,23,1.76701572376034e-06,0.00414023087539909,1.19048566452099e-05,0.000332126635843759,1.83861303859734e-06,1
5,24,1.76679322742269e-06,0.00413473618338662,1.08842850988058e-05,0.000330081224090762,2.89855771087988e-06,1
5,25,1.76657256254336e-06,0.00412940398938381,1.09176095386275e-05,0.000328496451368911,1.81841996311213e-06,1
5,26,1.7663557089848e-06,0.00412424855624668,9.82780233980027e-06,0.000326576191362092,3.18085451019127e-06,1
5,27,1.76614093694028e-06,0.00411923922361802,1.01680688589849e-05,0.00032518016335339,1.99687229242581e-06,1
5,28,1.76593029178522e-06,0.00411439543782336,9.03286501982722e-06,0.000323274320408122,3.66725911244416e-06,1
5,29,1.76572131008066e-06,0.00410968256295382,9.97877563915042e-06,0.000321965771916335,2.52386502210201e-06,1
5,30,1.76551526914657e-06,0.00410513836454802,8.76375659054059e-06,0.000320836651634732,5.55700399057121e-07,2
5,31,1.76531185611652e-06,0.00410070832308248,8.19456568533404e-06,0.000319009731562209,2.26539233532743e-06,1
5,32,1.76511003219484e-06,0.00409639603190294,8.61626153135016e-06,0.000317675587691845,1.32268899593935e-06,1
5,33,1.76491165854222e-06,0.00409221625795432,8.22146720954433e-06,0.000316055973852706,2.40470789174983e-06,1
5,34,1.76471617358379e-06,0.00408814679550385,9.68866692551686e-06,0.000314464299749297,1.3300536528794e-06,1
5,35,1.7645226840971e-06,0.00408420114736052,1.05478437131163e-05,0.000312499939495763,2.63839590294141e-06,1
5,36,1.76432898102123e-06,0.00408035560492641,1.0370461163967e-05,0.000311399385094835,1.47353987707497e-06,1
5,37,1.76413753593162e-06,0.00407662787110313,8.77081326792547e-06,0.000309974141680029,3.02165885675198e-06,1
5,38,1.76394696287058e-06,0.00407299164438377,8.8880374307919e-06,0.000309014473476811,1.89176115744278e-06,1
5,39,1.76375944412879e-06,0.0040694697026214,7.47615045563682e-06,0.00030747824565226,3.64479514708474e-06,1
5,40,1.76357286320206e-06,0.00406603050043817,8.56969269612819e-06,0.0003065160471652,2.67405911596151e-06,1
5,41,1.7633886228907e-06,0.0040627080087975,6.86066794727454e-06,0.00030573519802641,4.60271051307011e-07,2
5,42,1.76320618201409e-06,0.00405946352979992,6.29083194663848e-06,0.000304334092467638,1.86422466470261e-06,1
5,43,1.76302457336014e-06,0.00405629788158512,6.60050494954206e-06,0.000303291064821763,1.02617474232395e-06,1
5,44,1.76284479328906e-06,0.00405322562942722,6.01831641088239e-06,0.000302033298299785,1.97602245510135e-06,1
5,45,1.76266566288183e-06,0.00405023027980709,6.42252014437599e-06,0.000301038730412055,1.0292975199832e-06,1
5,46,1.76248821426424e-06,0.00404732514000462,5.8228174033645e-06,0.000299780050698936,2.13567573147802e-06,1
5,47,1.76231133866572e-06,0.00404449283586033,6.4297972789204e-06,0.000298832757417556,1.08910501308277e-06,1
5,48,1.76213628766828e-06,0.00404174809786231,5.6634494852541e-06,0.000297584600124696,2.38499868433046e-06,1
5,49,1.76196183998707e-06,0.0040390717028351,6.48746308750227e-06,0.000296687416500165,1.31592952469436e-06,1
5,50,1.76178955409029e-06,0.00403648171529531,5.68256790973466e-06,0.000295386297929937,2.79017638514579e-06,1
5,51,1.76161789496617e-06,0.00403395476365716,6.8092993599772e-06,0.000294537595221652,1.80302899860263e-06,1
5,52,1.76144876602048e-06,0.00403151308266913,5.81679748635046e-06,0.000293206618772311,3.4348007978198e-06,1
5,53,1.7612801185932e-06,0.00402912776877748,7.23978221091228e-06,0.000292409566461285,2.6342900293965e-06,1
5,54,1.76111333995432e-06,0.00402682932664763,5.42266059488664e-06,0.000291798758594624,3.90951020799087e-07,2
5,55,1.76094811842992e-06,0.00402458809077445,5.01360212530933e-06,0.000290657612445538,1.54180907518836e-06,1
5,56,1.76078368185995e-06,0.00402240306263355,5.36264374668369e-06,0.000289777743260092,8.28038195139847e-07,1
5,57,1.7606208311426e-06,0.0040202867710286,4.93706154751123e-06,0.000288740410034761,1.62846631800819e-06,1
5,58,1.76045869255569e-06,0.00401822592147381,5.34374837554737e-06,0.000287894652401041,8.29166178373274e-07,1
5,59,1.76029810727883e-06,0.00401623118941606,4.94171810233023e-06,0.000286854560315764,1.74054630592654e-06,1
5,60,1.76013816743569e-06,0.00401428877074208,5.50007160627598e-06,0.000286031589746531,8.46028452675491e-07,1
5,61,1.75997980055919e-06,0.00401240991035711,4.94488748945924e-06,0.000285016824336079,1.90828523627908e-06,1
5,62,1.75982198386801e-06,0.00401057953129145,5.53768528514649e-06,0.000284267933168713,9.63559428961923e-07,1
5,63,1.75966581142421e-06,0.00400881132343241,4.86485347711746e-06,0.000283250940954014,2.1792880653433e-06,1
5,64,1.75951006022211e-06,0.00400708817542818,5.79079164923811e-06,0.000282491775889054,1.26534013866346e-06,1
5,65,1.75935612634434e-06,0.00400542686932443,5.22990713124056e-06,0.000281389909473373,2.61492905652299e-06,1
5,66,1.75920243199777e-06,0.00400380611416903,6.37183640824077e-06,0.000280682732661885,1.82106821622945e-06,1
5,67,1.75905074058658e-06,0.00400224761609253,5.61933874190522e-06,0.000279553505844745,3.29672670853615e-06,1
5,68,1.75889904398296e-06,0.00400072403059403,6.9974618150314e-06,0.000278903049318973,2.70624735870154e-06,1
5,69,1.75874866585003e-06,0.00399926397903424,5.19569459687008e-06,0.000278508809672429,3.38416577341713e-07,2
5,70,1.75859941656291e-06,0.0039978435604175,4.98653848833349e-06,0.000277625575316961,1.2460117170066e-06,1
5,71,1.75845084232637e-06,0.00399646152445763,5.37493833635031e-06,0.000276909087824184,6.83801604569131e-07,1
5,72,1.75830377861705e-06,0.00399512862710735,5.44863091525373e-06,0.000276049502377447,1.30388168108632e-06,1
5,73,1.75815757051235e-06,0.00399383441854718,6.19932676115036e-06,0.000275335313066844,6.89183467749958e-07,1
5,74,1.75801270212177e-06,0.00399258698405347,6.32302161372917e-06,0.000274561818674813,1.3680447586234e-06,1
5,75,1.75786835835464e-06,0.00399137605729556,6.6527856355719e-06,0.000273989767875739,6.75668776349194e-07,1
5,76,1.75772529690882e-06,0.00399021021293278,6.40560541562545e-06,0.000273286043043871,1.45511870447056e-06,1
5,77,1.75758283837329e-06,0.00398907869310566,6.74684184121661e-06,0.000272741162645295,6.91338517448211e-07,1
5,78,1.75744169861046e-06,0.00398799110424132,6.57706734275665e-06,0.000271977280197965,1.59435405328476e-06,1
5,79,1.75730090531288e-06,0.00398693507081942,6.85885689941567e-06,0.000271449988201758,7.8904874539379e-07,1
5,80,1.75716149133848e-06,0.00398592192535985,6.41815685367428e-06,0.000270734984764288,1.81786354188101e-06,1
5,81,1.7570223707751e-06,0.00398493744340375,6.81488731629509e-06,0.00027024664852621,1.03219879019589e-06,1
5,82,1.7568846788094e-06,0.00398399625649789,6.3873634698433e-06,0.000269464741940583,2.1686653699406e-06,1
5,83,1.75674725425754e-06,0.00398308051422161,7.11246650358426e-06,0.000268938154820813,1.4762141928267e-06,1
5,84,1.7566113968097e-06,0.00398220832102366,6.66976003646082e-06,0.00026810815133921,2.71598381648462e-06,1
5,85,1.75647551982423e-06,0.00398135704128495,7.42065263071036e-06,0.000267646452593663,2.18610900765201e-06,1
5,86,1.7563414179259e-06,0.00398055066703651,6.82697466115288e-06,0.000266720834587014,3.54981103155275e-06,1
5,87,1.75620699984114e-06,0.00397975990114953,8.00441957317403e-06,0.000266207451494978,3.25295252422103e-06,1
5,88,1.75607363849147e-06,0.00397901320808812,6.02640773800528e-06,0.00026616182297394,3.12223643834759e-07,2
5,89,1.75594129944738e-06,0.00397829117588996,5.81199204109706e-06,0.000265485991154165,9.71900450293143e-07,1
5,90,1.75580930729625e-06,0.00397759148147915,5.94879110124842e-06,0.00026491817017052,6.14215330166288e-07,1
5,91,1.75567800729235e-06,0.00397692268480886,5.8212633010951e-06,0.000264298345191811,9.81331227929339e-07,1
5,92,1.755547048828e-06,0.00397627779170331,5.88676448573684e-06,0.000263761577604456,6.648424226745e-07,1
5,93,1.75541678835905e-06,0.00397566190900142,5.77622388822666e-06,0.000263146033179871,9.875164350524e-07,1
5,94,1.75528681405371e-06,0.00397506919971919,5.88920708954785e-06,0.00026258946968404,6.86977925651682e-07,1
5,95,1.75515750544238e-06,0.00397450427317557,5.66475351816688e-06,0.000262010236668333,9.89920532305285e-07,1
5,96,1.75502856063666e-06,0.00397396191996239,5.65725097004626e-06,0.000261494443378026,7.11138785272176e-07,1
5,97,1.7549004257949e-06,0.00397344630661404,5.46940109035691e-06,0.000260924800850788,9.96724064230074e-07,1
5,98,1.75477267144765e-06,0.00397295268351108,5.54390092525243e-06,0.000260400365342384,7.54010787206073e-07,1
5,99,1.75464560849549e-06,0.00397248495515418,5.42795004374339e-06,0.000259825522236643,1.01730697662834e-06,1
5,100,1.75451903832138e-06,0.00397203850308686,5.51477952960039e-06,0.000259299530339673,8.31675053483208e-07,1
5,101,1.75439314862274e-06,0.00397161719497528,5.42556117936722e-06,0.000258727691127198,1.06304576223003e-06,1
5,102,1.75426758503091e-06,0.00397121657873837,5.46974158418349e-06,0.000258207172861823,9.64507390098629e-07,1
5,103,1.75414265718864e-06,0.00397084014712549,5.33974449461114e-06,0.000257644302932623,1.15426557440912e-06,1
5,104,1.75401807341246e-06,0.00397048467152201,5.46465646820265e-06,0.000257071815349675,1.17953291718601e-06,1
5,105,1.75389425295764e-06,0.00397015252489749,5.51620906722585e-06,0.000256483814306988,1.3296509412158e-06,1
5,106,1.75377090615184e-06,0.00396984084856753,5.50031759858929e-06,0.000255942286392502,1.5139804255439e-06,1
5,107,1.75364820606266e-06,0.00396955083655351,5.48404658037309e-06,0.000255401025407942,1.64551122648479e-06,1
5,108,1.75352599399107e-06,0.00396928128565483,5.4917824747181e-06,0.000254819157683544,2.0220963322309e-06,1
5,109,1.75340432674357e-06,0.00396903163157542,5.78291350262348e-06,0.000254231401422226,2.17844150257157e-06,1
5,110,1.75328333479446e-06,0.00396880306680825,5.81258517448495e-06,0.000253586412208228,2.77772150680596e-06,1
5,111,1.75316274991153e-06,0.0039685916457761,6.28314170483703e-06,0.000252996773919191,3.02386590306106e-06,1
5,112,1.75304320091489e-06,0.00396840269909011,6.45815951737491e-06,0.00025222164046011,3.88185925914402e-06,1
5,113,1.75292369097787e-06,0.00396823425073755,5.04032023140075e-06,0.000252490866655179,2.23618294173401e-07,2
5,114,1.75280460661835e-06,0.00396808043557448,4.52301459274014e-06,0.000251906393448205,1.28658145661494e-06,1
5,115,1.75268591945822e-06,0.00396794175314264,4.90882851873717e-06,0.000251494776389435,6.66841754909247e-07,1
5,116,1.75256808700095e-06,0.00396782522903024,4.5219116083967e-06,0.000250952865666707,1.46689882617081e-06,1
5,117,1.75245053685702e-06,0.00396772137104339,4.92286543087586e-06,0.000250534639246273,1.05820219630225e-06,1
5,118,1.75233391548461e-06,0.00396764009437508,4.63100012470236e-06,0.000249965069640968,1.86330762843014e-06,1
5,119,1.75221741157802e-06,0.0039675693639024,5.20130713430981e-06,0.000249537452683515,1.61915727059796e-06,1
5,120,1.75210195161054e-06,0.00396752275888883,5.00270646228969e-06,0.000248902239410261,2.51481199538627e-06,1
5,121,1.75198646738623e-06,0.00396748384637801,5.82216951003545e-06,0.000248459786010808,2.44984887137432e-06,1
5,122,1.75187226052233e-06,0.00396747114614766,5.69664254592349e-06,0.000247730997753836,3.50205503724629e-06,1
5,123,1.75175775870826e-06,0.00396746199067305,6.79501333754056e-06,0.000247253902067958,3.66421936784138e-06,1
5,124,1.75164376451546e-06,0.00396747908110727,4.32527009513607e-06,0.000247564045746731,2.44734183196095e-07,2
5,125,1.7515301698307e-06,0.00396751032297075,3.90874923269184e-06,0.000247136267458057,7.99160922000255e-07,1
5,126,1.75141671955666e-06,0.00396755241627928,3.88984130492288e-06,0.00024676406154221,5.36833693592957e-07,1
5,127,1.75130373668802e-06,0.00396761222603541,3.73291864255462e-06,0.000246327137544266,7.94429286115049e-07,1
5,128,1.75119107380182e-06,0.00396768471398258,3.78564464709214e-06,0.000245952630152181,7.15039614224074e-07,1
5,129,1.75107905111425e-06,0.00396777319974687,3.64610524016526e-06,0.00024558211360443,8.51848019766991e-07,1
5,130,1.75096746776493e-06,0.00396787431612873,3.59491029468098e-06,0.000245243094330443,9.16509942504481e-07,1
5,131,1.75085642443692e-06,0.00396798990759529,3.55985969900124e-06,0.000244893890846321,9.89246034837414e-07,1
5,132,1.75074577820724e-06,0.00396811816304744,3.57503034218274e-06,0.000244533928214518,1.20433464336112e-06,1
5,133,1.75063553447844e-06,0.00396825944427363,3.73511424207219e-06,0.000244172324077636,1.26032253225684e-06,1
5,134,1.75052563813089e-06,0.00396841416892061,3.97453104855978e-06,0.000243727678116941,1.63573217615934e-06,1
5,135,1.75041609091487e-06,0.00396858027221937,4.17582827453754e-06,0.000243367652183214,1.72713313452659e-06,1
5,136,1.75030699468873e-06,0.00396876034257925,4.17658893804827e-06,0.000242932861197456,2.27908310495614e-06,1
5,137,1.75019811138098e-06,0.00396894971361572,4.79984164230929e-06,0.000242537829012969,2.4653910125478e-06,1
5,138,1.75008987395426e-06,0.00396915444365277,5.03574734499264e-06,0.000241995449120882,3.22530831166672e-06,1
5,139,1.74998169769558e-06,0.00396936531303972,5.97923788706728e-06,0.000241530537437956,3.57511401797059e-06,1
5,140,1.74987379031766e-06,0.00396959325541973,3.6767413403829e-06,0.00024192661658807,2.07145606609423e-07,2
5,141,1.74976615522644e-06,0.00396983203687632,3.18728229359383e-06,0.000241601134567818,8.63241041292518e-07,1
5,142,1.74965861117145e-06,0.00397007749995059,3.39480840771545e-06,0.000241337613789315,5.14623265739261e-07,1
5,143,1.74955154808628e-06,0.00397033628181054,3.25573499302059e-06,0.000240994116482754,8.70837201670967e-07,1
5,144,1.74944462724657e-06,0.00397060250257815,3.56068317979182e-06,0.000240659241816004,7.09450753663302e-07,1
5,145,1.74933821192799e-06,0.00397088164235529,3.67559295729436e-06,0.000240276451918438,9.59398170576273e-07,1
5,146,1.74923197912483e-06,0.00397116830211138,3.8208432304317e-06,0.000239964393161395,9.34578869898851e-07,1
5,147,1.74912619810596e-06,0.0039714665095522,3.80369203776025e-06,0.000239650269746291,1.13818977999456e-06,1
5,148,1.74902057654097e-06,0.00397177181974431,3.89272713099197e-06,0.000239375813503206,1.24951001502822e-06,1
5,149,1.74891538932849e-06,0.00397208809313502,3.97466686797403e-06,0.0002390679996472,1.44948995534633e-06,1
5,150,1.74881043966902e-06,0.00397241180209461,4.17661929773748e-06,0.00023875205416441,1.7134142561109e-06,1
5,151,1.74870592779522e-06,0.00397274549059966,4.46951044914205e-06,0.0002384172234632,1.9554333837821e-06,1
5,152,1.74860174559691e-06,0.00397308702948135,4.76110091557094e-06,0.000238037635537973,2.39759830157762e-06,1
5,153,1.74849798568455e-06,0.0039734374152476,5.37543306300771e-06,0.000237620142572585,2.73728617485938e-06,1
5,154,1.74839470533878e-06,0.00397379656574711,5.86361334874525e-06,0.000237109882118495,3.39477505676971e-06,1
5,155,1.74829168070271e-06,0.00397416264251103,6.77675996698033e-06,0.000236586552764222,3.89781848768271e-06,1
5,156,1.74818913073712e-06,0.00397454047643963,4.98220897746133e-06,0.000237114709820227,2.03740765595616e-07,2
5,157,1.74808931583829e-06,0.00397492697995776,6.44732552749227e-06,0.000236222518654853,9.01197866222938e-07,1
5,158,1.74798861661328e-06,0.00397531707696754,7.98533694860891e-06,0.000235683449484603,5.32417170098216e-07,1
5,159,1.74788717730286e-06,0.00397571676706135,6.93566308464426e-06,0.000235509064939905,9.29108656170204e-07,1
5,160,1.7477854897188e-06,0.00397612021221388,6.09158379639608e-06,0.000235404444430985,7.92828162840324e-07,1
5,161,1.74768414456662e-06,0.00397653354941017,5.28199158383591e-06,0.00023520669095179,1.08681476190657e-06,1
5,162,1.74758284198264e-06,0.00397695104804071,4.8366004487285e-06,0.000235003555258542,1.10117843130409e-06,1
5,163,1.74748204261631e-06,0.00397737864417732,4.49228336123759e-06,0.000234729126874124,1.37102449725239e-06,1
5,164,1.74738142151499e-06,0.00397781049388892,4.41199850745361e-06,0.000234472064966138,1.52335088936501e-06,1
5,165,1.74728125134218e-06,0.00397825321948413,4.56899358689668e-06,0.000234038274211333,1.82788429893881e-06,1
5,166,1.7471812459021e-06,0.00397870077759995,4.67092998668027e-06,0.000233677011902862,2.13775970633795e-06,1
5,167,1.74708161144629e-06,0.00397915811953228,4.67575768049782e-06,0.00023331393103846,2.53286745350043e-06,1
5,168,1.74698210007398e-06,0.00397961964054746,4.99550062754853e-06,0.000232911351844255,3.03436682303742e-06,1
5,169,1.74688290984356e-06,0.00398009023448291,5.55122791557059e-06,0.000232447887118457,3.57690816210946e-06,1
5,170,1.74678364652143e-06,0.00398056852999631,3.46799585564434e-06,0.000232891389753373,1.82972662317172e-07,2
5,171,1.74668456556265e-06,0.0039810544736339,2.94341643456562e-06,0.000232596816533235,8.68712123122982e-07,1
5,172,1.74658557626019e-06,0.003981544569254,3.17906400546347e-06,0.00023236946346957,4.98347236755517e-07,1
5,173,1.74648702131441e-06,0.00398204464630145,2.9428142370907e-06,0.00023207427109318,9.18548920593903e-07,1
5,174,1.74638852416536e-06,0.0039825480345202,3.14970640504917e-06,0.00023183039469995,7.60164324558417e-07,1
5,175,1.7462904427521e-06,0.00398306126289634,3.02335448828274e-06,0.00023153174856578,1.10099989280827e-06,1
5,176,1.74619242469897e-06,0.00398357702256328,3.28900319430265e-06,0.000231262803362632,1.07922220195362e-06,1
5,177,1.74609481191981e-06,0.00398410256875887,3.25300820825769e-06,0.00023094671945652,1.42232118576278e-06,1
5,178,1.74599720170622e-06,0.00398462970040229,3.5250234928466e-06,0.000230665320351484,1.52795883735054e-06,1
5,179,1.74590004346905e-06,0.00398516683160961,3.60496685704457e-06,0.000230314115895347,1.92520050152835e-06,1
5,180,1.74580290769225e-06,0.00398570436947311,4.02633794589387e-06,0.000229979239538401,2.17796639930122e-06,1
5,181,1.74570626722204e-06,0.00398625220068897,4.31607738692814e-06,0.000229554207004748,2.67817018345515e-06,1
5,182,1.74560963510527e-06,0.00398679896787121,4.94141580516564e-06,0.000229118519650252,3.11454805914346e-06,1
5,183,1.74551353930303e-06,0.0039873572316588,5.77706593190008e-06,0.000228402918476362,3.77318974234786e-06,1
5,184,1.74541730917547e-06,0.00398791893411611,3.72408679787561e-06,0.00022883467175594,1.85399495433047e-07,2
5,185,1.74532112711315e-06,0.0039884857727129,2.91089770753966e-06,0.000228502269222088,9.16088777978067e-07,1
5,186,1.74522499659606e-06,0.00398905498150634,3.1549246510151e-06,0.000228240728192786,5.33259375832244e-07,1
5,187,1.7451292576227e-06,0.0039896321450689,2.96688142584077e-06,0.000227892283794199,9.94912325687637e-07,1
5,188,1.74503356117769e-06,0.00399021012030986,3.28604287933329e-06,0.000227593232630321,8.47509562665726e-07,1
5,189,1.74493834470085e-06,0.00399079651046677,3.23874786563801e-06,0.000227226380986194,1.23991520875765e-06,1
5,190,1.74484321561521e-06,0.00399138268834633,3.59706951350761e-06,0.000226900645200898,1.23650117822613e-06,1
5,191,1.74474880293054e-06,0.00399197793655904,3.68365412753445e-06,0.000226497183174205,1.65538132338746e-06,1
5,192,1.74465434049826e-06,0.00399257148155294,4.16303166044706e-06,0.000226128157518676,1.78362413824205e-06,1
5,193,1.74456029658695e-06,0.00399317524288616,4.41638090081755e-06,0.000225654733998589,2.28660833264326e-06,1
5,194,1.74446614265898e-06,0.00399377563120595,5.0867747410687e-06,0.000225205445408203,2.57105736039347e-06,1
5,195,1.74437268361088e-06,0.0039943878062912,5.53483582913671e-06,0.000224624560875603,3.21029713604631e-06,1
5,196,1.74427932120204e-06,0.0039949938746548,6.51158567238931e-06,0.000224038665674752,3.69206731180822e-06,1
5,197,1.74418654179596e-06,0.00399561208703483,5.20046926793945e-06,0.00022435471751914,1.97832242042431e-07,2
5,198,1.74409435418802e-06,0.00399623489343924,5.77076028750872e-06,0.000223872435655487,7.44038075056295e-07,1
5,199,1.74400249770201e-06,0.00399685937074022,6.56976215475614e-06,0.000223459729095198,5.09064992771878e-07,1
5,200,1.74391090106367e-06,0.00399748862277869,6.78970528168531e-06,0.00022307229460989,8.19483691412981e-07,1
