outer,inner,objective,data_residual,primal_or_step,dual,cg_residual,cg_iterations
1,1,2.46323401336436e-05,0.0481266321797434,0.0310841403527783,0.0301101832555949,5.22963774034208e-06,7
1,2,1.82309449608604e-05,0.0322331148838544,0.00967524527197784,0.0139575835096846,4.97988290514689e-06,7
1,3,1.67261022061494e-05,0.0272960161011436,0.00752411338993455,0.00785897954633052,2.7951133286096e-06,7
1,4,1.61250420870109e-05,0.0252239284143324,0.00569286931540112,0.00544018906481046,4.14321569576387e-06,6
1,5,1.5770544430171e-05,0.0239156919326844,0.00405985253891035,0.00442764340577907,2.98548046275833e-06,6
1,6,1.55138897278743e-05,0.0228861226555704,0.00302605209983723,0.00387187785318837,6.45143322682071e-06,5
1,7,1.53034712775045e-05,0.0220104993272178,0.00234421487547402,0.00350716695911588,4.00098568097767e-06,5
1,8,1.51245564266946e-05,0.0212481826571064,0.00205756736595145,0.0032190660588889,4.19278550803568e-06,5
1,9,1.49736607858995e-05,0.0205788905975679,0.00192240416274651,0.00298278548760762,3.93652935200166e-06,5
1,10,1.48449428433393e-05,0.0199870043607583,0.0018495709941041,0.00278973016139387,3.54230062001997e-06,5
1,11,1.47340775660147e-05,0.0194585389693344,0.00181469748815453,0.00262629683218843,3.13281664335435e-06,5
1,12,1.46349860616562e-05,0.0189829819183827,0.00179871301943809,0.00248517380246094,2.7611258366489e-06,5
1,13,1.45425226055316e-05,0.0185523646287443,0.00176143920138193,0.00236475135438694,2.44269306328944e-06,5
1,14,1.44545993053796e-05,0.0181588219379,0.00167918534834189,0.00226537367800848,2.1846137319615e-06,5
1,15,1.4372468043716e-05,0.0177945436945186,0.001570194335533,0.00218167632910834,6.54341422910908e-06,4
1,16,1.42958258760534e-05,0.0174551490099973,0.0014626782542017,0.00210686611250837,6.23438887527485e-06,4
1,17,1.42236524259753e-05,0.0171373838496802,0.00136794886090391,0.00203788767712163,5.87773284087042e-06,4
1,18,1.41551350149398e-05,0.0168386519152881,0.00128849354359093,0.00197282672080132,5.52230013871446e-06,4
1,19,1.4089562219139e-05,0.0165571499432752,0.00121993978650559,0.00191115755538327,5.19225214658602e-06,4
1,20,1.40263299852703e-05,0.0162913579731508,0.00115703593258931,0.00185461401434371,4.86906975850644e-06,4
1,21,1.39649616111487e-05,0.0160398561046476,0.0010935972064762,0.00180485276453564,4.55143937329634e-06,4
1,22,1.39054091365657e-05,0.0158012920855854,0.00102977262920763,0.00176094730500446,4.26751114671024e-06,4
1,23,1.38477698481172e-05,0.0155744709982345,0.000969189700984993,0.0017209822081969,4.01269126790769e-06,4
1,24,1.37922658916438e-05,0.015358621442426,0.000912125107691356,0.00168397012540323,3.79019376696575e-06,4
1,25,1.37391436733573e-05,0.0151531218363485,0.000857164498408628,0.00164943190458655,3.57837594389447e-06,4
1,26,1.36884077141387e-05,0.0149573530158393,0.000802938838120211,0.00161733278239726,3.37169964614158e-06,4
1,27,1.36393843006757e-05,0.0147705874098483,0.000747849527767389,0.00158817589707814,3.17584342401062e-06,4
1,28,1.35917286327324e-05,0.0145922079240087,0.000691004216453627,0.00156181471726481,2.99495552259632e-06,4
1,29,1.35452400421707e-05,0.0144216292995752,0.000634298407089163,0.00153734288746001,2.81982088549302e-06,4
1,30,1.34998066231459e-05,0.0142582553026297,0.000578967671116364,0.0015142445190517,2.65067684725423e-06,4
1,31,1.34555662078165e-05,0.0141014836199389,0.000525572697728674,0.00149208930951212,2.48484297712752e-06,4
1,32,1.3412601359694e-05,0.0139508577003823,0.00047615918824957,0.00147072174735682,2.32297983722312e-06,4
1,33,1.33709659333245e-05,0.0138057884277,0.000433156712245549,0.00145016258439424,2.15541933873976e-06,4
1,34,1.33307258937425e-05,0.0136658312957554,0.000395849416740007,0.00143034269580954,1.99534101776654e-06,4
1,35,1.32919038701936e-05,0.0135304197137123,0.000362299752235873,0.00141135272079266,6.4228308977085e-06,3
1,36,1.32543065294579e-05,0.0133992175905096,0.000337698460536053,0.00139319858383197,5.85293711696195e-06,3
1,37,1.32177237281683e-05,0.0132720582153545,0.000320041151211771,0.00137612179464968,5.39016112541467e-06,3
1,38,1.3182030220091e-05,0.0131486431549096,0.000306838108036735,0.00136004364628905,5.05628237330279e-06,3
1,39,1.31471004484519e-05,0.013028703242185,0.00029662920556679,0.00134490622014569,4.75582935796589e-06,3
1,40,1.31128382171884e-05,0.0129120329673736,0.000289175979040427,0.00133049552638067,4.47427029675628e-06,3
1,41,1.30792433750548e-05,0.0127984320084742,0.000284463138326304,0.00131666687789048,4.21806824507142e-06,3
1,42,1.30462685820422e-05,0.0126877576891333,0.000282422895618146,0.00130329094712583,3.99427570560711e-06,3
1,43,1.30139668944427e-05,0.0125798001279988,0.00028296892970131,0.00129031482447486,3.78173389851543e-06,3
1,44,1.2982329452486e-05,0.0124743781030303,0.000286139400823024,0.00127756896011326,3.60239512251097e-06,3
1,45,1.29513436859664e-05,0.01237136024303,0.000291377103602633,0.00126501642070384,3.44194577782433e-06,3
1,46,1.29209863389055e-05,0.0122706356607237,0.000298773723071426,0.00125265060385506,3.29425317111598e-06,3
1,47,1.2891146534421e-05,0.012172118389827,0.000306546629040147,0.00124069544274078,3.15828585946978e-06,3
1,48,1.28617728104481e-05,0.0120757259925888,0.000314453084179042,0.00122911027022277,3.03891946814235e-06,3
1,49,1.28327978247139e-05,0.0119814106742065,0.000321252524804498,0.00121801082986397,2.93973622171226e-06,3
1,50,1.28042238405626e-05,0.0118891125768416,0.000327449936488062,0.00120726569024662,2.86110152445174e-06,3
1,51,1.27760338788964e-05,0.0117987960074424,0.000332867605389706,0.00119684014637175,2.80971716321447e-06,3
1,52,1.2748244983138e-05,0.0117104267366977,0.000337688407722325,0.0011866627097349,2.76954768618331e-06,3
1,53,1.27208480963517e-05,0.0116239901466494,0.000342116258450492,0.00117667024425492,2.71662342000112e-06,3
1,54,1.26938169930199e-05,0.0115394567522532,0.000345937807327829,0.00116688285324366,2.63274344942387e-06,3
1,55,1.26671512855286e-05,0.0114567862446811,0.00034895776427458,0.00115728158868752,2.5425147815091e-06,3
1,56,1.26408789505489e-05,0.0113759153382069,0.00035196116249758,0.00114764795773743,2.48235204345063e-06,3
1,57,1.26150045260106e-05,0.0112968001448947,0.000354551684692324,0.00113813588832081,2.45586433152998e-06,3
1,58,1.25895099146696e-05,0.0112194083528066,0.000356289922597852,0.00112892360666196,2.44267298789005e-06,3
1,59,1.25643982069417e-05,0.0111437097672061,0.000356518907095102,0.0011199615947382,2.43657780150307e-06,3
1,60,1.25396685710371e-05,0.0110696851788594,0.000355695809235974,0.00111123468502716,2.43352698915615e-06,3
1,61,1.25152842027867e-05,0.0109973120445995,0.000353643794854504,0.00110273996925418,2.42565463946093e-06,3
1,62,1.24912604372783e-05,0.01092657882026,0.000350727868104606,0.00109439407412551,2.41029046231508e-06,3
1,63,1.24676071456705e-05,0.0108574744808806,0.000347281871324651,0.00108612563049112,2.38531027743124e-06,3
1,64,1.24442985026916e-05,0.010789979878799,0.000343386613302981,0.00107793565847781,2.3530002850236e-06,3
1,65,1.24213452867221e-05,0.0107240733829582,0.000339351317879802,0.00106972354541211,2.31463781437222e-06,3
1,66,1.23987441400313e-05,0.0106597208142892,0.000335356554978531,0.00106139164735507,2.27045298508614e-06,3
1,67,1.2376485129222e-05,0.0105969044572173,0.00033214765314184,0.00105293517269194,2.22225229663252e-06,3
1,68,1.23545609513491e-05,0.0105356536309956,0.000328519877332205,0.00104469753085956,2.18150166766584e-06,3
1,69,1.23329670917579e-05,0.0104759814024124,0.000324150793334431,0.00103667558363291,2.1353848236176e-06,3
1,70,1.23116838540015e-05,0.0104178812624956,0.000319097705454203,0.00102885429047399,2.06683973922358e-06,3
1,71,1.22906225540411e-05,0.0103601576568012,0.000312983340175584,0.00102104976608533,6.8186979349219e-06,2
1,72,1.22700048637284e-05,0.0103054928034788,0.00030692885939248,0.00101357937096599,3.12228067269919e-06,3
1,73,1.22496616990148e-05,0.0102523756399579,0.000300505888666632,0.00100634603016999,2.1643223267671e-06,3
1,74,1.22294229365125e-05,0.0101995360842385,0.000293052024636441,0.000999253151307471,6.48338784055071e-06,2
1,75,1.22095361618183e-05,0.0101495797394363,0.00028606455680519,0.000992441867547148,2.93730020124929e-06,3
1,76,1.21897601427433e-05,0.0100998706353453,0.000278369180146279,0.000985644429620712,6.50967380862295e-06,2
1,77,1.2170394291942e-05,0.0100530745833356,0.000271656760300931,0.000979019859655137,2.77828827754448e-06,3
1,78,1.21511903678668e-05,0.0100065617441357,0.000265464967757648,0.000972093030674081,6.08392801829399e-06,2
1,79,1.21323437770692e-05,0.00996274215961631,0.000261061026212726,0.000965299534762823,2.66313397400807e-06,3
1,80,1.21136022764346e-05,0.00991929110681091,0.000255605048857969,0.000958648891331348,5.65873620904649e-06,2
1,81,1.20951747756111e-05,0.00987837325130273,0.000250324432853891,0.000952372886057932,2.52189771922746e-06,3
1,82,1.20768478866323e-05,0.00983792389763725,0.000244273972616454,0.000946150611339043,5.23720278071851e-06,2
1,83,1.20587036353826e-05,0.00979875264117231,0.000238213059607065,0.000940045277130641,6.52939865167938e-06,2
1,84,1.20408680993849e-05,0.00976227738073941,0.000232636422231183,0.000934221921507926,2.44750847049031e-06,3
1,85,1.20231179864105e-05,0.00972610765495346,0.000226461985142989,0.000928534535292788,5.6656541997001e-06,2
1,86,1.20056342154454e-05,0.00969236543130617,0.000220573851531985,0.000923190496672759,2.31144481787447e-06,3
1,87,1.19882408260099e-05,0.00965905294416445,0.000214009555162904,0.000917948342540454,5.1347107460009e-06,2
1,88,1.19709922750568e-05,0.00962690900748302,0.000207174604969068,0.000912841540891318,6.48544657974464e-06,2
1,89,1.19539372496071e-05,0.00959616419946946,0.000200315071726922,0.000907822080646258,6.81989079791201e-06,2
1,90,1.19371291972735e-05,0.00956693614630204,0.000193912911767908,0.000902793651224006,6.55205276870612e-06,2
1,91,1.19205916540571e-05,0.00953913785381319,0.000189639862588499,0.000897527653151375,6.29431202408846e-06,2
1,92,1.19042656737416e-05,0.0095126753236646,0.000185978836951508,0.000892405295504272,6.1024105641001e-06,2
1,93,1.18881425614664e-05,0.00948748486335631,0.000181989806448238,0.000887449534631097,5.93076911338332e-06,2
1,94,1.1872191507396e-05,0.00946351996985926,0.0001773058630403,0.000882670121606299,5.75661442658064e-06,2
1,95,1.18564057037011e-05,0.00944074605682206,0.000172705436706073,0.000877963603330548,5.58164546629574e-06,2
1,96,1.1840773145774e-05,0.00941913480838662,0.000167904774498043,0.000873343692744726,5.40282209046698e-06,2
1,97,1.18253171761511e-05,0.00939866122785884,0.000163747447680438,0.000868755182464943,5.21572764852069e-06,2
1,98,1.18100177487299e-05,0.00937929620596216,0.000159666572212224,0.000864260711546002,5.03132773753479e-06,2
1,99,1.17948568620741e-05,0.00936101463133983,0.000155730505161109,0.000859901152208977,4.8560793952435e-06,2
1,100,1.17798132819382e-05,0.00934379159534276,0.000151468801372439,0.000855712515710743,4.70282723966233e-06,2
1,101,1.17648929278829e-05,0.00932760152393144,0.000147052574800613,0.000851643343683076,4.5741780737039e-06,2
1,102,1.17500905027262e-05,0.00931242055357171,0.000142338996992722,0.000847691521977223,4.4643114992793e-06,2
1,103,1.17354264191166e-05,0.00929822662383666,0.000137933285863415,0.0008437953920752,4.37224480789832e-06,2
1,104,1.17209837581034e-05,0.00928499532112746,0.000134798582798717,0.000839684062550193,4.29783431293919e-06,2
1,105,1.17067432915257e-05,0.00927269946718926,0.00013480833257413,0.000835403833215662,4.22262840800168e-06,2
1,106,1.16926318715995e-05,0.0092613165182065,0.000134230566523802,0.000831296231919987,4.16799382124489e-06,2
1,107,1.16786292301975e-05,0.00925082828774218,0.000132485296078509,0.000827376946337602,4.12096832234343e-06,2
1,108,1.16647280361783e-05,0.00924122021417692,0.00013026268452858,0.000823582501578574,4.06899786973621e-06,2
1,109,1.16509520138398e-05,0.00923247388239296,0.000128047904134065,0.000819765954561138,4.01326821666931e-06,2
1,110,1.16372980562016e-05,0.00922457034795477,0.000125932325071357,0.00081603362030043,3.94975001280505e-06,2
1,111,1.16237746682e-05,0.00921749576116493,0.000124160218454508,0.000812307452010391,3.87792189639641e-06,2
1,112,1.16103911868898e-05,0.00921123655560678,0.000122838122524371,0.00080859565480841,3.79301706960116e-06,2
1,113,1.15971322269757e-05,0.00920577685248825,0.000121620298333339,0.00080496948464345,3.70516875198018e-06,2
1,114,1.15840068759806e-05,0.00920109232162812,0.000120704505799593,0.000801396458302823,3.62379022115051e-06,2
1,115,1.15710137765303e-05,0.00919716016256123,0.0001198537118466,0.000797887800169056,3.55310567566118e-06,2
1,116,1.15581203795948e-05,0.00919395474089775,0.000118426839675796,0.000794506866915447,3.49883357501245e-06,2
1,117,1.15453270105446e-05,0.00919147255816952,0.000116912594763206,0.000791208914897259,3.46316366999927e-06,2
1,118,1.15326412025841e-05,0.00918970596576071,0.000115323343219793,0.000787956952875345,3.44504443857508e-06,2
1,119,1.15200917147226e-05,0.00918862842429038,0.000114330261275625,0.000784621922213063,3.4507467646497e-06,2
1,120,1.15077104018537e-05,0.00918822365698862,0.000115946844577222,0.00078106920083991,3.47331897851176e-06,2
1,121,1.14954605357083e-05,0.00918846695882838,0.000117370517010659,0.000777645449399111,3.51175361762343e-06,2
1,122,1.14833105850561e-05,0.00918933600408941,0.000117628866747278,0.000774359320996742,3.54965172720859e-06,2
1,123,1.1471283762819e-05,0.00919081554369323,0.000117220631054395,0.000771076345649521,3.58728937900847e-06,2
1,124,1.14594015071407e-05,0.00919288749071758,0.00011694475253913,0.000767798217301831,3.59971998727502e-06,2
1,125,1.14476434424987e-05,0.00919553341345808,0.000116622316991212,0.000764481281264242,3.57185979668682e-06,2
1,126,1.14359587222183e-05,0.00919873861359039,0.000116117616325047,0.000761218280987001,3.54770381318611e-06,2
1,127,1.14243584781752e-05,0.00920249127902065,0.000115802108463545,0.000757978066383861,3.53795677869763e-06,2
1,128,1.14128526684698e-05,0.00920677476618924,0.000115641481170331,0.000754781716147144,3.53475253271398e-06,2
1,129,1.14014351376084e-05,0.0092115744453014,0.000115605664492867,0.00075161697104964,3.52594763859079e-06,2
1,130,1.13901114753472e-05,0.00921687548191355,0.000115702936191573,0.000748455217095098,3.51350980827438e-06,2
1,131,1.13788943581671e-05,0.00922266747935234,0.000116216890926538,0.000745313867426003,3.50283324985139e-06,2
1,132,1.13677679613215e-05,0.00922894078026248,0.000116259487419167,0.000742273161451308,3.49704322314551e-06,2
1,133,1.13567334112051e-05,0.00923568449833068,0.000115892738523078,0.000739305406719108,3.49533648743282e-06,2
1,134,1.13457767149742e-05,0.00924287697654762,0.000115028160141132,0.000736431817362004,3.49818751378327e-06,2
1,135,1.13348976504278e-05,0.00925049776340905,0.000113828109052346,0.00073361051622983,3.51004006980293e-06,2
1,136,1.13241398756973e-05,0.00925853147832262,0.000113669730883752,0.000730572260364093,3.53004246392244e-06,2
1,137,1.13135243730478e-05,0.00926697007966052,0.000115886003303076,0.000727360275754467,3.56291188795066e-06,2
1,138,1.13030201846404e-05,0.00927580663946958,0.000117162557763193,0.000724268981307467,3.60566158148824e-06,2
1,139,1.12926070861898e-05,0.00928502998519538,0.000117332141899728,0.000721323026697195,3.64322280414572e-06,2
1,140,1.12822704903705e-05,0.00929462821899982,0.00011678540480026,0.000718448325131679,3.67524155265972e-06,2
1,141,1.12720186614347e-05,0.00930458997517157,0.000116052199283291,0.000715589648438024,3.7023582382379e-06,2
1,142,1.12618586700325e-05,0.00931490293069944,0.000115179104093016,0.000712724155438973,3.71486809560855e-06,2
1,143,1.12517975575797e-05,0.00932555476738306,0.000114590812436171,0.000709856138206888,3.71334867259761e-06,2
1,144,1.12418068647246e-05,0.0093365323884353,0.000113836960074339,0.000707006774236455,3.70458471222586e-06,2
1,145,1.12318907495566e-05,0.0093478255930817,0.000113389100675013,0.000704139884026318,3.68958159957059e-06,2
1,146,1.12220551058317e-05,0.00935942637194468,0.000113029814630142,0.000701307332005656,3.67120185063352e-06,2
1,147,1.12122867658814e-05,0.00937132586007305,0.00011276162993296,0.000698499551362976,3.65477918812598e-06,2
1,148,1.12025869731051e-05,0.0093835169197264,0.000112507245385409,0.000695687523013564,3.64110121562023e-06,2
1,149,1.11929565411714e-05,0.00939599401749523,0.000112496234321091,0.000692853820590403,3.62779828783068e-06,2
1,150,1.11834279895755e-05,0.00940874639111933,0.000112932580912927,0.000689958803709792,3.61765594647518e-06,2
1,151,1.11740428707564e-05,0.0094217714629478,0.000114445103483902,0.000687028612916628,3.61456072713295e-06,2
1,152,1.11647270096233e-05,0.0094350635873054,0.000115274020845438,0.00068427234648324,3.59684132131911e-06,2
1,153,1.11554523512645e-05,0.00944861568339228,0.000115182575472836,0.000681643903299123,3.58673339518586e-06,2
1,154,1.11462299028817e-05,0.00946241912482733,0.000114729952409323,0.000679041290791239,3.59129373875508e-06,2
1,155,1.11371568470002e-05,0.00947646503778069,0.000116683800862351,0.000676021653033724,3.60429744549951e-06,2
1,156,1.11281918535346e-05,0.00949075668131871,0.000119483559273304,0.00067300345917698,3.63131849231328e-06,2
1,157,1.11193008084607e-05,0.00950529222275329,0.0001206134824244,0.000670188684338268,3.66478430953813e-06,2
1,158,1.11104708190995e-05,0.00952006208504078,0.000120457973974142,0.000667505805832163,3.70092130921558e-06,2
1,159,1.11017099984438e-05,0.00953505411218392,0.000119989485105245,0.000664851772319522,3.7363596116175e-06,2
1,160,1.1093008137686e-05,0.00955025751630328,0.000119215550098478,0.000662229223942689,3.76826938244077e-06,2
1,161,1.10843663981083e-05,0.00956566610876499,0.000118315388097007,0.000659636489171697,3.7927000706616e-06,2
1,162,1.10757853653373e-05,0.00958127377004373,0.000117543289248496,0.000657047144577891,3.80640555421497e-06,2
1,163,1.10672741363152e-05,0.00959707373902488,0.000116790618690041,0.000654469135617725,3.81023029494168e-06,2
1,164,1.10588208745201e-05,0.00961305939823624,0.000116011019592903,0.000651923450663585,3.80252247792396e-06,2
1,165,1.10504383056088e-05,0.00962922237878118,0.000115382315969083,0.00064939469945108,3.7842565308345e-06,2
1,166,1.10421236835652e-05,0.00964555797378436,0.000114834215384054,0.000646908379291876,3.76262655608492e-06,2
1,167,1.1033877208781e-05,0.00966206061483997,0.000114306141592636,0.00064444325603838,3.74001888434022e-06,2
1,168,1.10256976683018e-05,0.00967872323600787,0.000114012968586092,0.000641981962106468,3.71657536620713e-06,2
1,169,1.10175877230091e-05,0.0096955409283617,0.000113887199962922,0.000639526428199338,3.69830851329045e-06,2
1,170,1.10095514347676e-05,0.00971250914102136,0.000113948104643504,0.000637078047591633,3.68860797353953e-06,2
1,171,1.10015872976834e-05,0.00972962323962354,0.000114190885496705,0.000634639843352329,3.68571953852655e-06,2
1,172,1.09936922830549e-05,0.00974688051163044,0.000114551126901007,0.00063219652102152,3.68994399242225e-06,2
1,173,1.09859714638894e-05,0.00976427815949437,0.000116666076002299,0.00062931541158039,3.69960169973281e-06,2
1,174,1.09784062306905e-05,0.00978182268203189,0.000121237140256998,0.000626437657708637,3.71558517601186e-06,2
1,175,1.09708893487694e-05,0.00979951551436116,0.000122727398703955,0.00062372858987132,3.74124593838127e-06,2
1,176,1.09635381563392e-05,0.00981735127480974,0.000127637622232422,0.000620653417060299,3.7763498032002e-06,2
1,177,1.09562277076105e-05,0.0098353416503754,0.000129851605329356,0.000617949628048251,3.81067196860402e-06,2
1,178,1.09489034445438e-05,0.00985347500918138,0.000129377886885519,0.000615563372339884,3.82713856470161e-06,2
1,179,1.09415922565281e-05,0.0098717398969464,0.000128306889047862,0.000613228949129134,3.84680587655434e-06,2
1,180,1.09343197131672e-05,0.00989012615388284,0.000127072882879131,0.000610886220958524,3.87198725695934e-06,2
1,181,1.09271240596565e-05,0.0099086249253976,0.00012598170304749,0.000608509564863536,3.89809669143595e-06,2
1,182,1.09200105040172e-05,0.00992722799755042,0.000125228346548086,0.000606133812602588,3.92150974067506e-06,2
1,183,1.0912950656647e-05,0.00994592854506757,0.000124380125143345,0.000603782367062108,3.94226101846218e-06,2
1,184,1.0905958893532e-05,0.0099647228099864,0.000123700515717581,0.000601443133848745,3.9573249448054e-06,2
1,185,1.0899031676002e-05,0.00998360640541907,0.000123184608043313,0.000599108063214245,3.96087684008758e-06,2
1,186,1.08921625486712e-05,0.0100025734699009,0.000122878288113354,0.000596738883027654,3.95726074388303e-06,2
1,187,1.08853345587465e-05,0.0100216203152269,0.000122567431890191,0.000594390985651592,3.9534471983877e-06,2
1,188,1.08785635394638e-05,0.010040745511436,0.000122545541928049,0.000592042889467681,3.95413068136305e-06,2
1,189,1.08718476794034e-05,0.0100599485234243,0.000122613603381222,0.000589711905270768,3.95756860675076e-06,2
1,190,1.08652011071467e-05,0.0100792287735755,0.000122948177413224,0.000587382456583619,3.96150253495976e-06,2
1,191,1.08586231160018e-05,0.0100985850609332,0.00012352868645572,0.000585048878937893,3.96624155322836e-06,2
1,192,1.08521167246114e-05,0.0101180164083626,0.000124284411962902,0.000582723118123929,3.9753984427125e-06,2
1,193,1.08456938286495e-05,0.0101375215326083,0.000125347278246813,0.000580378137417851,3.98734797580012e-06,2
1,194,1.0839340313709e-05,0.0101570981086703,0.000126521887780776,0.000578047231675069,4.00459743072614e-06,2
1,195,1.08330475408735e-05,0.0101767461015273,0.000127787675131383,0.000575723117493007,4.02940591930201e-06,2
1,196,1.0826805228233e-05,0.010196466555924,0.000129036739201692,0.00057341892173676,4.06200005956399e-06,2
1,197,1.08206426040482e-05,0.0102162622077105,0.000130549344018033,0.000571034508158266,4.10190359325148e-06,2
1,198,1.08147939448528e-05,0.0102361378930474,0.000135849467587958,0.000567691547372297,4.14499868575304e-06,2
1,199,1.08094050031466e-05,0.01025610821786,0.000147194568015386,0.000563543749114927,4.19260687231125e-06,2
1,200,1.08040147108199e-05,0.0102761916566589,0.0001527851216746,0.000560361754138068,4.23865485732164e-06,2
1,201,1.0798476778109e-05,0.0102963827399863,0.000152857051725477,0.000558074336870605,4.29289820609933e-06,2
1,202,1.07928774643359e-05,0.0103166683834401,0.000151636193028037,0.000555859756420708,4.36380545418674e-06,2
1,203,1.07872914969505e-05,0.0103370346239986,0.000151109493743683,0.000553472215606263,4.43944308772836e-06,2
1,204,1.07817693364303e-05,0.0103574711276619,0.000151112263089336,0.000550943715241716,4.51829089600825e-06,2
1,205,1.0776319992249e-05,0.0103779706275129,0.000151325570504732,0.0005484029828412,4.60030778614734e-06,2
1,206,1.07709700791242e-05,0.0103985265269785,0.000151764112301248,0.000545860304314382,4.68311714225856e-06,2
1,207,1.07657381841513e-05,0.0104191326584067,0.000152502002534675,0.00054333478387011,4.76190108058001e-06,2
1,208,1.07606108744071e-05,0.0104397819002853,0.000153377220933229,0.000540788910413583,4.83174547861381e-06,2
1,209,1.07555692334229e-05,0.0104604690109975,0.000154355905763337,0.000538269281321449,4.90340436777173e-06,2
1,210,1.07506160462817e-05,0.0104811876846593,0.000155478919046198,0.000535775428884445,4.98482843912061e-06,2
1,211,1.07457781345814e-05,0.0105019321293337,0.000156957126952154,0.000533244951478285,5.07276275896115e-06,2
1,212,1.07410417410554e-05,0.0105227004022832,0.000158773434395703,0.000530700076195353,5.15862546479105e-06,2
1,213,1.07364166067715e-05,0.0105434919549901,0.000160949361311537,0.000528130167008494,5.24775527470353e-06,2
1,214,1.0731904409919e-05,0.0105643070327386,0.000163591760546814,0.000525528333607964,5.3424666757761e-06,2
1,215,1.07275121405187e-05,0.0105851465779317,0.000166644416492336,0.000522908093543697,5.43756110108952e-06,2
1,216,1.07233034246941e-05,0.010606013197816,0.000170415713383104,0.000520176903490634,5.53314790982528e-06,2
1,217,1.0719275038467e-05,0.0106269089344745,0.000174764990278022,0.000517367978566605,5.61635518213968e-06,2
1,218,1.07154422899952e-05,0.0106478378829553,0.000179854497675137,0.000514424191304547,5.6701390679524e-06,2
1,219,1.07118252336778e-05,0.0106688005521732,0.000185786057445983,0.000511324323739754,5.67320454938233e-06,2
1,220,1.07084874572101e-05,0.0106897959382507,0.000192911900850486,0.000508077451960064,5.60844236272406e-06,2
1,221,1.07054046155403e-05,0.0107108174129707,0.000201358444647265,0.000504667640484901,5.43422420331692e-06,2
1,222,1.07025632266046e-05,0.0107318566069243,0.000211238524001707,0.000501089586890476,5.19588865902986e-06,2
1,223,1.06999053514656e-05,0.0107529044964336,0.00022227251036529,0.000497352338085928,4.90869189592665e-06,2
1,224,1.06973745888204e-05,0.0107739556567595,0.000234322866480653,0.000493248177162793,4.63776185560081e-06,2
1,225,1.06949625187647e-05,0.0107950085745261,0.000247361880984817,0.000488851295445108,4.45009782273429e-06,2
1,226,1.06926180147361e-05,0.0108160745781761,0.000260397545157783,0.000484321176569345,4.33728384594963e-06,2
1,227,1.06903044828711e-05,0.0108371683106553,0.00027316066122644,0.000479759889588419,4.27543619038294e-06,2
1,228,1.06879740869879e-05,0.0108582995535644,0.000285199186821735,0.000475304791740076,4.23970435925375e-06,2
1,229,1.06856623161268e-05,0.010879470915746,0.000297202615647211,0.000470739162814292,4.22090396622997e-06,2
1,230,1.06833383634749e-05,0.0109006874072552,0.000309139228148059,0.000466090894533238,4.23891256928878e-06,2
1,231,1.06809920244219e-05,0.0109219588416389,0.000320602180240319,0.000461438534500456,4.31163304087178e-06,2
1,232,1.06786029454001e-05,0.0109432978071024,0.000331412857889205,0.000456841502736064,4.41801040754127e-06,2
1,233,1.06761639730922e-05,0.0109647154661286,0.000341443845369857,0.000452313414084885,4.54155277262959e-06,2
1,234,1.0673659347068e-05,0.0109862253045713,0.00035055587948021,0.000447888127423301,4.67463787050688e-06,2
1,235,1.06710942592192e-05,0.0110078408497084,0.000358668970172239,0.000443569840390679,4.81216449889706e-06,2
1,236,1.06684750489827e-05,0.0110295748243848,0.000365753624473002,0.000439348658495721,4.95108117520102e-06,2
1,237,1.0665813168876e-05,0.0110514375891899,0.000371803154726578,0.000435180115680077,5.08815103346672e-06,2
1,238,1.06631027795889e-05,0.0110734390937175,0.00037682838994906,0.000431149047909126,5.22096402099751e-06,2
1,239,1.06603056348681e-05,0.0110955877202786,0.000380430439050852,0.000427514347323824,5.34853675122666e-06,2
1,240,1.06574463799318e-05,0.0111178846849454,0.000382943324487012,0.000424186519594707,5.47438271872032e-06,2
1,241,1.06545397983476e-05,0.0111403329249882,0.000384519407478098,0.000421071756352804,5.59880557329461e-06,2
1,242,1.06515894012861e-05,0.0111629366104774,0.000385240239698814,0.000418133748151361,5.71685048493312e-06,2
1,243,1.06485996193062e-05,0.0111856993495363,0.000385175507189428,0.000415352777265873,5.82805552203109e-06,2
1,244,1.06455759969848e-05,0.0112086261951075,0.000384351821775696,0.000412720237501005,5.93305033397957e-06,2
1,245,1.06425209468194e-05,0.0112317203660572,0.000382798697092678,0.00041024212894198,6.03203743978665e-06,2
1,246,1.06394433552853e-05,0.0112549824928186,0.000380516340885019,0.000407904242024291,6.12379689528213e-06,2
1,247,1.06363465636738e-05,0.0112784137563282,0.000377517062601221,0.00040571067869088,6.20769278516857e-06,2
1,248,1.0633225446197e-05,0.011302012123403,0.000373789586339428,0.000403659629670774,6.28274695606515e-06,2
1,249,1.06300653272451e-05,0.0113257752189435,0.000369376000000461,0.000401738139042996,6.34888728725798e-06,2
1,250,1.06268530495179e-05,0.0113496993885797,0.000364253894268533,0.000399952134431329,6.40662798270231e-06,2
1,251,1.0623581684915e-05,0.0113737786298068,0.000358430372345854,0.000398294433871664,6.45590164143775e-06,2
1,252,1.06202474542932e-05,0.0113980049922489,0.000351939016656929,0.000396755710214196,6.49719196507994e-06,2
1,253,1.06168524123079e-05,0.0114223697630197,0.000344819441890652,0.000395320354496131,6.53029009294202e-06,2
1,254,1.06134071345701e-05,0.0114468625665239,0.000337135798209956,0.000393964466895657,6.55385851482342e-06,2
1,255,1.06099225118319e-05,0.0114714717410546,0.000328956104808357,0.000392616391395045,6.56773324351453e-06,2
1,256,1.06064124133125e-05,0.0114961799811715,0.000320377930519635,0.000391310107462286,6.57121202689842e-06,2
1,257,1.06028925619703e-05,0.0115209702831407,0.000311267461628664,0.000390131849789238,6.56598284103685e-06,2
1,258,1.05993776837993e-05,0.0115458290275455,0.000301825788944893,0.00038897323108567,6.54944748700683e-06,2
1,259,1.05958782554556e-05,0.0115707387586276,0.000292120454726522,0.000387818298253429,6.51863652452784e-06,2
1,260,1.05924016721021e-05,0.011595679910846,0.000282108521176939,0.00038668765634175,6.47682941589642e-06,2
1,261,1.05889513140704e-05,0.0116206322112527,0.00027180978007062,0.000385569025717078,6.42542215799007e-06,2
1,262,1.05855316475637e-05,0.0116455793559101,0.000261295201618653,0.000384433087259679,6.3653267854439e-06,2
1,263,1.05821438110613e-05,0.0116705008374556,0.000250612299201404,0.000383247526319112,6.29804311518879e-06,2
1,264,1.05787872736015e-05,0.0116953784307504,0.00023974479388106,0.000382019778818478,6.22399838413761e-06,2
1,265,1.05754648260237e-05,0.0117201950578984,0.000228798630624156,0.000380713509830141,6.14492728008707e-06,2
1,266,1.05721806725814e-05,0.0117449324399776,0.000217811604363639,0.000379323922759567,6.05969030565401e-06,2
1,267,1.05689364205965e-05,0.0117695707144512,0.000206871161892068,0.000377870124002274,5.97013759708268e-06,2
1,268,1.05657318586607e-05,0.0117940965374117,0.000196006049408515,0.000376348581228519,5.87526957543913e-06,2
1,269,1.05625683995297e-05,0.0118184960834258,0.000185244521934323,0.000374751612702507,5.77689432752093e-06,2
1,270,1.05594507747911e-05,0.0118427546944226,0.000174679920952887,0.00037308089570514,5.67660209009767e-06,2
1,271,1.0556381466448e-05,0.011866856748089,0.000164330829714425,0.000371353023312422,5.57521636719099e-06,2
1,272,1.05533596394112e-05,0.0118907877781949,0.000154233401167334,0.000369586329208697,5.47261884822786e-06,2
1,273,1.05503839977484e-05,0.0119145372642266,0.000144400554381054,0.000367775289466572,5.36833200322697e-06,2
1,274,1.05474564870887e-05,0.0119380923358778,0.000134905930065327,0.000365949733464209,5.26400005040142e-06,2
1,275,1.05445752423285e-05,0.0119614406951459,0.000125705619043152,0.000364110264401207,5.15928058074127e-06,2
1,276,1.05417363407267e-05,0.0119845713435455,0.00011684677804053,0.000362252798915257,5.05453503482831e-06,2
1,277,1.0538941241798e-05,0.0120074730818492,0.00010836590001494,0.000360378044937295,4.94791554033351e-06,2
1,278,1.05361981478024e-05,0.0120301365750243,0.000100352021735961,0.000358475961871421,4.84083686562594e-06,2
1,279,1.05335190563182e-05,0.0120525497945982,9.28778510255831e-05,0.000356572330674346,4.73268762415957e-06,2
1,280,1.05308909263927e-05,0.0120747042331916,8.59667376184736e-05,0.000354672299870738,4.62473994445777e-06,2
1,281,1.05283019893362e-05,0.0120965899837035,7.95921063738205e-05,0.000352770750089587,4.51572060367735e-06,2
1,282,1.05257576522745e-05,0.0121181989325579,7.38020347386004e-05,0.00035086518722977,4.40601364905858e-06,2
1,283,1.05232708100703e-05,0.0121395240909784,6.86479576718404e-05,0.000348945224251875,4.29566296712097e-06,2
1,284,1.05208748720365e-05,0.0121605602631838,6.42312271648265e-05,0.000346986949161905,4.18478122343152e-06,2
1,285,1.05186198889063e-05,0.0121813018848865,6.05486160976484e-05,0.000345022260349914,4.07402047386186e-06,2
1,286,1.05165389436696e-05,0.0122017443867211,5.77536767769723e-05,0.000343030476187735,3.9641959685292e-06,2
1,287,1.05146367763485e-05,0.0122218831217602,5.57648717890128e-05,0.000341042008078762,3.85516216096434e-06,2
1,288,1.05129062330098e-05,0.0122417214610217,5.52703792439402e-05,0.000338917205607688,3.74717472819099e-06,2
1,289,1.05113162608415e-05,0.012261248040139,5.49018430555502e-05,0.000336891057159231,3.64017638055853e-06,2
1,290,1.05098260981854e-05,0.0122804648623264,5.53063347816042e-05,0.000334883831204376,3.53949985404566e-06,2
1,291,1.05084053778732e-05,0.0122993746464167,5.64642765925902e-05,0.000332884194601792,3.4381111252714e-06,2
1,292,1.05070303897069e-05,0.0123179787808878,5.80199615872956e-05,0.000330906279405707,3.33836838138664e-06,2
1,293,1.05056813737277e-05,0.0123362802801663,5.98835327344199e-05,0.000328934966691138,3.24236106601233e-06,2
1,294,1.05043517442705e-05,0.0123542844807833,6.22201720954482e-05,0.000326915158698944,3.14978928291326e-06,2
1,295,1.05030314931732e-05,0.0123719912999028,6.45074230322213e-05,0.00032497028553128,3.06004500982713e-06,2
1,296,1.05017224920606e-05,0.0123894052197255,6.65720213096725e-05,0.000323099333863621,2.97688401861029e-06,2
1,297,1.05004377565612e-05,0.012406530870275,6.86387737060108e-05,0.000321251809873855,2.89697550538106e-06,2
1,298,1.0499182413947e-05,0.0124233727779832,7.07897119094599e-05,0.000319415585423657,2.82034110534486e-06,2
1,299,1.04979500007401e-05,0.012439935944961,7.30874219410361e-05,0.000317537885788599,2.74689139182079e-06,2
1,300,1.04967313266584e-05,0.0124562248220912,7.54479849595313e-05,0.000315718787472704,2.67522993988135e-06,2
1,301,1.04954982030434e-05,0.0124722428289261,7.7383290271215e-05,0.000314003197219015,2.60806122617253e-06,2
1,302,1.04942265933724e-05,0.0124879962419137,7.90737578492755e-05,0.000312339824149408,2.54371910463375e-06,2
1,303,1.04929170741995e-05,0.0125034945452471,8.06688803981369e-05,0.000310637733001103,2.47960608426332e-06,2
1,304,1.04915657172252e-05,0.0125187409966875,8.20542594233529e-05,0.000309017323760006,2.41643944444389e-06,2
1,305,1.04901729780508e-05,0.0125337389484451,8.27345135144812e-05,0.000307504947014215,2.35910719202011e-06,2
1,306,1.04887450081336e-05,0.0125484969037766,8.31771026883303e-05,0.00030601431335279,2.30550180460267e-06,2
1,307,1.04872862229763e-05,0.0125630214831398,8.3404998096741e-05,0.000304536515043506,2.25220345116106e-06,2
1,308,1.04858027335384e-05,0.0125773205366928,8.38282058470611e-05,0.000302905204558584,2.20120516616057e-06,2
1,309,1.04842961083356e-05,0.0125913938579792,8.33015865001481e-05,0.000301479359290426,2.15032292443557e-06,2
1,310,1.04827673555032e-05,0.0126052491472334,8.25815053671016e-05,0.000300112766078405,2.10797984850808e-06,2
1,311,1.04812182546279e-05,0.0126188921363836,8.17733376151987e-05,0.000298780226466773,2.06185859965287e-06,2
1,312,1.0479651163642e-05,0.0126323296070142,8.07524109232648e-05,0.000297477955883508,2.01728799567464e-06,2
1,313,1.04780687347336e-05,0.0126455666797516,7.9502283142995e-05,0.00029621158313307,1.97407666122095e-06,2
1,314,1.04764743171312e-05,0.0126586096338389,7.80441588745342e-05,0.000294974893325468,1.93300581320452e-06,2
1,315,1.0474869172973e-05,0.0126714657156729,7.63930648650156e-05,0.000293755950903277,1.89351525159869e-06,2
1,316,1.04732585974977e-05,0.0126841422114895,7.45461362574557e-05,0.000292568796881823,1.85536566896213e-06,2
1,317,1.04716497166054e-05,0.0126966474187552,7.25880482111298e-05,0.000291397724161631,1.81898285843866e-06,2
1,318,1.04700278528098e-05,0.0127089893247252,7.03844222941131e-05,0.000290270081932343,1.78453730003755e-06,2
1,319,1.04683999415725e-05,0.012721176449776,6.80554691308753e-05,0.000289147834515288,1.75201403944265e-06,2
1,320,1.04667673469973e-05,0.0127332162460091,6.56689445716677e-05,0.000288054674268081,1.72067363530175e-06,2
1,321,1.04651336856047e-05,0.0127451167031544,6.29822921563423e-05,0.000287007006505812,1.69142615235884e-06,2
1,322,1.0463503256809e-05,0.0127568872855361,6.02452456011835e-05,0.000285971729896331,1.66593916828882e-06,2
1,323,1.04618789400836e-05,0.0127685370907796,5.75096194459713e-05,0.000284937856410582,1.6416833478055e-06,2
1,324,1.04602628635117e-05,0.0127800748466221,5.47765780308893e-05,0.000283915164749269,1.61963487031622e-06,2
1,325,1.04586586376926e-05,0.0127915095821165,5.19981608210626e-05,0.000282914018429252,1.6001327300609e-06,2
1,326,1.04570680872941e-05,0.0128028507006925,4.92559718662526e-05,0.000281926109868102,1.58297242532916e-06,2
1,327,1.04554970548088e-05,0.0128141064347978,4.66301890852923e-05,0.000280942443331453,1.56779183961194e-06,2
1,328,1.04539480330715e-05,0.012825284722221,4.4165576922488e-05,0.000279970271125378,1.55501859039665e-06,2
1,329,1.04524249489774e-05,0.0128363939967771,4.18870534499865e-05,0.000279000224139928,1.54441317082816e-06,2
1,330,1.04509322791103e-05,0.0128474423870733,3.98938676817034e-05,0.000278028013580197,1.535628806121e-06,2
1,331,1.04494752826944e-05,0.0128584388155216,3.85459351807873e-05,0.000276903632311153,1.52886325824491e-06,2
1,332,1.04480592697773e-05,0.0128693870194215,3.75048008677244e-05,0.000275847400541088,1.5224180456346e-06,2
1,333,1.04466876961588e-05,0.0128802920170873,3.61457182365405e-05,0.000274875558588543,1.52242567954058e-06,2
1,334,1.04453709037907e-05,0.0128911635727143,3.5536889249771e-05,0.00027389909081336,1.52240751551554e-06,2
1,335,1.04441153342408e-05,0.0129020095261029,3.59037547778932e-05,0.000272840497552829,1.52144135883896e-06,2
1,336,1.04429178230397e-05,0.0129128333591306,3.596566355464e-05,0.000271862221649681,1.52180996117969e-06,2
1,337,1.04417700686033e-05,0.0129236417957946,3.66224158000968e-05,0.000270871818807691,1.52751195950322e-06,2
1,338,1.0440660502519e-05,0.0129344393382932,3.77215229630441e-05,0.000269890077259704,1.53100195602184e-06,2
1,339,1.04395834670738e-05,0.012945232297269,3.9109382759772e-05,0.000268917863601502,1.53707416829094e-06,2
1,340,1.04385366670475e-05,0.012956024997449,4.07329191617933e-05,0.00026795532259843,1.54460857283855e-06,2
1,341,1.04375147797498e-05,0.0129668218590531,4.25548839590405e-05,0.000266997324420366,1.55386342749545e-06,2
1,342,1.04365155280141e-05,0.0129776275456454,4.45585220074519e-05,0.000266040702738465,1.56431125126997e-06,2
1,343,1.04355352718039e-05,0.012988446108087,4.67253415522052e-05,0.00026508890904622,1.57558085571475e-06,2
1,344,1.04345682638231e-05,0.0129992819213882,4.89901866533965e-05,0.000264136440330403,1.58767529457967e-06,2
1,345,1.04336094674227e-05,0.0130101370789636,5.12896109231262e-05,0.000263188940656903,1.60054646272921e-06,2
1,346,1.04326560465279e-05,0.0130210157919711,5.36162329544755e-05,0.000262237364476284,1.61448978946783e-06,2
1,347,1.04317075363716e-05,0.0130319204412056,5.59497018717997e-05,0.000261286093114734,1.62892284750976e-06,2
1,348,1.04307645620775e-05,0.0130428543680624,5.82759371903681e-05,0.000260333181725974,1.64425765317546e-06,2
1,349,1.04298328459589e-05,0.0130538205246731,6.07207989754658e-05,0.000259351127148564,1.65998857276e-06,2
1,350,1.04289062640786e-05,0.013064821180402,6.30855572312851e-05,0.000258381989192867,1.67643486935329e-06,2
1,351,1.04279819314831e-05,0.0130758601169248,6.53301546275999e-05,0.000257409531740628,1.69354716299356e-06,2
1,352,1.04270564435956e-05,0.0130869362295138,6.73691001940996e-05,0.00025647595466957,1.7104757762414e-06,2
1,353,1.04261282346801e-05,0.0130980512455256,6.92164425901413e-05,0.000255553430852903,1.7291324101229e-06,2
1,354,1.0425199004256e-05,0.0131092072302175,7.1000417682067e-05,0.000254625417544713,1.74737971892862e-06,2
1,355,1.0424268952445e-05,0.0131204051379478,7.27126945797751e-05,0.000253691241945716,1.76505456941306e-06,2
1,356,1.04233360838749e-05,0.0131316450642929,7.42589778196741e-05,0.000252779497985683,1.78260764810366e-06,2
1,357,1.04224024183768e-05,0.0131429263786993,7.56804103508438e-05,0.000251876660808143,1.80000867036321e-06,2
1,358,1.04214670271136e-05,0.0131542487689534,7.69675706267273e-05,0.000251000452233847,1.81729965148158e-06,2
1,359,1.04205290022238e-05,0.0131656115302255,7.80902031095068e-05,0.000250142246179744,1.83411762443333e-06,2
1,360,1.04195895737603e-05,0.0131770147882945,7.91021397602058e-05,0.000249239100894304,1.85049990967311e-06,2
1,361,1.04186505999662e-05,0.0131884582475071,8.02120950013628e-05,0.000248277772313667,1.8661469645055e-06,2
1,362,1.04177122127149e-05,0.0131999346930744,8.07840406895264e-05,0.000247436319018775,1.88333004393104e-06,2
1,363,1.04167733633916e-05,0.0132114460346618,8.12810190637241e-05,0.000246612886552292,1.90134736103859e-06,2
1,364,1.04158351428163e-05,0.0132229910179947,8.17493652735446e-05,0.000245790559896132,1.91470893951075e-06,2
1,365,1.04148974532508e-05,0.0132345672015343,8.21035912000465e-05,0.00024498840210147,1.9280190179537e-06,2
1,366,1.04139583968063e-05,0.0132461723725719,8.23605985322065e-05,0.000244148191467874,1.94150673011432e-06,2
1,367,1.0413017246499e-05,0.0132578027679429,8.25393067382868e-05,0.000243328404415618,1.95478430706384e-06,2
1,368,1.04120739360685e-05,0.0132694554747844,8.25286839477503e-05,0.00024253173332161,1.96933109409879e-06,2
1,369,1.04111284820119e-05,0.0132811277095194,8.24063033336339e-05,0.000241760410518225,1.98300274474388e-06,2
1,370,1.0410179721936e-05,0.0132928154445113,8.21092979085136e-05,0.000241016474393049,1.99620539670692e-06,2
1,371,1.0409227911123e-05,0.0133045161743673,8.17044149084266e-05,0.000240279678035821,2.00800192585206e-06,2
1,372,1.04082723366262e-05,0.0133162272737652,8.12087336241603e-05,0.000239547927632372,2.01784790044434e-06,2
1,373,1.04073124203304e-05,0.0133279454467604,8.05832143528958e-05,0.000238830077502219,2.02731280970541e-06,2
1,374,1.04063479269029e-05,0.0133396675446831,7.98437433178682e-05,0.000238117417118008,2.03637353266389e-06,2
1,375,1.04053808655051e-05,0.0133513896793165,7.90209469710243e-05,0.000237403021141726,2.04479933248645e-06,2
1,376,1.04044093937275e-05,0.0133631086063252,7.80678058363695e-05,0.000236700461506878,2.05242993883023e-06,2
1,377,1.0403435439354e-05,0.0133748214693738,7.7048181454219e-05,0.000235991458049761,2.05893110046034e-06,2
1,378,1.0402460019833e-05,0.0133865236853606,7.59417489046361e-05,0.000235290324425564,2.06429228706113e-06,2
1,379,1.04014843988704e-05,0.0133982120899684,7.4744049687689e-05,0.000234602889503661,2.06858655287419e-06,2
1,380,1.04005084729145e-05,0.0134098834024319,7.34739575118494e-05,0.000233924092125496,2.07135268966145e-06,2
1,381,1.03995339491885e-05,0.0134215223658121,7.29841629617851e-05,0.000232793807867559,2.07262025599109e-06,2
1,382,1.03985680570875e-05,0.0134330993892275,7.19711861454551e-05,0.000231809720885021,2.09079487636246e-06,2
1,383,1.03976033497489e-05,0.013444636015459,6.98638598555429e-05,0.000231094463543168,2.11899816868507e-06,2
1,384,1.03966360263086e-05,0.0134561536238312,6.81547969764892e-05,0.000230415855917608,2.09953835846593e-06,2
1,385,1.03956702589454e-05,0.0134676491790098,6.65578615610282e-05,0.000229729509198202,2.07582064451472e-06,2
1,386,1.03947092227642e-05,0.0134791158496787,6.49325782833012e-05,0.000229037595369603,2.06424761715898e-06,2
1,387,1.03937534109427e-05,0.0134905467446491,6.32895325750428e-05,0.000228341129133118,2.05641246948872e-06,2
1,388,1.03928021551974e-05,0.0135019353211643,6.16153111792379e-05,0.000227638813741948,2.04899703654303e-06,2
1,389,1.0391859251218e-05,0.0135132770678281,5.99513126303621e-05,0.000226921730765874,2.04078827210946e-06,2
1,390,1.03909261465046e-05,0.0135245679707274,5.83271960284098e-05,0.000226190705868005,2.03104798537881e-06,2
1,391,1.03900011724937e-05,0.0135358038378342,5.66879866573141e-05,0.00022546522244161,2.01988915070858e-06,2
1,392,1.03890840307781e-05,0.0135469821618102,5.50352309703623e-05,0.000224741882699121,2.00742737189494e-06,2
1,393,1.03881748543956e-05,0.0135581004212199,5.3373428823988e-05,0.000224015675102837,1.99377271566234e-06,2
1,394,1.03872739183464e-05,0.0135691563190004,5.17426569308345e-05,0.000223289904708118,1.97909517184456e-06,2
1,395,1.03863826820728e-05,0.0135801487194546,5.01364986940815e-05,0.000222541966665936,1.96345614785291e-06,2
1,396,1.03855005770738e-05,0.0135910772715433,4.90163165528638e-05,0.000221657036089682,1.94689735819465e-06,2
1,397,1.0384627957695e-05,0.0136019346975483,4.71848357049524e-05,0.00022091931759263,1.93081616489349e-06,2
1,398,1.03837646701309e-05,0.013612723748316,4.54988089551377e-05,0.000220195138416063,1.9168925119672e-06,2
1,399,1.03829101938309e-05,0.0136234437875433,4.40340435490183e-05,0.000219467239455504,1.89770094243142e-06,2
1,400,1.03820644045753e-05,0.0136340937370832,4.26061263664984e-05,0.000218750065650056,1.8787046154858e-06,2
1,401,1.03812267385445e-05,0.0136446735099042,4.11704585164705e-05,0.000218036766102705,1.86016554274647e-06,2
1,402,1.03803978850667e-05,0.0136551812567885,3.97965747936298e-05,0.000217323138599459,1.84178088257498e-06,2
1,403,1.03795780608624e-05,0.0136656159314363,3.84660395445717e-05,0.000216601699707465,1.82367539060642e-06,2
1,404,1.03787678297226e-05,0.0136759767375989,3.7231621119995e-05,0.000215872086380335,1.80523263834279e-06,2
1,405,1.03779678119054e-05,0.0136862626484588,3.60755828798728e-05,0.000215138998578947,1.78637061033966e-06,2
1,406,1.03771779054577e-05,0.0136964735184985,3.4950607456454e-05,0.000214414502982413,1.76751937028204e-06,2
1,407,1.03763986985146e-05,0.013706610838425,3.46207926158943e-05,0.000213478430392307,1.74845348719932e-06,2
1,408,1.03756293713939e-05,0.0137166683828664,3.32719299826144e-05,0.000212722907328971,1.72997979737944e-06,2
1,409,1.03748692975808e-05,0.0137266497110133,3.20007818592068e-05,0.000212007938695463,1.71539889444991e-06,2
1,410,1.03741195032241e-05,0.0137365553461695,3.10832886417644e-05,0.000211293359986074,1.69461108816621e-06,2
1,411,1.03733813859339e-05,0.0137463853359556,3.02638510169325e-05,0.000210581761090395,1.67412625703351e-06,2
1,412,1.03726565848086e-05,0.0137561396110066,2.95016637181785e-05,0.000209870657973668,1.65469994548686e-06,2
1,413,1.03719447762834e-05,0.0137658177942541,2.88325923736453e-05,0.000209155433857299,1.63574107896092e-06,2
1,414,1.03712458661927e-05,0.013775419877599,2.82606725186579e-05,0.000208438987219438,1.61688512184736e-06,2
1,415,1.03705600009418e-05,0.0137849453526336,2.77545864500004e-05,0.000207723333656912,1.59836221932703e-06,2
1,416,1.03698866475424e-05,0.0137943941273962,2.73237494820763e-05,0.000207012631592089,1.58016956655199e-06,2
1,417,1.03692222527612e-05,0.0138037662453764,2.68572554998901e-05,0.000206324092006965,1.56194819961153e-06,2
1,418,1.03685656547031e-05,0.0138130622725422,2.64615898683278e-05,0.000205590384771392,1.54362048357522e-06,2
1,419,1.03679183949508e-05,0.0138222817179829,2.62644839259014e-05,0.000204855263519101,1.52500838510431e-06,2
1,420,1.0367279230728e-05,0.0138314252152429,2.5896271038778e-05,0.000204155052364922,1.50766997212203e-06,2
1,421,1.03666449294421e-05,0.0138404308704075,2.42860218523454e-05,0.000203136873725611,6.93383212130807e-06,1
1,422,1.03660208185353e-05,0.0138493930570351,2.64670147173528e-05,0.000202800511003515,1.25148407145442e-06,2
1,423,1.03653969466061e-05,0.0138583901749627,2.54005895721696e-05,0.000202102980098145,1.6004858592951e-06,2
1,424,1.0364781053246e-05,0.013867269779068,2.48738348554188e-05,0.000201441640943488,1.44621353241426e-06,2
1,425,1.03641650473189e-05,0.0138760275645762,2.33395403803468e-05,0.000200409400092471,6.92001597145827e-06,1
1,426,1.03635531976059e-05,0.0138846719234681,2.55819828352672e-05,0.000200086087030247,1.20597782782859e-06,2
1,427,1.0362938329559e-05,0.0138933739638722,2.45062522056155e-05,0.000199394898902938,1.5552564495037e-06,2
1,428,1.03623290748246e-05,0.013901962973203,2.40141548970323e-05,0.00019874034739007,1.40154432320923e-06,2
1,429,1.03617199871929e-05,0.0139104274522008,2.27013386956533e-05,0.000197675180156876,6.63816082705724e-06,1
1,430,1.03611209656232e-05,0.0139187987750312,2.51933996826994e-05,0.000197275378352021,1.16178370441975e-06,2
1,431,1.03605212677249e-05,0.0139272224370415,2.41314487834301e-05,0.000196596164806557,1.49033801296679e-06,2
1,432,1.0359928154516e-05,0.0139355396670252,2.35378105391965e-05,0.000195960562039363,1.34169088817599e-06,2
1,433,1.03593349077335e-05,0.0139437413368275,2.21865395793965e-05,0.000194996317222597,6.36537864180537e-06,1
1,434,1.03587533339096e-05,0.0139518549500646,2.43969229125689e-05,0.000194635230959263,1.11302176818359e-06,2
1,435,1.03581702284717e-05,0.0139600222855163,2.35990085566429e-05,0.000193969054341808,1.43076949933161e-06,2
1,436,1.03575899605647e-05,0.0139680971242153,2.20814699363924e-05,0.000192995002766665,6.84403430402162e-06,1
1,437,1.03570170560265e-05,0.0139760085348219,2.41322017324142e-05,0.000192717832251112,1.17919967948675e-06,2
1,438,1.03564430556868e-05,0.013984000183481,2.32839507403849e-05,0.000192071310943007,1.39461526273733e-06,2
1,439,1.0355871441156e-05,0.0139918998794143,2.17799580501394e-05,0.000191105061769449,6.78131952140715e-06,1
1,440,1.03553080099831e-05,0.0139996473779547,2.39103526421353e-05,0.000190825284890159,1.15750034503252e-06,2
1,441,1.03547438721697e-05,0.0140074768050398,2.31161211452496e-05,0.000190181979066795,1.36919094795512e-06,2
1,442,1.03541833459642e-05,0.0140152231608533,2.18623804900131e-05,0.000189147345989576,6.62311149857922e-06,1
1,443,1.03536313064261e-05,0.0140228178669702,2.44506354959205e-05,0.000188744209106701,1.13077695795997e-06,2
1,444,1.03530765295565e-05,0.0140306033645734,2.18607307893052e-05,0.000187722435374357,6.81875857821241e-06,1
1,445,1.03525330720456e-05,0.0140380502054061,2.39941530891711e-05,0.000187522010993479,1.23671642178541e-06,2
1,446,1.03519876713243e-05,0.0140456310918513,2.30213938362788e-05,0.000186911396651335,1.40776388656323e-06,2
1,447,1.03514464506028e-05,0.0140531135069448,2.1549738001594e-05,0.000185979698760326,6.72784912541463e-06,1
1,448,1.0350915346179e-05,0.0140604921540685,2.35977971121262e-05,0.000185731683460063,1.14310982335391e-06,2
1,449,1.03503815229983e-05,0.0140680799369842,2.15891350872985e-05,0.00018473752965954,6.78966799026515e-06,1
1,450,1.03498591886084e-05,0.0140753142476935,2.38751429432441e-05,0.000184555632301954,1.20444250972712e-06,2
1,451,1.03493308123277e-05,0.0140827602705362,2.1637099472899e-05,0.000183553087398029,6.89161870791643e-06,1
1,452,1.03488171775809e-05,0.0140899329961765,2.40770556285862e-05,0.00018337976017376,1.36672126548395e-06,2
1,453,1.0348301289688e-05,0.0140972427688209,2.32331576183248e-05,0.000182774344538017,1.34984301685807e-06,2
1,454,1.03477912972596e-05,0.0141044879839575,2.19756050909192e-05,0.000181841548124431,6.57165879081492e-06,1
1,455,1.03472880254994e-05,0.0141115994476686,2.39430512662822e-05,0.000181592627794243,1.110066102541e-06,2
1,456,1.03467801968388e-05,0.0141189299340487,2.24715106189234e-05,0.000180574194118848,6.5343521096261e-06,1
1,457,1.03462835709377e-05,0.0141259277803643,2.43722629813536e-05,0.000180381274286425,1.1822503112915e-06,2
1,458,1.03457810190631e-05,0.0141331465928065,2.22998707222078e-05,0.000179394491754922,6.64590545880928e-06,1
1,459,1.03452918558974e-05,0.0141400970123276,2.52852365575172e-05,0.000179007439143296,1.3140877333782e-06,2
1,460,1.03447966248465e-05,0.0141472929844549,2.29879062967388e-05,0.000177961903944709,6.79333442486975e-06,1
1,461,1.03443134593116e-05,0.0141541729585162,2.48408302750013e-05,0.000177825719100587,1.37208528545898e-06,2
1,462,1.03438225680272e-05,0.0141613055546008,2.27410536351601e-05,0.000176844955670478,6.71584811348034e-06,1
1,463,1.03433462882153e-05,0.0141681378264404,2.49962170561014e-05,0.000176710223011304,1.41249312627776e-06,2
1,464,1.03428647521308e-05,0.0141752340697772,2.30622696116774e-05,0.000175721898102912,6.63915499761216e-06,1
1,465,1.03423979164077e-05,0.0141820162622809,2.53947433481579e-05,0.000175557659776143,1.40800904906297e-06,2
1,466,1.03419238433475e-05,0.0141890573097232,2.35664594347429e-05,0.000174575799805543,6.51760567822876e-06,1
1,467,1.03414639295429e-05,0.0141957979320309,2.56596006115189e-05,0.000174436968951851,1.41806368765967e-06,2
1,468,1.0340996565452e-05,0.0142028029707003,2.37693956966897e-05,0.000173495116117444,6.43149992179444e-06,1
1,469,1.03405431777349e-05,0.0142095014735383,2.58266050098529e-05,0.000173356195034074,1.40546781974681e-06,2
1,470,1.03400853400432e-05,0.0142164608864874,2.41609999439542e-05,0.000172388426376858,6.33765117809054e-06,1
1,471,1.03396426903617e-05,0.0142231233168802,2.62952887939271e-05,0.000172222870440203,1.40873616290783e-06,2
1,472,1.03391937982257e-05,0.014230049965597,2.4582463279058e-05,0.000171261321165369,6.27039741574182e-06,1
1,473,1.03387585382131e-05,0.0142366759854448,2.76032940910687e-05,0.000170811566095071,1.39706923738336e-06,2
1,474,1.03383173333811e-05,0.0142435573584277,2.59141946374987e-05,0.000169681669320977,6.21667646222783e-06,1
1,475,1.0337889493702e-05,0.0142501451023305,2.74564925261202e-05,0.000169482055636499,1.41036294274224e-06,2
1,476,1.03374568800842e-05,0.0142569968012161,2.55069410283449e-05,0.000168570249631848,6.183869343712e-06,1
1,477,1.03370362601128e-05,0.0142635521551893,2.72124746463113e-05,0.00016844353941258,1.39912889161031e-06,2
1,478,1.03366093664448e-05,0.014270371774157,2.55507628113631e-05,0.000167527528911917,6.1276515039816e-06,1
1,479,1.03361951287958e-05,0.0142768985665704,2.74612986389013e-05,0.00016737484237479,1.39853998522164e-06,2
1,480,1.03357746813907e-05,0.0142836920874297,2.59268748295762e-05,0.000166459381350169,6.08072084943958e-06,1
1,481,1.03353723990279e-05,0.014290188990847,2.77794150490021e-05,0.000166317064831999,1.38877375631479e-06,2
1,482,1.03349603023405e-05,0.0142969509652434,2.62555266141045e-05,0.000165414037370847,6.03814467761013e-06,1
1,483,1.03345573777714e-05,0.0143034206041256,2.80350164450446e-05,0.000165282938134682,1.38795816570683e-06,2
1,484,1.03341472739725e-05,0.0143101566611481,2.64922627138141e-05,0.000164391348126517,6.00986426453789e-06,1
1,485,1.03337485551627e-05,0.0143165975986585,2.82562578303524e-05,0.000164263141977852,1.38075651045677e-06,2
1,486,1.0333342489075e-05,0.0143233032375837,2.67528002043748e-05,0.000163372411343059,5.98231611290736e-06,1
1,487,1.03329472641785e-05,0.0143297165443211,2.84875054502099e-05,0.000163247053701791,1.38096886672144e-06,2
1,488,1.03325455983633e-05,0.0143363962344418,2.69795762418924e-05,0.000162362076378621,5.96287399116691e-06,1
1,489,1.03321553459375e-05,0.0143427814318875,2.86664730598942e-05,0.000162244133412276,1.37541534879983e-06,2
1,490,1.0331759062231e-05,0.0143494317892498,2.71850448767791e-05,0.000161355171566267,5.94128245127341e-06,1
1,491,1.03313728254625e-05,0.0143557896473918,2.8842568064703e-05,0.000161241006628197,1.37536209041935e-06,2
1,492,1.03309801348707e-05,0.014362413720997,2.7336122406394e-05,0.000160352922967499,5.92316384132022e-06,1
1,493,1.03305980427951e-05,0.0143687430210729,2.90231753960796e-05,0.000160228161949082,1.37035056756714e-06,2
1,494,1.03302074876729e-05,0.014375336582775,2.74606620320466e-05,0.000159358361339809,5.90286682504715e-06,1
1,495,1.03298263752679e-05,0.014381637115266,2.89839553966091e-05,0.000159261105686284,1.3696919346696e-06,2
1,496,1.03294388208217e-05,0.0143882048100561,2.78050173471562e-05,0.000158132327422416,5.88548930449357e-06,1
1,497,1.03290618400739e-05,0.0143944750680395,2.97571479738137e-05,0.000157818871596752,1.3664611886014e-06,2
1,498,1.03286781047302e-05,0.0144010054130094,2.78335012441264e-05,0.00015690534421297,5.88573947005874e-06,1
1,499,1.03283052506077e-05,0.0144072456268588,2.91064504358163e-05,0.000156796611829648,1.37165055767333e-06,2
1,500,1.0327925382417e-05,0.014413750735092,2.74226036592497e-05,0.000155935686878111,5.86690613341381e-06,1
1,501,1.03275550016375e-05,0.0144199602408847,2.88832235867129e-05,0.00015585339499045,1.36352520819742e-06,2
1,502,1.03271771522203e-05,0.0144264326955717,2.72329557485188e-05,0.000154996463817085,5.83388138916063e-06,1
1,503,1.03268096496973e-05,0.0144326114112146,2.86918559136716e-05,0.000154913135073089,1.36022946650828e-06,2
1,504,1.03264354013632e-05,0.0144390526733112,2.70350596233234e-05,0.000154060088399761,5.80550439483428e-06,1
1,505,1.03260719374715e-05,0.014445198633006,2.85073169863118e-05,0.000153971698818612,1.35272599616592e-06,2
1,506,1.03257018093926e-05,0.0144516045077485,2.68632524463322e-05,0.000153114137120345,5.77592263521153e-06,1
1,507,1.03253415020261e-05,0.0144577171149585,2.82900936236974e-05,0.000153035917111867,1.3483738607557e-06,2
1,508,1.03249739721189e-05,0.0144640889541875,2.65902492350777e-05,0.000152194961657532,5.7481587755667e-06,1
1,509,1.03246161548379e-05,0.0144701668077158,2.79830535787971e-05,0.000152123338768873,1.34107035638044e-06,2
1,510,1.03242522795577e-05,0.014476501716089,2.62992949577418e-05,0.000151272363666528,5.71795082687693e-06,1
1,511,1.03238989280605e-05,0.0144825444803887,2.77455075580497e-05,0.00015119080036434,1.33654638278296e-06,2
1,512,1.03235393757286e-05,0.0144888430168846,2.60290369445782e-05,0.000150357442743413,5.68637049090644e-06,1
1,513,1.03231896422342e-05,0.0144948487699184,2.74049627111273e-05,0.000150288925876047,1.32882741444384e-06,2
1,514,1.03228335354386e-05,0.0145011078174165,2.56639128948329e-05,0.000149462794833354,5.65117243913256e-06,1
1,515,1.03224894511928e-05,0.0145070761215944,2.70689368762643e-05,0.000149392401932002,1.32287769653646e-06,2
1,516,1.03221396478906e-05,0.0145132963345209,2.53741897908755e-05,0.000148567505634998,5.61490289160098e-06,1
1,517,1.03218003382637e-05,0.0145192258762554,2.6789331431276e-05,0.000148498103678619,1.31409558717363e-06,2
1,518,1.03214545427194e-05,0.0145254045464366,2.50743125034358e-05,0.000147678588395183,5.57515298949099e-06,1
1,519,1.03211180525863e-05,0.0145312946083062,2.64706821611876e-05,0.000147611760275061,1.307096561751e-06,2
1,520,1.0320775088416e-05,0.0145374316264171,2.47278017092074e-05,0.000146805075697895,5.53432334923741e-06,1
1,521,1.03204408786882e-05,0.0145432805702681,2.60580399861761e-05,0.000146748519765261,1.29779023842945e-06,2
1,522,1.03201000764103e-05,0.0145493743527949,2.42752754124351e-05,0.000145946333411052,5.49042746966729e-06,1
1,523,1.03197686707186e-05,0.0145551823823596,2.56104522602615e-05,0.000145881137358569,1.28957819091868e-06,2
1,524,1.03194316095398e-05,0.0145612331443579,2.38363588955525e-05,0.00014508003806144,5.44581430178465e-06,1
1,525,1.03191046015591e-05,0.0145669992061476,2.51854673418813e-05,0.000145014545920973,1.27925417797868e-06,2
1,526,1.03187718848901e-05,0.0145730053776692,2.34104519450167e-05,0.000144222961885162,5.39795945635922e-06,1
1,527,1.03184494729863e-05,0.014578728880265,2.4770460688871e-05,0.000144147617075355,1.26979115956459e-06,2
1,528,1.0318121266288e-05,0.0145846898058349,2.30322618592947e-05,0.000143353385339666,5.34899669012422e-06,1
1,529,1.03178020894161e-05,0.0145903704728719,2.46260349436762e-05,0.000143205448871245,1.25847286646516e-06,2
1,530,1.03174780041034e-05,0.0145962824275569,2.27735123682984e-05,0.000142401011930519,5.30074356452494e-06,1
1,531,1.03171632794511e-05,0.0146019152619429,2.39861764108353e-05,0.000142324776346925,1.25042340746341e-06,2
1,532,1.0316843166126e-05,0.0146077798398618,2.21811626481019e-05,0.000141548042610843,5.25035012293281e-06,1
1,533,1.03165326658106e-05,0.014613367870166,2.35250697976277e-05,0.000141479559943005,1.23709537060071e-06,2
1,534,1.03162166793454e-05,0.01461918511148,2.17454935821765e-05,0.000140718132119748,5.19379460969745e-06,1
1,535,1.0315910140166e-05,0.0146247274885381,2.30798270766449e-05,0.00014064663652024,1.22569166367378e-06,2
1,536,1.03155994806673e-05,0.0146304959438874,2.1378493792543e-05,0.000139871325541869,5.13785384649887e-06,1
1,537,1.0315297770998e-05,0.0146359910501148,2.27476906409254e-05,0.000139791203194866,1.21304165340285e-06,2
1,538,1.03149912012933e-05,0.0146417083464068,2.09777550930819e-05,0.000139043543777563,5.08229414542699e-06,1
1,539,1.03146932643903e-05,0.0146471555931905,2.22916240641612e-05,0.000138972523120601,1.20127812310273e-06,2
1,540,1.0314390603131e-05,0.014652822806315,2.05336212622911e-05,0.000138231398948079,5.02739236315808e-06,1
1,541,1.03140972898474e-05,0.0146582221580602,2.18810017945598e-05,0.000138152907896442,1.18845375713332e-06,2
1,542,1.03137993706942e-05,0.0146638386704698,2.01649949892936e-05,0.000137415032148312,4.9710397228308e-06,1
1,543,1.03135045809284e-05,0.0146692920252387,2.43849568983011e-05,0.000136759057288933,6.91798896467435e-06,1
1,544,1.03132151014288e-05,0.0146747816242272,2.03126766384983e-05,0.000136762306609036,2.83505369917881e-06,2
1,545,1.03129369541935e-05,0.0146799385057876,2.03972895151147e-05,0.000136118026954131,5.86484341632275e-06,1
1,546,1.03126512058957e-05,0.0146853322361226,2.04367157860086e-05,0.000136059814142653,1.68398820276073e-06,2
1,547,1.03123650879756e-05,0.0146909215885117,1.97510339142119e-05,0.00013548945838103,4.02038412125616e-06,1
1,548,1.03120811868084e-05,0.0146960787164856,2.14229437162707e-05,0.00013487148141538,5.69911637130067e-06,1
1,549,1.0311801906458e-05,0.0147014000101278,2.02369191096978e-05,0.000134840226514338,1.84003583556914e-06,2
1,550,1.03115292985504e-05,0.0147067959265451,1.93775106944721e-05,0.000133999445211987,6.35892224545478e-06,1
1,551,1.0311253457583e-05,0.0147119460650478,2.03188745193085e-05,0.000134084729041348,1.64152113750099e-06,2
1,552,1.03109716125645e-05,0.0147173025680989,1.88651885755773e-05,0.000133337846456111,5.19452848905208e-06,1
1,553,1.03107028714173e-05,0.0147224077116409,1.99209019769426e-05,0.000133312191851164,1.48282303341567e-06,2
1,554,1.03104316835615e-05,0.0147277628463621,1.8503308726248e-05,0.000132641156176818,4.44393015563613e-06,1
1,555,1.0310159238223e-05,0.014732846944514,2.18542799116273e-05,0.0001320960596257,5.60264720906696e-06,1
1,556,1.03098946158909e-05,0.0147380368399072,1.8843247076501e-05,0.000132011533599129,2.46635185913727e-06,2
1,557,1.03096419706818e-05,0.0147430231145414,1.87489850527604e-05,0.000131280750890665,6.12164507388468e-06,1
1,558,1.03093803415667e-05,0.0147480790587786,1.90652473936079e-05,0.000131309994712154,1.67341236542225e-06,2
1,559,1.0309114895927e-05,0.0147533329405977,1.82022436040022e-05,0.000130712034382114,4.22321924010595e-06,1
1,560,1.03088582746914e-05,0.0147582715827153,2.08735052585947e-05,0.000130065007408757,5.84410679383287e-06,1
1,561,1.03086013613799e-05,0.0147633151156716,1.87747992559052e-05,0.000130117398079035,2.17373794638959e-06,2
1,562,1.03083481414527e-05,0.0147683170117479,1.784329394209e-05,0.000129805973050963,1.36081435450257e-06,2
1,563,1.03080975194447e-05,0.0147732299082417,1.74979017061669e-05,0.000129241222455625,4.26564271839971e-06,1
1,564,1.03078478187384e-05,0.0147781522897747,1.81873472311544e-05,0.00012905459810168,1.01536646463492e-06,2
1,565,1.03075972853155e-05,0.0147832401688333,1.73052343179572e-05,0.000128468289393603,3.9778441408308e-06,1
1,566,1.03073456362677e-05,0.0147880835823095,2.03143060399182e-05,0.000127871079797532,5.93388018362761e-06,1
1,567,1.03071002454931e-05,0.0147930215094028,1.75268972104472e-05,0.000127860659761175,1.96612614265633e-06,2
1,568,1.030686338406e-05,0.0147977574026099,1.73311588356968e-05,0.000127318911205662,4.29449430648252e-06,1
1,569,1.03066210365824e-05,0.0148025742878471,1.78564492437625e-05,0.000127161959649214,1.22872329724254e-06,2
1,570,1.03063782030581e-05,0.0148075611094305,1.70705883074951e-05,0.000126613449719549,3.39075139919855e-06,1
1,571,1.03061379098392e-05,0.0148122814938078,1.89754353435377e-05,0.00012617410887621,3.91618737059591e-06,1
1,572,1.03059021800439e-05,0.0148170763830721,1.75892408848196e-05,0.000125956948224029,1.71425207407677e-06,2
1,573,1.03056736570909e-05,0.01482177712643,1.74156367943551e-05,0.000125158167243847,5.89047413963209e-06,1
1,574,1.03054412136079e-05,0.0148264536671428,1.79740664893687e-05,0.000125195854380007,1.35009100705141e-06,2
1,575,1.0305205212371e-05,0.0148313414444498,1.67832524572696e-05,0.000124576664544495,4.49275787922837e-06,1
1,576,1.03049726652562e-05,0.0148359401191418,2.06982373658797e-05,0.000123846380732411,6.86646372284663e-06,1
1,577,1.03047427796137e-05,0.0148406699736035,1.71923142397268e-05,0.000124024607856497,2.45774498612766e-06,2
1,578,1.03045233367435e-05,0.0148451671898143,1.712301588838e-05,0.000123334741687537,5.63656439228816e-06,1
1,579,1.03042971137886e-05,0.0148497636790697,1.75976622960604e-05,0.000123364374863576,1.73744683524947e-06,2
1,580,1.03040686923294e-05,0.0148545860085879,1.6806254306725e-05,0.000122771220375837,4.09213276255505e-06,1
1,581,1.03038434865275e-05,0.0148590304213452,1.93487185496211e-05,0.000122164109097254,5.50034898995375e-06,1
1,582,1.0303622303985e-05,0.0148635991697079,1.69954188551524e-05,0.000122324454832574,1.26556787204378e-06,2
1,583,1.03034083151009e-05,0.0148682258002387,1.63065102268525e-05,0.000121707520574161,4.70069776046008e-06,1
1,584,1.03031894870189e-05,0.0148726807900313,1.7209358676968e-05,0.000121644141788353,9.01426842466778e-07,2
1,585,1.0302967289979e-05,0.0148772745411374,1.60961571943142e-05,0.000121064015283396,4.09773101486607e-06,1
1,586,1.03027513266802e-05,0.0148818097870343,1.95422665191537e-05,0.000120451875073421,6.23099708227332e-06,1
1,587,1.03025364972191e-05,0.0148863122911419,1.64391460227988e-05,0.000120502045176956,2.2310044771783e-06,2
1,588,1.03023281363092e-05,0.0148905540134451,1.64587622036635e-05,0.000119954678693322,4.83011403262954e-06,1
1,589,1.03021166896155e-05,0.0148950036464083,1.68632221116281e-05,0.000119872190046919,1.43284949794279e-06,2
1,590,1.03019061299185e-05,0.0148996268301721,1.62754291521785e-05,0.000119347689705285,3.70732304457776e-06,1
1,591,1.03016918528334e-05,0.0149038732626462,1.80185894374991e-05,0.000118852964542936,4.92366446881715e-06,1
1,592,1.03014849500662e-05,0.0149082718279645,1.66657604168262e-05,0.00011881208655275,1.88855316581042e-06,2
1,593,1.03012854410148e-05,0.0149127288178909,1.64234882304923e-05,0.000118134385429455,5.5296356402654e-06,1
1,594,1.03010800210878e-05,0.0149170006589398,1.69278602522904e-05,0.000118182291484009,1.37697984506101e-06,2
1,595,1.03008693550491e-05,0.0149213887592959,1.61087966525456e-05,0.000117584989848275,4.40590654524613e-06,1
1,596,1.0300671538725e-05,0.0149257608535146,1.94295165048751e-05,0.00011690630330646,6.43008226265398e-06,1
1,597,1.03004692338883e-05,0.0149300771173855,1.67642188364494e-05,0.0001170415458907,2.63767692478032e-06,2
1,598,1.03002722991428e-05,0.0149341290317182,1.66713927131397e-05,0.000116254682187233,6.63093148705521e-06,1
1,599,1.03000745630558e-05,0.0149383965144478,1.73095083814757e-05,0.000116392220904362,2.07131631036409e-06,2
1,600,1.02998780699091e-05,0.0149429031403987,1.67181087176783e-05,0.000115694126345827,5.17506034008948e-06,1
1,601,1.02996829865108e-05,0.0149470558793472,1.7092536391051e-05,0.000115780094165415,1.6825190285022e-06,2
1,602,1.02994826880151e-05,0.0149511568906058,1.58967060709727e-05,0.000115040549199944,5.81786676593132e-06,1
1,603,1.02992919967619e-05,0.0149553520310028,1.72118425232445e-05,0.000115120958443743,1.5439777853121e-06,2
1,604,1.02991025571203e-05,0.0149597414041796,1.61760297117095e-05,0.000114408133921771,5.07637915901659e-06,1
1,605,1.02989137468711e-05,0.0149638136882009,1.71451380025525e-05,0.000114482751108366,1.41374644653748e-06,2
1,606,1.0298718064969e-05,0.0149679766544509,1.59932800264443e-05,0.000113838299995592,4.72881829200178e-06,1
1,607,1.02985348654949e-05,0.0149722470250541,1.93659163815268e-05,0.000113225532211831,6.5810878983071e-06,1
1,608,1.02983476314434e-05,0.0149763699596771,1.65981388144509e-05,0.000113334762973697,2.82488363539226e-06,2
1,609,1.02981634346185e-05,0.0149801953593093,1.68850003106597e-05,0.000112579030367719,6.77403658279244e-06,1
1,610,1.02979813573251e-05,0.0149843150362053,1.68563332938322e-05,0.000112777052182671,2.22136561117492e-06,2
1,611,1.02978006009245e-05,0.0149886535097865,1.66937060500133e-05,0.000112114361051479,5.38794336322505e-06,1
1,612,1.02976194539897e-05,0.0149926544792262,1.6856723514509e-05,0.000112190323876563,1.88142645385322e-06,2
1,613,1.02974342918956e-05,0.014996548573149,1.6043012063879e-05,0.000111436550984734,6.11895786000623e-06,1
1,614,1.02972573375024e-05,0.0150005979026761,1.69722800471277e-05,0.000111565022342246,1.69236792021931e-06,2
1,615,1.02970808725523e-05,0.0150048393347527,1.62208842426129e-05,0.000110872541321248,5.18747133707869e-06,1
1,616,1.02969042754154e-05,0.0150087667959313,1.68410596750527e-05,0.000110961507687395,1.47229804863455e-06,2
1,617,1.02967206826649e-05,0.0150127271696157,1.58781420929049e-05,0.000110332808092874,4.89177172771228e-06,1
1,618,1.02965476682771e-05,0.0150166845694222,1.67832288048893e-05,0.000110338146900611,1.42028754464661e-06,2
1,619,1.02963743554473e-05,0.0150208279461315,1.59325556767253e-05,0.000109724141475747,4.55424050863503e-06,1
1,620,1.02961932613761e-05,0.015024652726645,1.93524894857189e-05,0.000108994003289232,6.83741623358788e-06,1
1,621,1.02960208995329e-05,0.0150286575121832,1.63252886639334e-05,0.000109300104462663,2.35117317472836e-06,2
1,622,1.02958609350578e-05,0.0150325292806585,1.64663794847308e-05,0.000108602443009355,5.65592795608511e-06,1
1,623,1.02956894666584e-05,0.0150364036090279,1.67032776059611e-05,0.000108750537857813,1.66463293156813e-06,2
1,624,1.02955126819619e-05,0.0150404404670836,1.61321308945883e-05,0.000108187709528532,4.05619055313634e-06,1
1,625,1.02953493166098e-05,0.0150442929269679,1.8620042240743e-05,0.000107567043387062,5.55531473985085e-06,1
1,626,1.02951819995409e-05,0.0150481850645089,1.63836606593474e-05,0.000107841140601742,1.79927417866395e-06,2
1,627,1.02950123892077e-05,0.0150519698108983,1.57420890431108e-05,0.000107179017366564,5.56205465684867e-06,1
1,628,1.02948488994489e-05,0.0150558055430114,1.66077516460384e-05,0.000107273834608759,1.3270707338432e-06,2
1,629,1.02946849827019e-05,0.0150598284306956,1.57916387924452e-05,0.000106650452787028,4.64156076203924e-06,1
1,630,1.02945212746854e-05,0.0150635723110651,1.65153896453406e-05,0.000106688947653962,1.15759987927061e-06,2
1,631,1.02943513846276e-05,0.0150674047339649,1.55743407514645e-05,0.000106120477189194,4.23981481302958e-06,1
1,632,1.0294191784502e-05,0.0150713099484088,1.86190454734328e-05,0.000105497490000109,6.29617021520636e-06,1
1,633,1.02940287027644e-05,0.015075105754986,1.59657991417801e-05,0.000105656749983092,2.42330572423619e-06,2
1,634,1.02938699954642e-05,0.0150786402125998,1.60601662921507e-05,0.000105004330947794,5.77089604831543e-06,1
1,635,1.02937116301963e-05,0.0150824238689512,1.63158947707286e-05,0.000105106840514098,1.79624168162905e-06,2
1,636,1.02935548585308e-05,0.0150864014983106,1.59708346822631e-05,0.000104516418662588,4.49712929074152e-06,1
1,637,1.02933921021517e-05,0.0150899153852663,1.81138559407798e-05,0.000103785739124394,6.613880175015e-06,1
1,638,1.02932364471674e-05,0.01509364362856,1.61507749728859e-05,0.000104143885590583,2.38010987430282e-06,2
1,639,1.02930883493028e-05,0.0150975550064959,1.59468455483825e-05,0.000103405043060041,6.19790594940953e-06,1
1,640,1.02929322110709e-05,0.0151011647866289,1.62734089133779e-05,0.000103641546070198,1.6903713115441e-06,2
1,641,1.02927697994126e-05,0.0151047847805501,1.55317259894067e-05,0.000102924743523189,5.59042175382689e-06,1
1,642,1.02926193791746e-05,0.0151084331826831,1.6187253427123e-05,0.000103060235248962,1.7281007641185e-06,2
1,643,1.02924692915894e-05,0.015112281675093,1.55366376585575e-05,0.000102415195134282,4.90600094689523e-06,1
1,644,1.0292318731952e-05,0.0151158540477912,1.60551198473504e-05,0.000102514342409885,1.45480891618303e-06,2
1,645,1.02921614193566e-05,0.0151194406905988,1.51249100564211e-05,0.000101883743675009,4.93749672504287e-06,1
1,646,1.02920143740591e-05,0.0151230362368472,1.59771114469121e-05,0.000101939484557505,1.41088975348228e-06,2
1,647,1.02918670829121e-05,0.0151268106854424,1.51843463905602e-05,0.000101329370764838,4.48877664863735e-06,1
1,648,1.0291712909186e-05,0.0151302666308498,1.85493117266007e-05,0.000100573103692742,6.79400120645952e-06,1
1,649,1.02915666039659e-05,0.0151339067206777,1.54858802020588e-05,0.000100969029180566,2.32612906259655e-06,2
1,650,1.0291431378248e-05,0.0151374168662957,1.56217485982818e-05,0.000100287920381511,5.50997493702124e-06,1
1,651,1.02912849442574e-05,0.0151409297911498,1.57398887577908e-05,0.00010047917966947,1.61721517213287e-06,2
1,652,1.02911328646229e-05,0.0151445894067641,1.51721044733676e-05,9.99421743131054e-05,3.91225189137143e-06,1
1,653,1.02909933625984e-05,0.0151480824645733,1.74475772162444e-05,9.93180729104577e-05,5.46435760417335e-06,1
1,654,1.02908506430254e-05,0.0151516028328757,1.52510323718229e-05,9.96415222265435e-05,1.74829192181603e-06,2
2,1,1.03178885072581e-05,0.0149538223570854,0.00463006347963507,0.00126227287985507,2.51092463976103e-06,6
2,2,1.03334198427764e-05,0.0148021570478651,0.00236625716729398,0.00100934430190157,5.67327021818709e-06,5
2,3,1.03410192757263e-05,0.0146614568101871,0.00142334713240756,0.000971968849751573,3.03312289963749e-06,5
2,4,1.03448106615816e-05,0.0145362733372592,0.000991195278508974,0.00093160130518402,2.05992336812089e-06,5
2,5,1.03470978265183e-05,0.0144256686924718,0.000792949549730493,0.000883267924271717,5.18138791779105e-06,4
2,6,1.03488331090589e-05,0.0143265761186088,0.000695996241095437,0.000837517065515429,3.73799198764948e-06,4
2,7,1.03506599283022e-05,0.0142361819948847,0.00063974049387924,0.000798193751305282,2.21826380399937e-06,4
2,8,1.03527942821749e-05,0.0141525043252231,0.000600085393676962,0.000765729405011075,2.16932310437179e-06,4
2,9,1.03552924119859e-05,0.0140742716379534,0.000568283175537631,0.00073833054515081,2.20131977653617e-06,4
2,10,1.03582639247458e-05,0.014000633246475,0.000540058124183884,0.000714482423681938,2.12350735608775e-06,4
2,11,1.03615133033727e-05,0.0139309402864908,0.000513749594301352,0.000693075733996451,2.01216255446285e-06,4
2,12,1.03648059100032e-05,0.0138646497676419,0.000488189870886442,0.000673039502901484,6.76874629157541e-06,3
2,13,1.03680707480758e-05,0.0138013633312326,0.000464768395527596,0.000654658128286811,6.32210326965352e-06,3
2,14,1.03712088067528e-05,0.0137407232119046,0.000442538721381311,0.000637540051057111,5.91929949113547e-06,3
2,15,1.03742257374874e-05,0.0136824411744165,0.000421337041955576,0.000621634482525333,5.55661573294247e-06,3
2,16,1.03771320585384e-05,0.0136262795430682,0.000401051465843967,0.000606992088475462,5.22469860896304e-06,3
2,17,1.03799238613773e-05,0.0135720533522054,0.000381730320496665,0.000593464584723513,4.92689025878269e-06,3
2,18,1.0382647343785e-05,0.0135196090113045,0.000363168064347785,0.000580821243890694,4.65911179226908e-06,3
2,19,1.03853293380273e-05,0.0134688192665237,0.000345024871261718,0.00056915384949557,4.42170441117691e-06,3
2,20,1.03880220477326e-05,0.013419590855487,0.000327674830381136,0.000558273809537876,4.21065162618124e-06,3
2,21,1.0390741999805e-05,0.0133718368263815,0.000311341589383951,0.000548069513553563,4.02301848803723e-06,3
2,22,1.03935072941095e-05,0.0133254886625933,0.000295987744262087,0.000538449964929186,3.85566380286947e-06,3
2,23,1.03963144238296e-05,0.0132804807772577,0.000281765256571248,0.000529335944035111,3.70424276907715e-06,3
2,24,1.03991705108393e-05,0.0132367525282449,0.000268714423375317,0.000520570132225928,3.56529967219306e-06,3
2,25,1.04020638253757e-05,0.0131942431164113,0.00025690111635091,0.000512058538368113,3.43627330213516e-06,3
2,26,1.04049690415803e-05,0.0131528948069791,0.000246080846391835,0.000503771605728106,3.31614251077894e-06,3
2,27,1.04078583727059e-05,0.0131126538271821,0.00023607651396373,0.000495722213957648,3.20335566571646e-06,3
2,28,1.04107229210944e-05,0.0130734658265884,0.000226715376281502,0.000487899353427751,3.09753460084123e-06,3
2,29,1.04135589743007e-05,0.013035278717717,0.000217886895776653,0.000480309220214909,2.99797345335057e-06,3
2,30,1.04163757292442e-05,0.0129980430197496,0.000209616689816436,0.000472945955446643,2.90433514144915e-06,3
2,31,1.04191713822408e-05,0.0129617105437542,0.000201694744682774,0.000465828989172134,2.8163983749538e-06,3
2,32,1.04219433226651e-05,0.0129262352717964,0.000194092835658334,0.000458944218208134,2.73424199055128e-06,3
2,33,1.04246770501196e-05,0.0128915771551904,0.000186734845096805,0.000452294024177082,2.6579235170955e-06,3
2,34,1.04273464774472e-05,0.0128576975562485,0.000179513215506033,0.000445903089931403,2.58694473251425e-06,3
2,35,1.04299500157083e-05,0.0128245592073243,0.000172432109149627,0.000439736558420732,2.5213987785769e-06,3
2,36,1.04324742799785e-05,0.01279212617409,0.000165502450253353,0.000433806773522873,2.46079830615803e-06,3
2,37,1.04349941070779e-05,0.012760264008266,0.000157669611402713,0.000427775925449965,6.9419300739576e-06,2
2,38,1.04374162742728e-05,0.0127290868635526,0.000151059597189061,0.000422388049203384,6.11207872744988e-06,2
2,39,1.04397372445712e-05,0.0126985506621968,0.000144357877291952,0.000417070064946623,6.12701018580755e-06,2
2,40,1.04419844555008e-05,0.0126686229272663,0.00013805762775379,0.000411980006024076,5.94871481998017e-06,2
2,41,1.0444208687327e-05,0.0126392775167858,0.000132228384250263,0.000406993440895526,5.87086850221977e-06,2
2,42,1.04464196267741e-05,0.0126104876802073,0.000127007467280787,0.000402123595053426,5.75061602895648e-06,2
2,43,1.04485699999077e-05,0.0125822279142688,0.000122071837085604,0.000397441342449311,5.65492063352532e-06,2
2,44,1.04506852319739e-05,0.0125544767073361,0.000117531491834385,0.000392895877603307,5.5513196155128e-06,2
2,45,1.04527670255056e-05,0.0125272132398685,0.000113371057204768,0.000388512908968621,5.45438468404493e-06,2
2,46,1.04548388732252e-05,0.0125004192319745,0.000109520364997073,0.000384284911437474,5.35747468072014e-06,2
2,47,1.04569296927762e-05,0.0124740795027921,0.000106153868471576,0.000380186472054688,5.26423392408324e-06,2
2,48,1.04590849289202e-05,0.0124481814633606,0.000103408989954197,0.000376168430360393,5.17303205953893e-06,2
2,49,1.04613218745158e-05,0.0124227126218268,0.000101205179651015,0.00037222062559307,5.08507069251312e-06,2
2,50,1.04636103573014e-05,0.0123976603461222,9.94661327192572e-05,0.0003683532813697,4.9998894314237e-06,2
2,51,1.04658994607809e-05,0.0123730109101209,9.79454073094298e-05,0.000364608458721472,4.91805120000917e-06,2
2,52,1.04681819747206e-05,0.0123487516283047,9.66791139010378e-05,0.0003609528860573,4.83964472490818e-06,2
2,53,1.04704713720199e-05,0.0123248692665104,9.57886626667457e-05,0.00035738760394394,4.76441911393885e-06,2
2,54,1.04727478493816e-05,0.0123013513233707,9.49561467249356e-05,0.000353943170015069,4.69216751162111e-06,2
2,55,1.04749857124468e-05,0.0122781864757975,9.42218770335438e-05,0.000350596968041322,4.62229212231947e-06,2
2,56,1.04771813789142e-05,0.0122553634865842,9.36302571120022e-05,0.000347336048513927,4.55494787251051e-06,2
2,57,1.04793302516029e-05,0.0122328715915901,9.30426719249633e-05,0.00034417780914495,4.49023416365143e-06,2
2,58,1.04814455788874e-05,0.0122107010833806,9.24740839560574e-05,0.000341117376867573,4.42761956631001e-06,2
2,59,1.04835416418036e-05,0.0121888428042051,9.19645815221425e-05,0.000338135768221446,4.36765040560413e-06,2
2,60,1.0485626997773e-05,0.0121672862177544,9.15433450488078e-05,0.000335207427129304,4.30986210329192e-06,2
2,61,1.04876946336508e-05,0.0121460220116399,9.11793315423789e-05,0.000332332806402425,4.25455073291585e-06,2
2,62,1.04897339539939e-05,0.0121250419250469,9.08376617989366e-05,0.000329511037250669,4.20097192543631e-06,2
2,63,1.04917366535202e-05,0.0121043385628603,9.03810580389051e-05,0.000326762422761422,4.14868848802126e-06,2
2,64,1.04937095735877e-05,0.0120839039447593,8.99589876250749e-05,0.000324048356740044,4.09854870272054e-06,2
2,65,1.04956474480437e-05,0.0120637289638848,8.95164021064761e-05,0.000321395465439333,4.05041637100622e-06,2
2,66,1.04975427520184e-05,0.0120438055220461,8.88925459666537e-05,0.000318821447679978,4.00450657896187e-06,2
2,67,1.04993987106009e-05,0.0120241266238739,8.8190898945091e-05,0.000316319082502705,3.95930400392677e-06,2
2,68,1.05012198929985e-05,0.0120046852613376,8.74609455691989e-05,0.000313870289038227,3.91528923251697e-06,2
2,69,1.05030063428452e-05,0.0119854746232062,8.67526415995161e-05,0.000311437158349463,3.87235699866283e-06,2
2,70,1.05047472693109e-05,0.0119664885045245,8.59398320051747e-05,0.000309068960144757,3.83072453904442e-06,2
2,71,1.05064438815901e-05,0.0119477209479879,8.50089608498664e-05,0.000306758523267604,3.78994995448211e-06,2
2,72,1.05080987946576e-05,0.0119291654770397,8.40243311320755e-05,0.000304496843565606,3.74889112808391e-06,2
2,73,1.05097201277303e-05,0.0119108166218832,8.29837593133756e-05,0.000302269983611682,3.70903143398271e-06,2
2,74,1.05113154489002e-05,0.0118926687776609,8.19359451834167e-05,0.000300081661571125,3.67086367270349e-06,2
2,75,1.05128855255389e-05,0.0118747166862101,8.0892036529596e-05,0.000297929628070874,3.633844993691e-06,2
2,76,1.05144301580737e-05,0.0118569555000809,7.98060949183495e-05,0.000295824814486922,3.59727927390095e-06,2
2,77,1.05159537395729e-05,0.0118393806798766,7.86841035620415e-05,0.000293761618435257,3.56081628968519e-06,2
2,78,1.05174676860186e-05,0.0118219881159114,7.76294420001624e-05,0.000291710693498904,3.52433317660733e-06,2
2,79,1.05189664963752e-05,0.0118047746555516,7.65506075265332e-05,0.00028970275658162,3.48799298852373e-06,2
2,80,1.05204486592173e-05,0.0117877368329692,7.54346596138746e-05,0.000287746203683283,3.45195924760861e-06,2
2,81,1.05219174484729e-05,0.0117708704141141,7.4347918792354e-05,0.000285821777377281,3.41626979776096e-06,2
2,82,1.0523381836639e-05,0.0117541713568792,7.33463073533195e-05,0.000283901767711712,3.38069872183157e-06,2
2,83,1.0524835741606e-05,0.0117376358056518,7.23180664179621e-05,0.000282017904549731,3.34529150947148e-06,2
2,84,1.0526281414058e-05,0.0117212607004731,7.13499616906186e-05,0.00028015813373309,3.31036691198974e-06,2
2,85,1.05277237820649e-05,0.0117050438163443,7.04987674532119e-05,0.000278314583246863,3.27553287799124e-06,2
2,86,1.05291618045808e-05,0.0116889831567822,6.97348434343084e-05,0.0002764991406353,3.2404430193714e-06,2
2,87,1.05305926348244e-05,0.0116730770127588,6.89683247074579e-05,0.000274716055589051,3.20584037619051e-06,2
2,88,1.05320158593412e-05,0.0116573226653711,6.82153164464369e-05,0.00027296936007014,3.17203090183645e-06,2
2,89,1.05334370781662e-05,0.0116417175304489,6.75259373315321e-05,0.00027123812746074,3.13861155105794e-06,2
2,90,1.05348584796828e-05,0.0116262597902837,6.68897378934393e-05,0.000269515069600045,3.10539362408017e-06,2
2,91,1.05362753563659e-05,0.0116109481597253,6.63174303188484e-05,0.000267818717379779,3.07255489179596e-06,2
2,92,1.05376781887534e-05,0.0115957807001771,6.56524932451323e-05,0.000266169095438599,3.04073254555653e-06,2
2,93,1.05390701028641e-05,0.0115807548318915,6.50291186163562e-05,0.000264548536645402,3.00933088504619e-06,2
2,94,1.05404552329659e-05,0.0115658682723965,6.44693851612416e-05,0.000262934846166242,2.97796418426891e-06,2
2,95,1.054183044669e-05,0.0115511191508692,6.38991652126434e-05,0.000261365747413257,2.94676425423842e-06,2
2,96,1.05431999175275e-05,0.0115365055021796,6.33079844307053e-05,0.0002598175291961,2.91589166703364e-06,2
2,97,1.05445628658747e-05,0.0115220250798293,6.28024590049078e-05,0.000258278388542019,2.88521349426876e-06,2
2,98,1.05459126795025e-05,0.011507676312999,6.22925287987985e-05,0.000256774269449944,2.85434833630344e-06,2
2,99,1.05472468936577e-05,0.0114934569037516,6.17288792141289e-05,0.000255309059445913,2.8240684591467e-06,2
2,100,1.05485702631045e-05,0.0114793643231776,6.1173101096993e-05,0.000253863444478649,2.79477275591124e-06,2
2,101,1.05498834225068e-05,0.0114653965853878,6.06349328870965e-05,0.000252432005040954,2.76608714440859e-06,2
2,102,1.05511867044753e-05,0.0114515511175491,6.0127605086423e-05,0.000251010504990655,2.73818846576256e-06,2
2,103,1.05524838945816e-05,0.0114378255948704,5.96550676629694e-05,0.000249596305808453,2.71109579622996e-06,2
2,104,1.05537739942322e-05,0.0114242176376892,5.9164723321066e-05,0.000248204340393348,2.68459540082319e-06,2
2,105,1.05550542846684e-05,0.0114107240766625,5.86752114850633e-05,0.000246833295509832,2.65891886076066e-06,2
2,106,1.05563273561727e-05,0.0113973422995029,5.82027251007961e-05,0.000245477390004076,2.63411446430302e-06,2
2,107,1.05575954311299e-05,0.0113840698819552,5.77769694456745e-05,0.000244129456225943,2.61026545001814e-06,2
2,108,1.05588521371788e-05,0.01137090436639,5.72601529838494e-05,0.000242825687990994,2.58727114194749e-06,2
2,109,1.05601098746225e-05,0.0113578435296583,5.68162312621962e-05,0.000241512820341117,2.56560633683365e-06,2
2,110,1.05613575630388e-05,0.0113448856735697,5.63861039738196e-05,0.000240223315624368,2.54521701315013e-06,2
2,111,1.05625906143485e-05,0.0113320289182265,5.58741595336945e-05,0.000238961918906003,2.52586623183217e-06,2
2,112,1.05638136194739e-05,0.0113192714958306,5.54075405544006e-05,0.000237712544605767,2.50697099048091e-06,2
2,113,1.05650291779316e-05,0.011306611728037,5.50041360099907e-05,0.000236461655524408,2.48828739965331e-06,2
2,114,1.05662380699565e-05,0.0112940482496019,5.46568597305687e-05,0.00023519922191791,2.4691881040091e-06,2
2,115,1.05674348956175e-05,0.0112815801735534,5.43288197962947e-05,0.000233967183851164,2.44959211641037e-06,2
2,116,1.05686185163818e-05,0.0112692065615038,5.38721153384931e-05,0.000232777131125487,2.4302591054381e-06,2
2,117,1.05697912816348e-05,0.0112569264008762,5.33948313686059e-05,0.000231605433666214,2.4116170450702e-06,2
2,118,1.05709585273835e-05,0.0112447384470817,5.2973202849369e-05,0.000230435171436555,2.39306202867768e-06,2
2,119,1.0572115577284e-05,0.0112326411774478,5.25217161692589e-05,0.000229283401933513,2.3745965934496e-06,2
2,120,1.0573267749807e-05,0.01122063327569,5.21969426401125e-05,0.000228107611728109,2.35616027669035e-06,2
2,121,1.05744115345181e-05,0.0112087140102471,5.18037244412087e-05,0.00022697673780323,2.33757192911207e-06,2
2,122,1.05755490184385e-05,0.0111968825870585,5.13519623013895e-05,0.000225867153031245,2.31949954109471e-06,2
2,123,1.05766817158786e-05,0.0111851380893749,5.09446734542779e-05,0.000224756935383685,2.30148563351855e-06,2
2,124,1.05778064273604e-05,0.0111734795885366,5.05492973091928e-05,0.000223663915273096,2.28359274319679e-06,2
2,125,1.05789245585782e-05,0.0111619063225407,5.0180158203058e-05,0.000222582995980617,2.26589078938744e-06,2
2,126,1.05800365801743e-05,0.0111504175925837,4.9843821734903e-05,0.000221509979457544,2.24824616615095e-06,2
2,127,1.05811413352996e-05,0.011139012491902,4.95041828202452e-05,0.000220449489863737,2.23051298786801e-06,2
2,128,1.05822388027035e-05,0.0111276902799184,4.91502209158569e-05,0.00021940327451316,2.21288350913837e-06,2
2,129,1.05833302803411e-05,0.0111164501486963,4.87976718977031e-05,0.00021836710169239,2.19528977454853e-06,2
2,130,1.05844187047016e-05,0.01110529127221,4.85444785156776e-05,0.000217324579116835,2.17801548100585e-06,2
2,131,1.05855029795948e-05,0.0110942131917644,4.82908762091868e-05,0.00021627429062266,2.16101223342487e-06,2
2,132,1.05865799322722e-05,0.0110832152264991,4.79603133647711e-05,0.000215253478875946,2.14355158336329e-06,2
2,133,1.05876474404072e-05,0.0110722964837946,4.75489663069389e-05,0.000214259929480014,2.12589125598371e-06,2
2,134,1.05887059397381e-05,0.0110614560794401,4.71411780855016e-05,0.000213277960130956,2.1088590516176e-06,2
2,135,1.05897579183256e-05,0.0110506928148812,4.67676641827739e-05,0.000212301896845896,2.09251758206617e-06,2
2,136,1.05908035323112e-05,0.0110400056690133,4.63965215078242e-05,0.00021133662027775,2.07646995796386e-06,2
2,137,1.05918428348889e-05,0.0110293937574552,4.6018258845042e-05,0.000210384909673198,2.06060993788625e-06,2
2,138,1.05928769519605e-05,0.0110188563095914,4.5644365170952e-05,0.000209440140948982,2.04515474540169e-06,2
2,139,1.05939087953124e-05,0.0110083925464312,4.53082975568347e-05,0.000208494315409378,2.03006028693666e-06,2
2,140,1.05949376291544e-05,0.010998001613508,4.49637569012999e-05,0.000207560167833518,2.01517608564838e-06,2
2,141,1.05959748108633e-05,0.0109876826782341,4.47299677957048e-05,0.000206609656516809,2.00066446480334e-06,2
2,142,1.05970002639299e-05,0.0109774355085231,4.44152813601672e-05,0.000205684099561835,1.98670796504685e-06,2
2,143,1.05980149838547e-05,0.0109672592063911,4.40476940356874e-05,0.000204775528291287,1.97322263076712e-06,2
2,144,1.05990220746208e-05,0.0109571529059697,4.36969711983238e-05,0.000203875448290778,1.95990170978885e-06,2
2,145,1.0600022216152e-05,0.0109471162810742,4.33388211965488e-05,0.00020298640945432,1.9467025284325e-06,2
2,146,1.06010176545859e-05,0.0109371486552395,4.29873463802795e-05,0.000202104849192929,1.93363468236095e-06,2
2,147,1.0602010470378e-05,0.0109272493499956,4.26646049589784e-05,0.000201223571408204,1.92043666357194e-06,2
2,148,1.06030009196814e-05,0.0109174174137266,4.23779505023759e-05,0.000200337922549901,1.90719165315025e-06,2
2,149,1.06039912486357e-05,0.0109076519743029,4.21315699923527e-05,0.00019945112773607,1.89364974455458e-06,2
2,150,1.06049747781589e-05,0.0108979520257162,4.18580058730576e-05,0.000198575924579875,1.88000618053266e-06,2
2,151,1.06059553675309e-05,0.0108883171640782,4.16439879160053e-05,0.000197684309059389,1.86601435235238e-06,2
2,152,1.06069309000903e-05,0.0108787470694798,4.13887081029194e-05,0.000196813631768558,1.85162362592837e-06,2
2,153,1.06079028477539e-05,0.0108692411580159,4.11245299414298e-05,0.000195945070522582,1.83798054327092e-06,2
2,154,1.06088678973125e-05,0.0108597988739485,4.08511067669235e-05,0.000195095754678613,1.82502361439861e-06,2
2,155,1.06098255362745e-05,0.0108504194106356,4.05275384916623e-05,0.000194261155514848,1.8126268679606e-06,2
2,156,1.06107789838388e-05,0.0108411019682753,4.02243443027068e-05,0.000193430457982796,1.80041397058161e-06,2
2,157,1.06117288458358e-05,0.0108318457876458,3.99401988013189e-05,0.000192601020472332,1.78826063612475e-06,2
2,158,1.06126772066128e-05,0.0108226501937338,3.97041147503076e-05,0.000191767292138284,1.77615166459845e-06,2
2,159,1.0613619645007e-05,0.010813514523465,3.94436985791076e-05,0.000190946179108869,1.76405344958758e-06,2
2,160,1.06145567794809e-05,0.0108044382029516,3.91571092472835e-05,0.000190136721997334,1.75217093576941e-06,2
2,161,1.06154908487399e-05,0.0107954207481251,3.88769769570525e-05,0.000189327802920048,1.74047013634103e-06,2
2,162,1.06164246774946e-05,0.0107864617060242,3.86813583899501e-05,0.000188517015740063,1.72872909136835e-06,2
2,163,1.0617353600816e-05,0.0107775610426105,3.8429074368505e-05,0.000187731326927051,1.71711543859064e-06,2
2,164,1.06182746942171e-05,0.0107687182846655,3.81091957309423e-05,0.00018696114026658,1.70582219640876e-06,2
2,165,1.06191907323689e-05,0.0107599327380571,3.77989772123065e-05,0.000186190972867558,1.69467258923642e-06,2
2,166,1.06201031186923e-05,0.0107512038123096,3.75117322930702e-05,0.000185427209522421,1.68367550376052e-06,2
2,167,1.06210109466419e-05,0.0107425305883883,3.72066279836916e-05,0.000184674438149138,1.67285389408178e-06,2
2,168,1.06219160800221e-05,0.0107339127972446,3.69151146828747e-05,0.000183914882553605,1.66215069983643e-06,2
2,169,1.06228183458709e-05,0.0107253501152419,3.67123817149439e-05,0.000183153752007079,1.65126708053254e-06,2
2,170,1.06237151962037e-05,0.0107168422864924,3.63873094570478e-05,0.000182420493185002,1.64044691970415e-06,2
2,171,1.06246079145051e-05,0.0107083890560189,3.60200044607021e-05,0.00018169733849315,1.62992260090793e-06,2
2,172,1.06254961804831e-05,0.0106999901409473,3.56748892886924e-05,0.000180979895520982,1.6187699167051e-06,2
2,173,1.06263813544651e-05,0.0106916448722662,3.5354956132847e-05,0.00018026699010625,1.60758831643286e-06,2
2,174,1.06272627399268e-05,0.010683352510939,3.50552720467112e-05,0.000179563487050834,1.59677368599507e-06,2
2,175,1.06281399836802e-05,0.0106751125213508,3.47582714559109e-05,0.000178868587891399,1.58629045040185e-06,2
2,176,1.06290141931394e-05,0.0106669243408648,3.44728721212622e-05,0.000178180901291539,1.5763037093142e-06,2
2,177,1.06298851376323e-05,0.0106587874647531,3.41912584582807e-05,0.000177500422456769,1.56657653389277e-06,2
2,178,1.06307528110724e-05,0.0106507013163589,3.39120347004721e-05,0.000176826320910913,1.55706259506739e-06,2
2,179,1.06316173653207e-05,0.0106426654261803,3.3635382456366e-05,0.000176158298966014,1.5476843573326e-06,2
2,180,1.06324786653776e-05,0.0106346793842848,3.33614306908742e-05,0.000175496736275649,1.53860187643128e-06,2
2,181,1.06333369543073e-05,0.0106267428092076,3.3089970638683e-05,0.000174840889910662,1.52968564897979e-06,2
2,182,1.06341923484661e-05,0.0106188552634376,3.28196331222664e-05,0.000174191342202238,1.52092231569049e-06,2
2,183,1.06350466140647e-05,0.0106110162904228,3.2553163601521e-05,0.000173547051865105,1.51227006610002e-06,2
2,184,1.06359158444007e-05,0.0106032252571098,3.25293940379317e-05,0.000172853243913155,1.5038886517276e-06,2
2,185,1.06367762337116e-05,0.0105954817699602,3.23619573047573e-05,0.000172191054189721,1.49613185689017e-06,2
2,186,1.0637630791388e-05,0.0105877850013555,3.21184442989751e-05,0.000171544371921306,1.48872624454758e-06,2
2,187,1.06384755480192e-05,0.0105801340415701,3.18361036891285e-05,0.000170911125922945,1.48174522601983e-06,2
2,188,1.0639313017927e-05,0.0105725283829384,3.15515643502779e-05,0.000170283840344094,1.47495039132799e-06,2
2,189,1.06401449174633e-05,0.0105649675490199,3.12752647944227e-05,0.000169660035303239,1.46818786312807e-06,2
2,190,1.06409729103137e-05,0.0105574512935896,3.1011148498188e-05,0.000169038753694257,1.46121316911535e-06,2
2,191,1.06417971308332e-05,0.0105499791874983,3.07559141133847e-05,0.000168422257909776,1.45387826657209e-06,2
2,192,1.06426178388628e-05,0.0105425510483172,3.05048769770153e-05,0.000167812153395562,1.44609036601791e-06,2
2,193,1.06434363391486e-05,0.0105351665439301,3.02654236911833e-05,0.000167202588226961,1.43794628662671e-06,2
2,194,1.06442515364331e-05,0.0105278253124494,3.00228274934029e-05,0.000166597537755187,1.42867625714047e-06,2
2,195,1.06450641427686e-05,0.0105205270245003,2.97820948380197e-05,0.000165994666308653,1.41907226704688e-06,2
2,196,1.06458751952089e-05,0.010513271299825,2.95752162151951e-05,0.000165392692852708,1.40972936222395e-06,2
2,197,1.0646683766975e-05,0.0105060578131022,2.93774399838382e-05,0.000164793636837977,1.40048100682109e-06,2
2,198,1.06474918071144e-05,0.0104988860874206,2.92029313541491e-05,0.000164193170250878,1.39145948614959e-06,2
2,199,1.06482986556955e-05,0.0104917556682766,2.90544337231268e-05,0.000163592212107109,1.38265078530058e-06,2
2,200,1.06491035939153e-05,0.0104846661695409,2.89157482879406e-05,0.000162992051699776,1.37388176810681e-06,2
2,201,1.06499067993108e-05,0.0104776172097846,2.87808764297327e-05,0.000162392379615932,1.36517177636955e-06,2
2,202,1.06507108074926e-05,0.010470608307173,2.86983129200962e-05,0.000161771563550873,1.35650036936633e-06,2
2,203,1.06515145210473e-05,0.010463638894667,2.87324538359345e-05,0.000161145562914152,1.3477724319307e-06,2
2,204,1.065228342275e-05,0.0104567444854088,2.75618665771843e-05,0.000160197882437523,6.93559426945156e-06,1
2,205,1.06530827561617e-05,0.0104498390793821,2.93652063853116e-05,0.000159975693676539,1.18956490097599e-06,2
2,206,1.065388750393e-05,0.0104429698139436,2.85526023386659e-05,0.000159365878755846,1.46373374719356e-06,2
2,207,1.06546792884165e-05,0.0104361573994655,2.82073897526048e-05,0.000158800196247227,1.29379642468629e-06,2
2,208,1.06554641491e-05,0.0104293830458884,2.79232606918426e-05,0.000158219810322835,1.31187099001106e-06,2
2,209,1.06562179243245e-05,0.0104226838852834,2.66699438774898e-05,0.00015728617975053,6.9097430260712e-06,1
2,210,1.06569978453638e-05,0.0104159688267801,2.84723732484254e-05,0.000157091195291213,1.17287780608568e-06,2
2,211,1.06577834941587e-05,0.0104092875596103,2.7613903511182e-05,0.000156510551280248,1.41999278354947e-06,2
2,212,1.0658558689756e-05,0.0104026611910444,2.72195792505774e-05,0.00015596881035217,1.26123096610281e-06,2
2,213,1.0659305730645e-05,0.0103961108404005,2.58780792544882e-05,0.000155038155855524,6.90828356802857e-06,1
2,214,1.06600745424619e-05,0.0103895403494264,2.77806885246408e-05,0.000154865888847997,1.14599998670775e-06,2
2,215,1.06608512745686e-05,0.0103830029785444,2.69615085327209e-05,0.000154291552278144,1.41059742454458e-06,2
2,216,1.06616145740604e-05,0.0103765201419699,2.65981072393342e-05,0.000153764145828144,1.23381020566177e-06,2
2,217,1.06623473439514e-05,0.0103701116486815,2.52565836517976e-05,0.000152862252507313,6.76573337787991e-06,1
2,218,1.06630999643277e-05,0.0103636829487224,2.70646918462362e-05,0.000152704385360892,1.11927175880132e-06,2
2,219,1.06638595241158e-05,0.0103572867371853,2.61706857360675e-05,0.000152155342434269,1.37859450806129e-06,2
2,220,1.06646085064485e-05,0.010350943720014,2.57740970476374e-05,0.000151646449932432,1.20015229202104e-06,2
2,221,1.06653285355259e-05,0.0103446733746768,2.4424359268294e-05,0.000150776344883782,6.61242587149684e-06,1
2,222,1.06660685679548e-05,0.0103383819148178,2.62156613143032e-05,0.00015062880677924,1.08881674500165e-06,2
2,223,1.06668154390025e-05,0.0103321219392572,2.53522304479477e-05,0.00015010312651972,1.34515952155938e-06,2
2,224,1.06675504146027e-05,0.0103259137467793,2.49727016360624e-05,0.000149620255325806,1.16803587061873e-06,2
2,225,1.06682578952506e-05,0.0103197763238519,2.36761305139582e-05,0.00014878212697968,6.46469003708876e-06,1
2,226,1.06689846760691e-05,0.0103136180655423,2.54674905007448e-05,0.000148644634714725,1.06040258801782e-06,2
2,227,1.06697216285462e-05,0.0103074905887081,2.47329152255057e-05,0.000148104833294852,1.31455662546958e-06,2
2,228,1.0670433520886e-05,0.0103014564965668,2.35063983273203e-05,0.000147207821046043,6.89324825435935e-06,1
2,229,1.06711527534683e-05,0.0102953945949724,2.52771459329207e-05,0.000147142096008851,1.11583032333229e-06,2
2,230,1.06718786515814e-05,0.0102893636711374,2.43319569311857e-05,0.000146662102941713,1.28262374964289e-06,2
2,231,1.06725763995152e-05,0.0102834255205085,2.27764571819406e-05,0.000145807129380965,6.90705314856652e-06,1
2,232,1.06733085728901e-05,0.010277461592874,2.50081541619715e-05,0.00014566662986763,1.10481255722367e-06,2
2,233,1.06740440842164e-05,0.0102715275674968,2.44216128985451e-05,0.000145140249383392,1.27825564554469e-06,2
2,234,1.06747444397943e-05,0.010265683920172,2.28575291890949e-05,0.00014428679921924,6.83012584525594e-06,1
2,235,1.06754532550323e-05,0.0102598148798131,2.46274589448332e-05,0.000144232830444802,1.09140526571898e-06,2
2,236,1.06761693197494e-05,0.010253974101309,2.37603268477444e-05,0.00014375175788605,1.25848006027962e-06,2
2,237,1.06768567678834e-05,0.0102482203127143,2.22756506750415e-05,0.0001429114414317,6.74117309262253e-06,1
2,238,1.06775543147178e-05,0.0102424428427837,2.40702892894238e-05,0.000142861375866195,1.07838187169365e-06,2
2,239,1.06782591878573e-05,0.0102366924684075,2.31983465158566e-05,0.000142395344466775,1.2433839749467e-06,2
2,240,1.06789366539212e-05,0.0102310267081246,2.17199191467543e-05,0.00014157657051106,6.64452559464703e-06,1
2,241,1.06796293682472e-05,0.0102253384646863,2.35514189988681e-05,0.000141520121362524,1.0630021225724e-06,2
2,242,1.06803304147242e-05,0.0102196763254121,2.27462319903679e-05,0.000141055062069355,1.22563607486956e-06,2
2,243,1.06810076059181e-05,0.0102140964669615,2.15022382744329e-05,0.000140204839008468,6.54914082849601e-06,1
2,244,1.06816934571146e-05,0.0102084942527177,2.3282440937223e-05,0.00014015146533031,1.04688060497637e-06,2
2,245,1.06823875795335e-05,0.0102029174842394,2.23929864657031e-05,0.000139704532151506,1.20783324430034e-06,2
2,246,1.06830577255069e-05,0.0101974214881383,2.09348470136635e-05,0.000138913676000204,6.45125857104819e-06,1
2,247,1.06837399352128e-05,0.0101919043971616,2.27080107981601e-05,0.000138867265728338,1.0298940283405e-06,2
2,248,1.06844256541104e-05,0.0101864497908323,2.06233241570934e-05,0.000137962169649895,6.89608111442774e-06,1
2,249,1.06851024572441e-05,0.0101809913147506,2.2807789520084e-05,0.00013802464368741,1.17932775462089e-06,2
2,250,1.06857931994596e-05,0.0101755513018034,2.17940460533101e-05,0.000137591561261999,1.28229218646668e-06,2
2,251,1.06864572477903e-05,0.010170192636817,2.03072266511036e-05,0.000136793315023277,6.63944581034144e-06,1
2,252,1.0687137837176e-05,0.0101648135973136,2.21861587625532e-05,0.00013678880398832,1.05633743359127e-06,2
2,253,1.06878252372382e-05,0.0101594946886243,2.01005887384771e-05,0.000135885299590849,6.93930737602452e-06,1
2,254,1.06885003620775e-05,0.0101541713315894,2.23069932830526e-05,0.000135974062631314,1.16189326937734e-06,2
2,255,1.06891915912533e-05,0.0101488646109886,2.14004488354658e-05,0.000135524411027658,1.25374669746676e-06,2
2,256,1.06898557452163e-05,0.0101436335028337,2.01291625809264e-05,0.000134729130336541,6.4899734456222e-06,1
2,257,1.06905304589882e-05,0.0101383871489059,2.19257222477336e-05,0.0001347302167286,1.02647926009658e-06,2
2,258,1.06912081497052e-05,0.0101331965580217,1.98498294876859e-05,0.00013385904117556,6.8043304234646e-06,1
2,259,1.06918678327078e-05,0.0101280048846243,2.19440614025331e-05,0.000133955426492289,1.12929008348051e-06,2
2,260,1.06925395307278e-05,0.0101228292863217,2.09787460988481e-05,0.000133549708129697,1.22540612810437e-06,2
2,261,1.06931841693008e-05,0.0101177252676805,1.9598567927624e-05,0.000132801546370188,6.32139534285796e-06,1
2,262,1.06938405155966e-05,0.0101126114891976,2.1385289201349e-05,0.000132796820662916,9.99635379844796e-07,2
2,263,1.06945001686162e-05,0.0101075499322232,1.94352564943554e-05,0.000131946245395901,6.63052045429688e-06,1
2,264,1.0695142358577e-05,0.0101024906666829,2.15031896747475e-05,0.000132032168864783,1.09734718573957e-06,2
2,265,1.06957869907025e-05,0.0100974748681219,1.93298453513107e-05,0.000131142149276949,6.81731540891058e-06,1
2,266,1.06964255289895e-05,0.0100924720522082,2.1589502125395e-05,0.00013125217934706,1.29301830852254e-06,2
2,267,1.06970759539557e-05,0.0100874808526823,2.06044632258706e-05,0.000130850428959146,1.19116324914893e-06,2
2,268,1.06977033809992e-05,0.0100825624841339,1.92642859670608e-05,0.00013009023172502,6.23814463624462e-06,1
2,269,1.06983361286584e-05,0.0100776333230449,2.09989621323847e-05,0.000130082090975157,9.71764263035546e-07,2
2,270,1.06989715337272e-05,0.0100727531913422,1.90753813303851e-05,0.00012924347021177,6.37868904843689e-06,1
2,271,1.06995914326838e-05,0.010067878340067,2.09795456686958e-05,0.000129298644093441,1.08627797142526e-06,2
2,272,1.07002139911438e-05,0.0100630454175719,1.87743996640006e-05,0.000128425208081625,6.57532269344884e-06,1
2,273,1.07008265102965e-05,0.0100582242902181,2.0796992042178e-05,0.000128514318792885,1.23975317237177e-06,2
2,274,1.07014467643437e-05,0.0100534443468762,1.84561848400934e-05,0.00012760483465079,6.73320796259335e-06,1
2,275,1.07020523914312e-05,0.0100486738255316,2.05585113511859e-05,0.000127727036465601,1.30652230648896e-06,2
2,276,1.07026653081707e-05,0.0100439408590633,1.81801447970763e-05,0.000126822271155745,6.6564815761262e-06,1
2,277,1.07032661788112e-05,0.0100392199783982,2.02849143689168e-05,0.000126942372722912,1.35244635969425e-06,2
2,278,1.07038763389612e-05,0.0100345353507954,1.78890302845637e-05,0.000126044520064531,6.57057951558321e-06,1
2,279,1.0704472878954e-05,0.0100298617821004,1.99835320155019e-05,0.00012614449905871,1.35040720990063e-06,2
2,280,1.07050784264563e-05,0.0100252228814753,1.77107908932029e-05,0.000125248874447893,6.43220541484402e-06,1
2,281,1.07056777074653e-05,0.0100205953030432,1.97161059022004e-05,0.000125339058252679,1.35766904943787e-06,2
2,282,1.07063136153142e-05,0.0100160025582528,1.87532028745314e-05,0.000124282124845976,6.32418778523648e-06,1
2,283,1.07069170568249e-05,0.0100114195096335,2.05294917148154e-05,0.000124358623796229,1.34413893913745e-06,2
2,284,1.07075208738876e-05,0.0100068703923937,1.79082443047353e-05,0.000123527396260421,6.19930983917659e-06,1
2,285,1.07081141051557e-05,0.0100023299224982,1.98511059178968e-05,0.000123581777366973,1.34284799990206e-06,2
2,286,1.07087143480828e-05,0.0099978226948681,1.75384588969636e-05,0.000122741061911262,6.10190506495084e-06,1
2,287,1.07093006673202e-05,0.00999332256068306,1.93142373595461e-05,0.000122833919479945,1.32808406912126e-06,2
2,288,1.07098969199837e-05,0.00998885418623005,1.71254095551641e-05,0.000121983604088011,5.9952591935356e-06,1
2,289,1.07104796340044e-05,0.0099843923905492,1.90719828185131e-05,0.000122049624623222,1.32255964572043e-06,2
2,290,1.07110699095775e-05,0.00997996186258052,1.68248422699558e-05,0.000121244699504966,5.91003466948555e-06,1
2,291,1.07116464611327e-05,0.00997553695237095,1.87104944475474e-05,0.000121314409616908,1.30767087016705e-06,2
2,292,1.07122276597575e-05,0.0099711428530228,1.65039382122661e-05,0.00012052843843787,5.81827286366227e-06,1
2,293,1.07127934044407e-05,0.00996675425937448,1.83282667160929e-05,0.000120611726737118,1.30108891277937e-06,2
2,294,1.07133652949003e-05,0.0099623967090748,1.6073545162288e-05,0.000119843374236806,5.74245347043127e-06,1
2,295,1.07139234562605e-05,0.00995804416524525,1.79321271152948e-05,0.000119904868319222,1.28681368593448e-06,2
2,296,1.07144903218507e-05,0.00995372283442998,1.58815175560141e-05,0.000119123745362333,5.66053983399489e-06,1
2,297,1.07150425699893e-05,0.00994940660114698,1.769565255066e-05,0.00011920198628112,1.27834374610213e-06,2
2,298,1.07156020092547e-05,0.00994512230697034,1.54350906129072e-05,0.000118465041765865,5.59095685498283e-06,1
2,299,1.0716147567499e-05,0.0099408426346635,1.72592098977148e-05,0.000118544232179963,1.26443495098625e-06,2
2,300,1.07167013557414e-05,0.00993659514008345,1.50640619946319e-05,0.000117813241793735,5.51626258230253e-06,1
2,301,1.0717242876057e-05,0.00993235202981125,1.69430421716728e-05,0.000117885457852656,1.25536944722722e-06,2
2,302,1.07177929777875e-05,0.00992814133703569,1.47787641772903e-05,0.000117164358652905,5.45183687667961e-06,1
2,303,1.07183300865639e-05,0.0099239343744299,1.66559432747034e-05,0.000117235637241838,1.2414512993286e-06,2
2,304,1.07188750747626e-05,0.00991975978455121,1.45005331545958e-05,0.000116525787459322,5.3845226820531e-06,1
2,305,1.07194076381616e-05,0.00991558845071362,1.63775922389689e-05,0.000116594580973457,1.23178720109452e-06,2
2,306,1.07199480991329e-05,0.00991144946780526,1.42349806088534e-05,0.000115894353935247,5.32605711965311e-06,1
2,307,1.0720476402824e-05,0.00990731308283047,1.61097607680179e-05,0.000115961055228797,1.21854883112464e-06,2
2,308,1.07210124231333e-05,0.00990320870158544,1.39799802288697e-05,0.000115269425683488,5.26480312984908e-06,1
2,309,1.07215368798317e-05,0.00989910650228962,1.58551179066953e-05,0.000115332875021954,1.2088669384695e-06,2
2,310,1.07220691398807e-05,0.00989503611209173,1.37384881900655e-05,0.000114649397420434,5.21032466069739e-06,1
2,311,1.07225900365302e-05,0.0098909673508593,1.56121798167094e-05,0.000114711392362693,1.19623574828566e-06,2
2,312,1.07231182480207e-05,0.0098869299596283,1.35084045403509e-05,0.000114036747119515,5.15374678747865e-06,1
2,313,1.0723637839805e-05,0.00988289387441655,1.5444746809768e-05,0.000114076577167797,1.18656724394802e-06,2
2,314,1.07241642477543e-05,0.00987888880638877,1.34563002896228e-05,0.000113401976897292,5.10268381604274e-06,1
2,315,1.07246788110339e-05,0.00987488476032459,1.52642615504469e-05,0.000113464787694493,1.17440188388326e-06,2
2,316,1.07251994914771e-05,0.00987091139895638,1.31478695181292e-05,0.000112810012154923,5.04924747938331e-06,1
2,317,1.07257097133591e-05,0.0098669389761481,1.4979908468214e-05,0.000112866294020802,1.16482791936793e-06,2
2,318,1.07262273445846e-05,0.00986299683639001,1.29174641205433e-05,0.000112213236306778,5.00026546191157e-06,1
2,319,1.07267358872762e-05,0.00985905550608268,1.47769769232761e-05,0.000112266039121254,1.15314888916589e-06,2
2,320,1.07272516352049e-05,0.00985514388422481,1.27395030388262e-05,0.000111621714604415,4.94887314112313e-06,1
2,321,1.07277582994982e-05,0.00985123314247985,1.45929570110284e-05,0.000111673762410687,1.14334953453948e-06,2
2,322,1.07282720781867e-05,0.00984735164185437,1.2577905279762e-05,0.000111038256176083,4.90059157769761e-06,1
2,323,1.07287764628362e-05,0.00984347119960843,1.44258178362389e-05,0.000111090271103133,1.13182419846565e-06,2
2,324,1.07292874725849e-05,0.00983961951597442,1.24329648636683e-05,0.000110464040621955,4.84997749304697e-06,1
2,325,1.07297969238903e-05,0.00983576020356643,1.80601504265714e-05,0.000109873169074636,6.87009655450521e-06,1
2,326,1.07303102705272e-05,0.00983193699590937,1.28924456426637e-05,0.000110065107521162,2.75159740749015e-06,2
2,327,1.07307795313628e-05,0.00982816458723811,1.31347726361369e-05,0.000109543413305643,5.72700184599248e-06,1
2,328,1.07312852906502e-05,0.00982435823157891,1.31861480334275e-05,0.000109622295103985,1.6055487112664e-06,2
2,329,1.07318012031422e-05,0.00982059483957488,1.25949290071914e-05,0.000109179540309314,3.79750875333369e-06,1
2,330,1.07322760801377e-05,0.00981680577357033,1.47982809011751e-05,0.000108668204814427,5.41621885749104e-06,1
2,331,1.07327779621771e-05,0.00981305385695517,1.33800801522175e-05,0.000108767914985888,1.73736169490763e-06,2
2,332,1.07332810228736e-05,0.00980935417524302,1.24510485164918e-05,0.000108016262592942,6.24833786090578e-06,1
2,333,1.073380512014e-05,0.0098056178005313,1.49331430187236e-05,0.000108055627351816,1.55364846167654e-06,2
2,334,1.07343156877711e-05,0.00980191282472828,1.38108081617615e-05,0.000107367473555324,5.03511143528916e-06,1
2,335,1.07348132813015e-05,0.00979821032646962,1.46733036280163e-05,0.000107479664149749,1.44712273825045e-06,2
2,336,1.07353233554472e-05,0.00979452877820188,1.29962908882848e-05,0.000106925059480557,4.44342904322327e-06,1
2,337,1.07358027627425e-05,0.00979084698293974,1.71528798781219e-05,0.000106441391914965,5.73920820752153e-06,1
2,338,1.07363049087687e-05,0.00978719513417366,1.33608647413156e-05,0.000106536771832943,2.46243124694001e-06,2
2,339,1.07367831002327e-05,0.00978359996738987,1.35538541926123e-05,0.000105861039934228,6.10805643850545e-06,1
2,340,1.07372709335264e-05,0.00977996745497413,1.37867828478026e-05,0.000106039759540292,1.64681666693128e-06,2
2,341,1.07377637691637e-05,0.00977637041708135,1.28887936213426e-05,0.000105567052303341,4.03792492953504e-06,1
2,342,1.07382408775952e-05,0.00977275719374177,1.59267756759237e-05,0.000105003906926089,5.66260914562131e-06,1
2,343,1.07387269698831e-05,0.00976917663307508,1.35148923478627e-05,0.000105214926818395,2.04485989817938e-06,2
2,344,1.07392066394072e-05,0.00976561068812004,1.23569712183841e-05,0.000105026642283313,1.24520329518864e-06,2
2,345,1.07396667258147e-05,0.00976207350500143,1.19838904339511e-05,0.000104587320442868,4.09802765004653e-06,1
2,346,1.07401423727191e-05,0.00975852209568647,1.27606647381244e-05,0.00010452878887031,9.23032670007704e-07,2
2,347,1.07406247715541e-05,0.00975500216313658,1.17200756809112e-05,0.000104063132180799,3.8747162469779e-06,1
2,348,1.07410895686432e-05,0.00975146556893751,1.54674261231683e-05,0.000103556518094996,5.80384797358258e-06,1
2,349,1.07415687854736e-05,0.00974796872351256,1.20227193921391e-05,0.00010369460801002,1.88249734238129e-06,2
2,350,1.07420204329875e-05,0.00974450973170254,1.18301570254149e-05,0.000103273122870577,4.19760384635805e-06,1
2,351,1.07425039823353e-05,0.00974104514744179,1.50081803516486e-05,0.000102589538927955,6.92495978088294e-06,1
2,352,1.0742969427469e-05,0.0097375917089262,1.22436294892794e-05,0.000102881198506938,2.32860059266535e-06,2
2,353,1.07434044573363e-05,0.0097341702655333,1.23912353762491e-05,0.000102228925236399,6.1558272294115e-06,1
2,354,1.0743867419812e-05,0.00973074604467736,1.25621221630614e-05,0.000102446853521402,1.96356258183961e-06,2
2,355,1.07443498563083e-05,0.0097273509276167,1.19191027455495e-05,0.000101912457431814,4.8174183261016e-06,1
2,356,1.07448056597255e-05,0.00972394419560077,1.2383556261981e-05,0.000102022684226661,1.31407024465151e-06,2
2,357,1.07452368715452e-05,0.00972055990984391,1.10611653116939e-05,0.000101424314755947,5.4237472873453e-06,1
2,358,1.07456967943563e-05,0.00971718733520976,1.25867903607134e-05,0.000101537824956216,1.2351415510379e-06,2
2,359,1.07461675251918e-05,0.0097138511709199,1.11056430314808e-05,0.000100915851670914,5.13434924235612e-06,1
2,360,1.0746612188668e-05,0.00971050323788491,1.24100280719482e-05,0.000101065138918787,1.13452291919082e-06,2
2,361,1.07470526947921e-05,0.00970717768832014,1.08909588249454e-05,0.000100535002812724,4.48300025161485e-06,1
2,362,1.07475211242909e-05,0.00970386149623624,1.57201019987965e-05,9.99230871310546e-05,6.77288672180573e-06,1
2,363,1.07479702104077e-05,0.00970056945193036,1.1408256415451e-05,0.000100202776368349,2.58581406258681e-06,2
2,364,1.07483731791292e-05,0.00969732326263974,1.14766944576478e-05,9.95997996430404e-05,6.19354067166221e-06,1
2,365,1.07488239607273e-05,0.00969404999950362,1.18186273554355e-05,9.98133813280546e-05,1.76102897315761e-06,2
