outer,inner,objective,data_residual,primal_or_step,dual,cg_residual,cg_iterations
1,1,1.75637551089418e-05,0.0477554228207312,0.0209095360140916,0.0300342355777747,5.25895083489866e-06,7
1,2,1.14074583589622e-05,0.0312993589825702,0.00743837685083458,0.0140658980537345,5.03495575941389e-06,7
1,3,1.00134742668035e-05,0.0262587505555999,0.00676701950712147,0.00800424637920343,2.74630497063681e-06,7
1,4,9.45016035551038e-06,0.0241196736079147,0.00480370008998408,0.0057760912646934,4.13900234526672e-06,6
1,5,9.1075959841475e-06,0.022713738534445,0.00320827769811612,0.00476705566065864,3.06971687303836e-06,6
1,6,8.85764721893301e-06,0.0215981547174241,0.00221027793859339,0.00414949552330368,5.48406558358863e-06,5
1,7,8.66080379397697e-06,0.0206560715135956,0.00178409449444009,0.00370216825351944,5.02689265149114e-06,5
1,8,8.50193305018672e-06,0.0198371832898552,0.00162795878825111,0.00334324117641698,4.54445796751961e-06,5
1,9,8.3696132256766e-06,0.0191261818129339,0.00159588526232574,0.00304313377115719,4.16833554521498e-06,5
1,10,8.25805105555114e-06,0.0185121917096367,0.00157118547768481,0.00278619987093489,3.52852456401336e-06,5
1,11,8.16204608929318e-06,0.0179775278088431,0.00151541413439202,0.00255866206564486,2.91511123731719e-06,5
1,12,8.07770216746805e-06,0.017504994864534,0.00142174944083587,0.00237106084824622,2.46010649154594e-06,5
1,13,8.00249938623001e-06,0.0170814083424543,0.00130953123606313,0.00221998666013289,2.1514954265382e-06,5
1,14,7.93482205450737e-06,0.016696260578247,0.00119725044909606,0.00209570166605684,6.30159348184698e-06,4
1,15,7.87289506876714e-06,0.0163435279075919,0.00108111846358153,0.00199718026802619,6.0106153447601e-06,4
1,16,7.81632042202568e-06,0.0160194566612988,0.000982487973697362,0.00191397433719218,5.61983417192612e-06,4
1,17,7.76396101297107e-06,0.0157184560058687,0.000885371189600873,0.0018430408138013,5.17618082791909e-06,4
1,18,7.71488945596666e-06,0.0154366570820573,0.000797211092491429,0.00178031784169547,4.90582834223112e-06,4
1,19,7.66864888952958e-06,0.0151707383811041,0.000724901338835075,0.00172515610429378,4.59087545590427e-06,4
1,20,7.6248688009552e-06,0.0149177823691165,0.000669438121548282,0.00167473310254719,4.26365449382701e-06,4
1,21,7.58339340957915e-06,0.014676165544626,0.000614073578015885,0.00162853049834103,3.97396831971953e-06,4
1,22,7.54415718581261e-06,0.0144445211597088,0.000560027531668114,0.00158606735581695,3.71182560013369e-06,4
1,23,7.50678429754768e-06,0.014221505096293,0.000509290495658274,0.00154711544505824,3.47231293694741e-06,4
1,24,7.47100964037352e-06,0.0140060745357783,0.00045941862843947,0.00151060023213447,3.24246704931839e-06,4
1,25,7.43658326036851e-06,0.0137971250093646,0.000417344457083272,0.00147604937705188,3.0180000896336e-06,4
1,26,7.40331760763833e-06,0.0135937322644084,0.000388410984343963,0.00144309711289824,2.81423401119707e-06,4
1,27,7.3711991178938e-06,0.0133954201938841,0.000364929440773126,0.00141212962193232,2.64894644501844e-06,4
1,28,7.34019036717582e-06,0.0132017803550056,0.000344188284523957,0.00138305080767986,2.51060822369045e-06,4
1,29,7.31026795226013e-06,0.0130124450174283,0.000326383620406512,0.00135583878237917,2.38921865860856e-06,4
1,30,7.28141615644152e-06,0.0128272453657458,0.000310999419027899,0.00132999860216863,2.2851302495584e-06,4
1,31,7.25369134269029e-06,0.0126461200586934,0.000297209404136872,0.00130540359671694,2.19080793595384e-06,4
1,32,7.22698767450482e-06,0.0124690690546479,0.000282788132377487,0.00128221348680133,2.10369013424347e-06,4
1,33,7.20118282004199e-06,0.0122958092549322,0.000268813316508891,0.001260039108615,6.82852221211744e-06,3
1,34,7.17615034593703e-06,0.0121264450525922,0.000255732146663142,0.00123918875757924,6.48002089881558e-06,3
1,35,7.15188456709678e-06,0.0119608822005764,0.000243378467326403,0.00121917000493493,6.20114651863912e-06,3
1,36,7.12830933039694e-06,0.0117989926694735,0.000230857071123242,0.00119990550116268,5.99391311582821e-06,3
1,37,7.10538925088743e-06,0.011640647981019,0.000218680940320031,0.00118138050873143,5.78498972661854e-06,3
1,38,7.08310241300967e-06,0.0114857744779618,0.000207759153528149,0.00116346926031375,5.58004093094291e-06,3
1,39,7.06142847576767e-06,0.0113342810426366,0.000198282618602331,0.0011461555752753,5.38093377411164e-06,3
1,40,7.04033423826636e-06,0.0111860284475604,0.000189470748133034,0.00112971579688986,5.19077167557676e-06,3
1,41,7.01977980378938e-06,0.0110409427729474,0.000181684183326868,0.00111390172646973,5.01064993972691e-06,3
1,42,6.99976320338808e-06,0.0108989484632617,0.000175329243668649,0.00109859251713724,4.84325204188078e-06,3
1,43,6.98028757581037e-06,0.0107599481740796,0.000170413290472794,0.00108357475691885,4.6873071314198e-06,3
1,44,6.96133465995685e-06,0.0106238112648024,0.000167242660389161,0.00106889619136174,4.54058315608598e-06,3
1,45,6.94287498941241e-06,0.0104904194505071,0.000164570343165009,0.00105465535608584,4.40155707921604e-06,3
1,46,6.92488661186172e-06,0.01035969020139,0.000161758753724311,0.00104090969395476,4.26617755289024e-06,3
1,47,6.90733537779109e-06,0.0102315119930286,0.00015928073435456,0.00102753900112283,4.12844653759083e-06,3
1,48,6.89018845784948e-06,0.0101058377523127,0.000157635049791389,0.00101449588664076,3.99772237180559e-06,3
1,49,6.87342397695647e-06,0.00998258010148654,0.000156279763159516,0.0010018694748719,3.8695815838433e-06,3
1,50,6.85703974355283e-06,0.00986165084213937,0.000154592588917375,0.000989672186579146,3.7539057890233e-06,3
1,51,6.84102292693988e-06,0.00974301848992479,0.00015337491964479,0.000977721010841703,3.65001314147052e-06,3
1,52,6.82535499353952e-06,0.00962663929450937,0.000152396273966848,0.00096606396635293,3.53952878103095e-06,3
1,53,6.81000930229768e-06,0.00951246848321361,0.000151255901724975,0.000954648046370712,3.4369089555459e-06,3
1,54,6.79498764530464e-06,0.00940049613278911,0.000150150179592783,0.000943466270087344,3.33247408937513e-06,3
1,55,6.78030001066418e-06,0.00929068983963024,0.000149368286320918,0.000932578135764916,3.21787793440827e-06,3
1,56,6.76593109265366e-06,0.00918301760983455,0.000148007389555047,0.000922101107118648,3.1063774769389e-06,3
1,57,6.75187330813461e-06,0.00907745114930996,0.000146795727082101,0.000911874214184775,3.00566269641257e-06,3
1,58,6.73811379486564e-06,0.00897398025279548,0.000146254920875455,0.000901818960951949,2.89776822516028e-06,3
1,59,6.72461429281596e-06,0.00887258417699423,0.000145234891118414,0.000892036395847373,2.78960621532108e-06,3
1,60,6.71138022726179e-06,0.00877324786468078,0.000144185231912938,0.000882488851171053,2.68464294096088e-06,3
1,61,6.69840921707186e-06,0.00867596726054861,0.000143258116579568,0.000873139156193016,2.58905792710695e-06,3
1,62,6.68568140253522e-06,0.00858079004676791,0.000142131775297804,0.000864024017592512,2.49490475093324e-06,3
1,63,6.6732059918851e-06,0.00848766579851921,0.000141469744195594,0.000855051108775036,2.39059657814197e-06,3
1,64,6.66093639210827e-06,0.00839662939195655,0.000140128131909205,0.000846384363676735,2.30311244983293e-06,3
1,65,6.64884736028245e-06,0.00830770156530651,0.000138105919402391,0.000838045644052197,2.21458313341083e-06,3
1,66,6.63692131290821e-06,0.0082209418848549,0.000135590123018423,0.000829921414654345,2.12457921786044e-06,3
1,67,6.6251780259723e-06,0.00813630443316742,0.000132834069746084,0.000822062762642495,2.02978695044091e-06,3
1,68,6.61369074637194e-06,0.00805370502118872,0.000131233762166543,0.000814388857316874,1.9414028815215e-06,3
1,69,6.60239811448432e-06,0.00797310524668422,0.000130512602902506,0.000806986278400439,1.8616119789402e-06,3
1,70,6.59131490576882e-06,0.00789437783816081,0.0001307623788501,0.000799762997806435,1.77768984673922e-06,3
1,71,6.58045290776544e-06,0.0078174432100368,0.000131652395453175,0.000792743643910153,1.71580771562483e-06,3
1,72,6.56972300590274e-06,0.00774121146786938,0.000132400245244708,0.000785655893037698,6.59910458270277e-06,2
1,73,6.55926465603302e-06,0.00766785335489711,0.000134864255513745,0.000779080348881272,2.08935541679429e-06,3
1,74,6.54898390580268e-06,0.00759597959921874,0.000137962326166025,0.000772281796162487,1.70339542639837e-06,3
1,75,6.53877336869346e-06,0.00752462295086106,0.000140069009975292,0.000765521792010425,6.15346268836762e-06,2
1,76,6.52884184967221e-06,0.0074558489321165,0.000143699617420939,0.000759216347381497,1.95022103354558e-06,3
1,77,6.51896195381743e-06,0.00738715387627954,0.000146415893874649,0.000752691163068025,6.44355980283396e-06,2
1,78,6.50939464915891e-06,0.00732119982230406,0.00015094324123624,0.000746591320548742,1.89786293557012e-06,3
1,79,6.49983594011482e-06,0.00725504354911003,0.000154023544211969,0.000740286690452399,6.4030959530215e-06,2
1,80,6.49055050325522e-06,0.00719157869052998,0.000158255392087327,0.000734468013140934,1.91543007095743e-06,3
1,81,6.48124979031352e-06,0.00712772391406268,0.000161168272753065,0.000728307477850175,6.27610819463222e-06,2
1,82,6.47206815651932e-06,0.0070647384397734,0.00016418832029587,0.000722294638884359,6.83361395751497e-06,2
1,83,6.46307945037303e-06,0.00700314061462058,0.000167304700715349,0.000716444161003208,6.73754258178163e-06,2
1,84,6.45426807626482e-06,0.00694286461772253,0.000170663648707108,0.000710695804033928,6.61655996520485e-06,2
1,85,6.44561008301784e-06,0.00688378944789357,0.000174041212270235,0.000705052392375379,6.52880777034378e-06,2
1,86,6.43709647487831e-06,0.00682582196687855,0.000177401768456439,0.000699443172395433,6.46682247891222e-06,2
1,87,6.42873348891084e-06,0.0067688889153091,0.000180994232411594,0.000693825812454731,6.41939137192536e-06,2
1,88,6.42050622237402e-06,0.00671293368615854,0.000184390852050583,0.000688326607309853,6.3830244461832e-06,2
1,89,6.41240633304934e-06,0.00665791954456768,0.000187169190674992,0.000682947625828009,6.35822868463293e-06,2
1,90,6.40443293055777e-06,0.00660380777787773,0.000189441977758434,0.000677673193805882,6.34611154002e-06,2
1,91,6.39658173318376e-06,0.00655055493881966,0.000191192734070924,0.000672488295967565,6.34735289062275e-06,2
1,92,6.38884870991284e-06,0.00649812566733137,0.000192543889510169,0.000667361787376697,6.36046321653261e-06,2
1,93,6.38123633486905e-06,0.00644649073403959,0.000193557193396991,0.000662272715394579,6.38408312865535e-06,2
1,94,6.37373406268242e-06,0.00639562271270042,0.000194236764338518,0.000657258758550497,6.41372926789552e-06,2
1,95,6.36632905569196e-06,0.00634549695669843,0.00019448444606732,0.000652340147974159,6.44482266714831e-06,2
1,96,6.35902141116602e-06,0.00629610105813994,0.000194472454256635,0.000647480912594369,6.47248566720383e-06,2
1,97,6.35181066615515e-06,0.00624744171969946,0.000194192352749549,0.000642651104636852,6.49143853662604e-06,2
1,98,6.34469240789663e-06,0.006199523550334,0.000193638136521711,0.000637884720915017,6.49842589340515e-06,2
1,99,6.3376653142102e-06,0.0061523546334803,0.000192853097254624,0.000633165105503582,6.49596599747296e-06,2
1,100,6.33073201401221e-06,0.00610595052250538,0.000191951900242016,0.000628490101469435,6.4819219805354e-06,2
1,101,6.32388749747766e-06,0.00606033439491404,0.000190847710686124,0.000623889940396304,6.45686921805388e-06,2
1,102,6.31713501545944e-06,0.00601551760672177,0.000189613318842324,0.000619357017802337,6.42443981892479e-06,2
1,103,6.31047641345711e-06,0.00597151038011845,0.000188300879882266,0.000614865936450381,6.38296811933734e-06,2
1,104,6.30391839133911e-06,0.00592832762449215,0.000187071763974885,0.00061034486814938,6.32933067283973e-06,2
1,105,6.29746086963353e-06,0.00588597656059239,0.000185948612145279,0.000605794065172323,6.2618177509605e-06,2
1,106,6.29111013133237e-06,0.00584446422095465,0.000185128711469416,0.00060130883054097,6.18467030811023e-06,2
1,107,6.28485021876646e-06,0.00580380186633721,0.000184088026788792,0.00059696023808893,6.10465379013364e-06,2
1,108,6.27867990146554e-06,0.00576398968746353,0.000182925291286402,0.000592692039410431,6.02474716145975e-06,2
1,109,6.27259042367717e-06,0.00572502839533463,0.000181444387426084,0.000588543577184507,5.94612754770833e-06,2
1,110,6.26657339408257e-06,0.00568692107782002,0.000179740855960261,0.000584496945001976,5.86939614197828e-06,2
1,111,6.26062166670363e-06,0.00564965826406417,0.000177909676515757,0.000580460039828253,5.79425239220987e-06,2
1,112,6.25473134564885e-06,0.00561322204418939,0.000176049148385455,0.000576392565899576,5.71788717638627e-06,2
1,113,6.24890029426426e-06,0.00557759937307164,0.000174114508231839,0.000572411674998754,5.64208286464873e-06,2
1,114,6.24312651112297e-06,0.00554278423578744,0.00017194881140492,0.000568559544967405,5.56773925374891e-06,2
1,115,6.23741364887619e-06,0.0055087687160181,0.000169686330384185,0.000564757230973571,5.49756601010456e-06,2
1,116,6.23175984202328e-06,0.00547554663558692,0.000167309161683373,0.000561049731264035,5.4306467183493e-06,2
1,117,6.22616405412603e-06,0.00544311088126511,0.000164724597375772,0.000557445068593451,5.36219989291126e-06,2
1,118,6.22063163352161e-06,0.00541145513568755,0.000162003248057098,0.000553893618067716,5.29189110513045e-06,2
1,119,6.21516063413862e-06,0.00538057619261843,0.000159244107806327,0.00055039090455172,5.22142313250383e-06,2
1,120,6.20974935855551e-06,0.00535047911493934,0.000156426836987384,0.000546955448111505,5.14718262610766e-06,2
1,121,6.20439903589246e-06,0.00532117298199256,0.000153551106363233,0.000543587158014733,5.06824616130825e-06,2
1,122,6.19910464259409e-06,0.00529266727157594,0.000150604418627767,0.000540276723577724,4.98528085980281e-06,2
1,123,6.19386166208903e-06,0.00526496332327283,0.000147550831407111,0.000537058793917533,4.90031614644508e-06,2
1,124,6.18867782165576e-06,0.00523806754255162,0.000144601351464867,0.000533810411955956,4.81257134696429e-06,2
1,125,6.1835544890648e-06,0.00521197676959728,0.000142177996991662,0.000530536970920338,4.72367651063985e-06,2
1,126,6.17848561020744e-06,0.00518668257401424,0.000139578608606365,0.000527358314047922,4.63522996483693e-06,2
1,127,6.1734668385289e-06,0.00516219410433235,0.000136632387886823,0.000524323717512886,4.54808683928864e-06,2
1,128,6.16849603370723e-06,0.00513852018888626,0.000133262090059846,0.000521402393141313,4.45688850209158e-06,2
1,129,6.16357366388569e-06,0.00511566534549411,0.000129811052845527,0.000518531106709023,4.36702028745521e-06,2
1,130,6.15870181727454e-06,0.00509362720543234,0.000126275494638299,0.000515648639103337,4.27887850656078e-06,2
1,131,6.15388117396356e-06,0.00507238424685595,0.000122835993104519,0.000512798246986283,4.19266904314028e-06,2
1,132,6.14911175933826e-06,0.00505192312216345,0.000119420315117586,0.000510008856116479,4.10289795101951e-06,2
1,133,6.14439263351969e-06,0.00503223591447557,0.00011607647867209,0.000507285354181202,4.00991535069445e-06,2
1,134,6.13972204378613e-06,0.00501330867646608,0.000112668808312232,0.000504639429441019,3.91826801521042e-06,2
1,135,6.13509942418056e-06,0.00499512136090541,0.000109284491771698,0.000502022356527436,3.82726176436832e-06,2
1,136,6.13052373055623e-06,0.00497765525585339,0.000106065740909506,0.000499403270104537,3.73967694053486e-06,2
1,137,6.12599372625451e-06,0.00496089999533147,0.000102983781148087,0.000496767786599062,3.65438346483836e-06,2
1,138,6.12150825449801e-06,0.00494484358048818,0.000100049013393278,0.000494136581206302,3.57098678091488e-06,2
1,139,6.11706831547236e-06,0.00492946237745462,9.69685755013311e-05,0.000491624898418401,3.48867060770254e-06,2
1,140,6.11267552855883e-06,0.00491474952153629,9.40655583265093e-05,0.000489193351283825,3.40368748216212e-06,2
1,141,6.10832788525103e-06,0.00490069593000064,9.13024051430715e-05,0.000486832762310534,3.31752761400338e-06,2
1,142,6.10402279476872e-06,0.00488728857338514,8.86499283600047e-05,0.000484525110861356,3.23086817183801e-06,2
1,143,6.09976045107341e-06,0.00487451217271588,8.62118257535088e-05,0.000482247169877567,3.14325980126498e-06,2
1,144,6.09553990816286e-06,0.00486234897966747,8.40599328206329e-05,0.000479975214028835,3.05807071181135e-06,2
1,145,6.09136388237187e-06,0.00485078606534317,8.22448595385642e-05,0.000477651576128168,2.97641100157517e-06,2
1,146,6.08723146383845e-06,0.00483981211467698,8.13444270352633e-05,0.000475340265515619,2.90071613194395e-06,2
1,147,6.08313565750442e-06,0.00482942255705943,8.02865103625651e-05,0.000473102809855587,2.82551723279853e-06,2
1,148,6.0790737430819e-06,0.00481960730858795,7.91742451122545e-05,0.000470957553358041,2.7509506843064e-06,2
1,149,6.07500093672128e-06,0.00481030635539611,7.69966152790252e-05,0.00046878163571956,6.7708146840192e-06,1
1,150,6.07102306574456e-06,0.00480161163456191,7.54632121237658e-05,0.000466884964670528,2.45910846893492e-06,2
1,151,6.06704808569904e-06,0.00479295456972572,7.34292402243917e-05,0.000464804157815987,5.30981774239766e-06,1
1,152,6.06311235088671e-06,0.00478564165812194,7.19259195625159e-05,0.000462793670454466,6.373527711447e-06,1
1,153,6.0592324869789e-06,0.00477857078792706,7.05993491512812e-05,0.000460938140605414,2.29522246871716e-06,2
1,154,6.0553661558368e-06,0.00477157450988159,6.90501618380908e-05,0.000458889431012026,4.91769787779498e-06,1
1,155,6.05151894021729e-06,0.00476573361984493,6.78036797375139e-05,0.00045692006235044,6.11179430103166e-06,1
1,156,6.04773523716805e-06,0.00476012825166733,6.65337432120262e-05,0.000455121454050527,2.09593283582134e-06,2
1,157,6.04395885889611e-06,0.00475461068865823,6.49037672944548e-05,0.000453195952155762,4.5985827038543e-06,1
1,158,6.04020276927431e-06,0.00475018299976975,6.35362743313831e-05,0.000451342712113046,5.58831455190736e-06,1
1,159,6.03650252908213e-06,0.00474593129354382,6.256141416764e-05,0.000449603064454793,1.97109013131922e-06,2
1,160,6.03281720008824e-06,0.00474179590292635,6.12490470655777e-05,0.000447768359483435,4.38151553695847e-06,1
1,161,6.02914548187116e-06,0.0047386513836613,6.01114755654124e-05,0.00044600847968799,5.34562987049491e-06,1
1,162,6.02552772548555e-06,0.00473566289477655,5.89350339859981e-05,0.000444384229375804,1.8610669607853e-06,2
1,163,6.02192489594592e-06,0.00473279032762343,5.74744926085532e-05,0.000442655868394565,4.21913404041854e-06,1
1,164,6.0183340976704e-06,0.00473086784735995,5.63088219025076e-05,0.000440988674382754,5.07879284732258e-06,1
1,165,6.01479505687927e-06,0.00472904358298262,5.53580645092468e-05,0.000439399383884008,1.76342598843937e-06,2
1,166,6.01127284481439e-06,0.00472733611817973,5.43382730485853e-05,0.000437726930687078,4.11386135511547e-06,1
1,167,6.00775549455249e-06,0.00472654252433387,5.34916330391201e-05,0.000436139232013828,4.95497790936502e-06,1
1,168,6.00428233556229e-06,0.00472579732972162,5.27802397962244e-05,0.000434622461346274,1.69781683935625e-06,2
1,169,6.00082716198755e-06,0.00472516408855604,5.28497730723592e-05,0.000432993682997254,4.09535536959429e-06,1
1,170,5.99737852745858e-06,0.00472545335348426,5.28847069224319e-05,0.00043147758425325,4.9081793905972e-06,1
1,171,5.99397486494743e-06,0.00472573768645081,5.27868985066405e-05,0.000430052486418142,1.65254098316645e-06,2
1,172,5.99058805889717e-06,0.00472612326732931,5.17748529972991e-05,0.000428578210233107,4.15382588547374e-06,1
1,173,5.98720707868981e-06,0.00472743398049716,5.10625886032266e-05,0.000427139703581887,4.99206952236094e-06,1
1,174,5.98386812511325e-06,0.00472868217028661,5.01215460120085e-05,0.000425732331032922,1.63936792776972e-06,2
1,175,5.98055024469646e-06,0.00473000881662739,4.94886368136119e-05,0.000424222169616469,4.27780711200562e-06,1
1,176,5.97723395188986e-06,0.00473229541887217,4.91713994130377e-05,0.000422814854732588,5.14868465900656e-06,1
1,177,5.97395589153024e-06,0.00473444591739669,4.80928720015832e-05,0.000421527614587129,1.61857222208353e-06,2
1,178,5.9706995268459e-06,0.0047366512197082,4.67842610630262e-05,0.000420189427898263,4.48839738731267e-06,1
1,179,5.96744693671386e-06,0.00473986840278014,4.58799167225234e-05,0.000418907969320827,5.44256539451067e-06,1
1,180,5.9642337407583e-06,0.00474285587592048,4.4423067600132e-05,0.000417665264911099,1.64597195821165e-06,2
1,181,5.96104729919026e-06,0.00474582516877135,4.35363905157821e-05,0.000416268958980097,4.82549800138161e-06,1
1,182,5.95786576950405e-06,0.00474985744609722,4.35946649336717e-05,0.000414907722975118,5.94161991236093e-06,1
1,183,5.95471922759108e-06,0.00475354715009873,4.26184183750821e-05,0.000413651386700126,1.71598074105071e-06,2
1,184,5.95159538231689e-06,0.00475716497841953,4.17030287944455e-05,0.000412291424338667,5.17903675029608e-06,1
1,185,5.94847505230871e-06,0.00476192057927766,4.1529561146805e-05,0.000411003124623262,6.44827396974379e-06,1
1,186,5.94538454763915e-06,0.0047662343355386,3.98402823931679e-05,0.000409840961484514,1.78029385511789e-06,2
1,187,5.94231840184234e-06,0.00477043789916544,3.87734801839373e-05,0.000408502186630576,5.59786262733014e-06,1
1,188,5.93927084119685e-06,0.00477540078086739,3.87216630567641e-05,0.000407311535192848,1.18539806997203e-06,2
1,189,5.93624082667976e-06,0.00478059828017057,3.76917891057995e-05,0.000405942580024212,6.0736968773917e-06,1
1,190,5.93323136442307e-06,0.00478570816586855,3.81340676220521e-05,0.000404842677798262,1.24517109839852e-06,2
1,191,5.93022878277976e-06,0.00479099577913762,3.65245879458112e-05,0.000403503539354784,6.89532041186646e-06,1
1,192,5.92725595438533e-06,0.00479650934580666,3.70979062062475e-05,0.000402491953946543,1.54332929974636e-06,2
1,193,5.92429177186554e-06,0.00480231980062079,3.60095884608793e-05,0.00040132779607196,1.55410934485993e-06,2
1,194,5.92135331623688e-06,0.00480822242474299,3.64824631014947e-05,0.000400078604908428,1.31363524244885e-06,2
1,195,5.91843557129741e-06,0.00481413859188055,3.66760387114111e-05,0.000398724281797198,6.82057787172279e-06,1
1,196,5.91554469881282e-06,0.00482025667671653,3.87841284173488e-05,0.000397642738321536,1.27809251962556e-06,2
1,197,5.91266270971916e-06,0.00482664063037199,3.85575690458624e-05,0.000396524344170439,1.4752863614082e-06,2
1,198,5.90979753945674e-06,0.0048331133569474,3.8017623561858e-05,0.000395431668007669,1.31850069392164e-06,2
1,199,5.90694979823376e-06,0.00483970738264408,3.75033430104887e-05,0.000394320763039045,1.32119642983402e-06,2
1,200,5.90412226707387e-06,0.00484643030216857,3.72602578680629e-05,0.000393202177373328,1.29863480029207e-06,2
2,1,5.91135104624443e-06,0.00470085330198379,0.00120356766637141,0.000745112163632337,3.28869183887808e-06,5
2,2,5.91277991421371e-06,0.00461672257584916,0.000729556937870497,0.000632116556797805,6.04693926110148e-06,4
2,3,5.9111868108187e-06,0.00456348364587832,0.000533414321011923,0.000603081801671018,3.49474673736844e-06,4
2,4,5.9080362587708e-06,0.00452832194519457,0.000417188939629711,0.000590811714974518,2.31149516543746e-06,4
2,5,5.90431452932144e-06,0.00450282800633204,0.000339331720721972,0.000579012715703767,5.13747204910035e-06,3
2,6,5.90065115052494e-06,0.00448249427340275,0.000282047063362571,0.000567195406917371,3.34596810812237e-06,3
2,7,5.89720656718456e-06,0.00446473247702136,0.000238928175602977,0.0005548154789108,2.81492741920447e-06,3
2,8,5.89400700982039e-06,0.00444830534664816,0.000207363819497153,0.000542496249271612,2.55210876817194e-06,3
2,9,5.89102127771919e-06,0.0044327179897496,0.000182632154410128,0.000531111073137508,2.41383608462158e-06,3
2,10,5.88826877499017e-06,0.00441786528690462,0.000161975464179358,0.000520279562563703,6.4946151076512e-06,2
2,11,5.88575431908066e-06,0.00440366250738375,0.000144653956484843,0.000511195753410711,5.75696347590214e-06,2
2,12,5.88340356255418e-06,0.00439017644702374,0.000129561584874007,0.000502993703866399,4.90007096903222e-06,2
2,13,5.88116734753581e-06,0.00437745567714819,0.000116251900349475,0.000495412579492601,4.57408915798721e-06,2
2,14,5.87903326742036e-06,0.00436547306204822,0.00010558371036667,0.000488265009278459,4.34575425983846e-06,2
2,15,5.87697849661022e-06,0.00435414967259962,9.64267617615565e-05,0.000481782514918468,4.18247010504381e-06,2
2,16,5.87498303091819e-06,0.00434348251562741,8.86215435660684e-05,0.000475799252696687,4.03962912731086e-06,2
2,17,5.87302506293897e-06,0.00433349570163159,8.23993210862048e-05,0.000470217336060016,3.90695839952685e-06,2
2,18,5.87110597247629e-06,0.00432423500080741,7.78858457893422e-05,0.000464900318846127,3.77741241367761e-06,2
2,19,5.86921982704832e-06,0.00431571830960139,7.50213702955953e-05,0.000459767811239382,3.65573518803682e-06,2
2,20,5.8673434164473e-06,0.00430793837210711,7.30914991534556e-05,0.000454868021408376,3.54505306401025e-06,2
2,21,5.86546490073121e-06,0.00430086345713019,7.11997250639904e-05,0.000450220848092121,3.44329098724716e-06,2
2,22,5.86358260040702e-06,0.00429444772191977,6.92580253272014e-05,0.000445837315984405,3.34896161564618e-06,2
2,23,5.86170334486856e-06,0.00428864045935977,6.71057325002339e-05,0.000441635499452917,3.2615530534556e-06,2
2,24,5.85983777653845e-06,0.00428339731770065,6.52760392718154e-05,0.000437513003617006,3.17929339998458e-06,2
2,25,5.85798787956363e-06,0.00427867268562823,6.36194948777124e-05,0.000433474075497496,3.10137867043397e-06,2
2,26,5.85614853142785e-06,0.00427443915996776,6.21641235825051e-05,0.000429529595765552,3.02468673590904e-06,2
2,27,5.85431769995352e-06,0.00427066344639324,6.05914644819764e-05,0.000425758824515391,2.94551011903857e-06,2
2,28,5.85249838237626e-06,0.00426732992420333,5.88155964100578e-05,0.000422201807245082,2.86260040548825e-06,2
2,29,5.85069661333486e-06,0.00426441831063426,5.67172682761648e-05,0.000418860838060993,2.77830903259436e-06,2
2,30,5.84890806796693e-06,0.00426190789147226,5.46342361574167e-05,0.000415729334053734,2.69311662915827e-06,2
2,31,5.84712814554355e-06,0.00425978249527781,5.25474949956225e-05,0.000412780300652034,2.60938979186652e-06,2
2,32,5.84535352225895e-06,0.00425787683804703,5.02384115098624e-05,0.000409650131719284,6.89562648450323e-06,1
2,33,5.84361050997196e-06,0.00425653606356524,4.96004748118746e-05,0.000407145092969113,2.30426483420671e-06,2
2,34,5.84189840562963e-06,0.00425544363318133,4.78030330854114e-05,0.000404029301891926,5.91185741085953e-06,1
2,35,5.84017802217577e-06,0.00425482481076474,4.80880921500321e-05,0.0004015061236176,2.00710481211788e-06,2
2,36,5.8384634945412e-06,0.00425439899127006,4.63662771527011e-05,0.00039860271339445,5.267529643599e-06,1
2,37,5.83677858248845e-06,0.00425434150416544,4.64266834450497e-05,0.000396012969880402,6.1567862628672e-06,1
2,38,5.83508713972721e-06,0.00425471542882403,4.54449424445213e-05,0.000393545593494784,2.789214539916e-06,2
2,39,5.83338243249375e-06,0.00425525846986291,4.49667177741117e-05,0.00039093161013406,5.70312200510758e-06,1
2,40,5.8317024680635e-06,0.00425622408912777,4.46316274336713e-05,0.000388760933304554,2.03842409776453e-06,2
2,41,5.83003909699988e-06,0.0042573843577746,4.33784212407389e-05,0.000386295130297564,4.49141916382563e-06,1
2,42,5.82834824898246e-06,0.00425878974199095,4.26656066171351e-05,0.000384012631588736,5.62281188905873e-06,1
2,43,5.82668205591919e-06,0.00426056130201829,4.1825642719212e-05,0.000381929832138047,2.06595220638966e-06,2
2,44,5.8250360678105e-06,0.00426249268121897,4.09177916587558e-05,0.000379604557948302,4.97427532949427e-06,1
2,45,5.8233673716208e-06,0.004264621738577,4.09684507009723e-05,0.000377417755576489,6.49146054946512e-06,1
2,46,5.82173593479296e-06,0.00426705610454854,4.05468409311862e-05,0.000375521118657773,2.32759554759656e-06,2
2,47,5.82012893948065e-06,0.00426960687843237,4.00873935133794e-05,0.000373332615689685,5.62138416395785e-06,1
2,48,5.81851933729701e-06,0.00427237198687343,4.04401354921949e-05,0.000371438512902707,1.93201412215719e-06,2
2,49,5.81692423820909e-06,0.0042752320748742,4.12730307011201e-05,0.000369187068949427,4.95063323555088e-06,1
2,50,5.81535297430205e-06,0.00427830691629109,4.28765488913872e-05,0.00036723529831896,1.80842393093924e-06,2
2,51,5.81379239880776e-06,0.00428147412766705,4.35842761006456e-05,0.000365095631796267,4.58413690204687e-06,1
2,52,5.81220593778285e-06,0.00428475821894138,4.47709295611522e-05,0.000363071376556955,6.48333777569897e-06,1
2,53,5.81064217537259e-06,0.00428825008323681,4.50544672024818e-05,0.00036134874206859,2.36929619070698e-06,2
2,54,5.80908518515728e-06,0.00429182992812435,4.48321905659624e-05,0.00035933814474762,5.94010896747285e-06,1
2,55,5.80750911660414e-06,0.00429553651700112,4.47021673340535e-05,0.000357687529824394,2.13828449215331e-06,2
2,56,5.80591933758087e-06,0.00429930017894745,4.40820988637754e-05,0.000355778774692993,5.48002295452683e-06,1
2,57,5.80435444071189e-06,0.00430323843974295,4.38125923301523e-05,0.000354160404553855,2.02133086128944e-06,2
2,58,5.80279489756839e-06,0.00430724860313073,4.2714958514914e-05,0.000352258269316329,5.56371855023511e-06,1
2,59,5.80122190332499e-06,0.00431136419293727,4.20806324606142e-05,0.000350686132397997,1.9367821731375e-06,2
2,60,5.79963477509187e-06,0.00431552913119398,4.08405316504942e-05,0.000348864767466008,4.95580700389158e-06,1
2,61,5.79807501618642e-06,0.00431983689669521,4.02667826082834e-05,0.000347325393174287,1.82030235548662e-06,2
2,62,5.79652957522148e-06,0.00432421152136174,3.91870779748367e-05,0.000345573737091111,5.27146097002517e-06,1
2,63,5.79498245441908e-06,0.00432868101612451,3.89118550789012e-05,0.000344123581617785,1.73915397603377e-06,2
2,64,5.7934283179745e-06,0.00433320836605878,3.79462736640434e-05,0.000342501410210369,4.60058238378684e-06,1
2,65,5.79191475266237e-06,0.00433784096045683,3.79082839250402e-05,0.000340943969195575,6.24212624313065e-06,1
2,66,5.79039181924959e-06,0.00434256569299513,3.66636948552027e-05,0.00033969131556269,2.15713886212222e-06,2
2,67,5.78885878751875e-06,0.00434734129725959,3.55629040298857e-05,0.000338121884948262,6.19436370658563e-06,1
2,68,5.78735827753936e-06,0.00435220026264413,3.50925530710079e-05,0.00033686468364515,1.75434020555275e-06,2
2,69,5.78586403994319e-06,0.00435710786689794,3.45053006767331e-05,0.000335318468622526,4.70759365608174e-06,1
2,70,5.78435807601719e-06,0.00436207797826777,3.49639220138689e-05,0.00033382302892299,6.81801914208751e-06,1
2,71,5.78288036556144e-06,0.00436712863941574,3.40902992683004e-05,0.000332686270210696,2.77314536031198e-06,2
2,72,5.78140857190902e-06,0.00437224281494459,3.35518835967249e-05,0.000331431151071666,1.73798806585819e-06,2
2,73,5.77994760511518e-06,0.00437741908445941,3.33305498164683e-05,0.000329874553986843,5.31698006801443e-06,1
2,74,5.77848689910633e-06,0.00438261207555079,3.3265056911527e-05,0.000328654068622732,1.60375684553045e-06,2
2,75,5.77701864508212e-06,0.00438785131402027,3.26600903424386e-05,0.000327285215027184,4.49453886072794e-06,1
2,76,5.7755835291989e-06,0.0043931698144031,3.39212152404493e-05,0.000325934365132246,6.04390292744691e-06,1
2,77,5.77414103206578e-06,0.00439853575524133,3.35627217096538e-05,0.00032486222501044,2.2023435324521e-06,2
2,78,5.77270449563189e-06,0.00440397706732806,3.38118898781427e-05,0.000323470977506562,5.81382974103205e-06,1
2,79,5.77128500669792e-06,0.00440942290125943,3.46488028958594e-05,0.00032235083570468,1.69676809979279e-06,2
2,80,5.76986535299548e-06,0.0044149045539155,3.521980577948e-05,0.000320989861007063,3.78465594295966e-06,1
2,81,5.76845390487447e-06,0.00442044295838263,3.66037514308538e-05,0.000319628453361496,5.2938070461105e-06,1
2,82,5.76706101387584e-06,0.00442600619625416,3.68207573199414e-05,0.000318511455052068,1.59585246166999e-06,2
2,83,5.76568684449536e-06,0.00443161274097385,3.76028974978773e-05,0.000317052701103529,5.75180889582279e-06,1
2,84,5.76430890428756e-06,0.00443722467757755,3.85098967707708e-05,0.000315943806531212,1.59129848752633e-06,2
2,85,5.76291667747029e-06,0.0044428538515678,3.85230507725438e-05,0.000314564587937761,5.08000764065664e-06,1
2,86,5.7615408578275e-06,0.00444851350510319,3.88375463465663e-05,0.000313455414975036,1.39824537819378e-06,2
2,87,5.76015920210796e-06,0.00445417765784741,3.90244252050469e-05,0.00031173663552628,4.55164937136771e-06,1
2,88,5.75878053631524e-06,0.00445980085476525,4.08139541239674e-05,0.000310121699080751,6.34593697153818e-06,1
2,89,5.75741947622115e-06,0.0044654495191077,3.84143153603256e-05,0.000309004045246577,2.60369084149315e-06,2
2,90,5.75607346010687e-06,0.00447119607030428,3.76464650648609e-05,0.000307608529571349,6.45993896156909e-06,1
2,91,5.75471369992807e-06,0.0044769317130998,3.76078954552342e-05,0.000306564867961349,1.94991388648261e-06,2
2,92,5.75334629581688e-06,0.00448270777189168,3.7139483636106e-05,0.00030522263899617,4.90049406269948e-06,1
2,93,5.75201709315485e-06,0.00448853900830836,3.77282156337032e-05,0.000303899359480754,6.7431944377243e-06,1
2,94,5.75068511933666e-06,0.00449436249977961,3.67162909301189e-05,0.000302939603522889,2.41606745431028e-06,2
2,95,5.74936677152784e-06,0.00450021238822523,3.64593942094378e-05,0.000301756189131959,1.49303770499127e-06,2
2,96,5.74804589411654e-06,0.00450610374434152,3.64031147148032e-05,0.000300368695035142,5.09467813783238e-06,1
2,97,5.74674737467787e-06,0.00451196354234574,3.72991715898447e-05,0.000299190717807455,1.23171989792337e-06,2
2,98,5.74545088228088e-06,0.00451784083527266,3.74208727870562e-05,0.000297838727552313,4.36144187009815e-06,1
2,99,5.7441539197989e-06,0.00452372895789987,3.90883470669405e-05,0.000296536202323285,5.99331592615823e-06,1
2,100,5.7428764314292e-06,0.00452962101075245,3.87294042387911e-05,0.00029547480417207,2.26778114129399e-06,2
2,101,5.74161113020258e-06,0.00453556816546181,3.85788191011612e-05,0.000294248945614466,5.56377911056957e-06,1
2,102,5.74033576560219e-06,0.00454145410032612,3.83034138605824e-05,0.000293368251867956,1.69133333596509e-06,2
2,103,5.73904500021828e-06,0.00454735864940435,3.71890052926777e-05,0.000292333849415771,4.55838152031006e-06,1
2,104,5.73778233409602e-06,0.00455329199851326,3.719913872475e-05,0.000291340513341303,5.81824612626916e-06,1
2,105,5.7365122855508e-06,0.00455921500142455,3.57496966181903e-05,0.00029061667179153,2.26157572097013e-06,2
2,106,5.73524961702204e-06,0.00456515687964699,3.49038517925651e-05,0.00028973190559107,1.43649825934805e-06,2
2,107,5.73398380458035e-06,0.00457113696501705,3.39894375858202e-05,0.000288644745397698,5.42911690053864e-06,1
2,108,5.73274034441086e-06,0.00457706806641147,3.42629883771375e-05,0.000287789251243615,1.30070466111482e-06,2
2,109,5.73148998811864e-06,0.00458301611023474,3.35448040911501e-05,0.00028673616190197,4.54411478368193e-06,1
2,110,5.73024833441681e-06,0.00458897914191533,3.48886524856628e-05,0.000285711077351643,6.22934435442385e-06,1
2,111,5.72901897377629e-06,0.004594935347902,3.34757193013041e-05,0.000284962893173869,2.43697157259255e-06,2
2,112,5.72780227930265e-06,0.00460096613124897,3.30725533849967e-05,0.000283924231893964,5.76112297126734e-06,1
2,113,5.72658433829083e-06,0.00460691882327839,3.34515169017095e-05,0.000283137386387091,1.74003605029464e-06,2
2,114,5.72535636603262e-06,0.00461290212071524,3.35627488213109e-05,0.000282078482551408,4.42485740591252e-06,1
2,115,5.72416561237234e-06,0.00461890883299492,3.52344188329248e-05,0.000281009407792189,5.4968440464658e-06,1
2,116,5.72297856459696e-06,0.00462489083282109,3.59599656808571e-05,0.000280166909431911,2.12886504004638e-06,2
2,117,5.72180320391471e-06,0.00463089193075843,3.72608809136995e-05,0.000279116188607025,1.41467862375644e-06,2
2,118,5.72062507257289e-06,0.00463693958251606,3.81258529782719e-05,0.000277943606210081,5.37586797938669e-06,1
2,119,5.71946526101454e-06,0.00464291802278258,3.89464193965494e-05,0.00027709540498991,1.23742836770483e-06,2
2,120,5.71829615850573e-06,0.00464892063436839,3.88235746604463e-05,0.000275971677470184,4.53702968783114e-06,1
2,121,5.71712527646208e-06,0.00465492023691926,4.00104340004322e-05,0.000274907832574833,6.17284816370612e-06,1
2,122,5.71596403512941e-06,0.00466090495483279,3.85292672158352e-05,0.000274114203333327,2.31860870149394e-06,2
2,123,5.71481119754037e-06,0.00466696112581248,3.78883220652276e-05,0.000273018037448585,5.45231014935643e-06,1
2,124,5.71365609304995e-06,0.00467292016625998,3.78497828898272e-05,0.000272168656155513,1.6271379109569e-06,2
2,125,5.71248597776478e-06,0.00467890468825168,3.71901240067132e-05,0.000271115684071779,4.28617455760242e-06,1
2,126,5.71134593057793e-06,0.00468489247192496,3.77898343687445e-05,0.000270082673680716,5.1770944339442e-06,1
2,127,5.71020440772255e-06,0.00469084742201598,3.71566677336817e-05,0.000269255631558013,2.11277456190644e-06,2
2,128,5.70906381674702e-06,0.00469685825384864,3.68984470958632e-05,0.000268035651552216,6.75260707261659e-06,1
2,129,5.70794492953906e-06,0.00470279277879731,3.72366355404327e-05,0.000267312877073547,1.83325991106223e-06,2
2,130,5.70681775230432e-06,0.00470874973179066,3.65698387757929e-05,0.00026627776581072,4.88189060304205e-06,1
2,131,5.70569627081407e-06,0.00471471205929773,3.75523344498577e-05,0.000265286189158907,6.63167578459251e-06,1
2,132,5.7045865709926e-06,0.00472063984451647,3.54895815039996e-05,0.000264719326222532,2.94223447530576e-06,2
2,133,5.70349091383464e-06,0.00472660113292662,3.45672078251256e-05,0.000263950988252236,1.71346764811221e-06,2
2,134,5.70241008805234e-06,0.00473262859669381,3.39308182664609e-05,0.000262912927788893,5.86022639424401e-06,1
2,135,5.70133400611435e-06,0.00473855429361162,3.41592442183498e-05,0.000262225180413502,1.53374091273561e-06,2
2,136,5.70024726845719e-06,0.00474452558545861,3.35090140084184e-05,0.000261251713661604,5.08325153289423e-06,1
2,137,5.69918579352422e-06,0.00475047656477842,3.39570931247216e-05,0.000260576664526838,1.29846603062077e-06,2
2,138,5.69812132774417e-06,0.0047564752905663,3.34509685990597e-05,0.000259598878202248,4.71763117244885e-06,1
2,139,5.69705494077475e-06,0.00476242843237662,3.536987723691e-05,0.00025863811647282,6.2765441707044e-06,1
2,140,5.69600860767405e-06,0.00476836990807807,3.42625136939298e-05,0.000257975027618866,2.56916412166194e-06,2
2,141,5.69497836543956e-06,0.00477439589041641,3.43790005040738e-05,0.000256934309977961,6.47384925117177e-06,1
2,142,5.69394308007115e-06,0.00478029661460531,3.51380005228063e-05,0.000256264290416493,1.92219325928186e-06,2
2,143,5.69289677501838e-06,0.00478623410926015,3.54988179330395e-05,0.000255221003446834,5.07879962624706e-06,1
2,144,5.69189745723505e-06,0.00479216225218894,3.77565565090097e-05,0.000254097411125035,6.70144579539164e-06,1
2,145,5.69093779042524e-06,0.00479804210868534,4.07875419439953e-05,0.000253002382912562,2.53703742334251e-06,2
2,146,5.68997189898651e-06,0.00480392743679874,4.28527675959692e-05,0.000252009015523862,1.52440962172366e-06,2
2,147,5.68897580289175e-06,0.00480985437666392,4.21336377373287e-05,0.000251047070353454,5.63727978945899e-06,1
2,148,5.68798491202189e-06,0.00481566142769354,4.10990063504806e-05,0.000250605042135453,1.31342714986921e-06,2
2,149,5.68697277195111e-06,0.00482148138009827,3.94146942959093e-05,0.000249874762584043,4.64493953157143e-06,1
2,150,5.68595728894871e-06,0.00482727768045398,3.97641793044893e-05,0.000249166770926004,6.31894727360174e-06,1
2,151,5.68495495880281e-06,0.0048330462802037,3.75235143844567e-05,0.000248788423182908,2.50675731386088e-06,2
2,152,5.68396270108769e-06,0.00483887760535117,3.63247169212732e-05,0.000248029899029646,6.04195460005756e-06,1
2,153,5.68297056567662e-06,0.00484458897450206,3.58267489996227e-05,0.000247607572644639,1.85268066850114e-06,2
2,154,5.68196505753876e-06,0.00485031162298939,3.49366563923341e-05,0.000246830727480792,4.7214759611332e-06,1
2,155,5.68099575443768e-06,0.00485602476114543,3.57925822022033e-05,0.0002460320862856,5.8978963350104e-06,1
2,156,5.68002494235462e-06,0.00486169280067309,3.50826020360065e-05,0.000245577051097496,2.33441454946959e-06,2
2,157,5.67905690923757e-06,0.00486736078905371,3.48002909931341e-05,0.000244950533535451,1.45127349308023e-06,2
2,158,5.67808358753627e-06,0.0048730608794334,3.43449109041367e-05,0.000244102258717783,5.41413706877331e-06,1
2,159,5.67714067288937e-06,0.00487867626039514,3.50170841050799e-05,0.000243545404826054,1.24339028414202e-06,2
2,160,5.67619949458354e-06,0.00488430336680108,3.59996668482008e-05,0.000242467076654879,4.58476903312758e-06,1
2,161,5.67527667838427e-06,0.00488991415703456,3.9972451566274e-05,0.000241359238725918,6.09227284099374e-06,1
2,162,5.67438845078026e-06,0.00489550798346408,4.16604015944255e-05,0.000240441468689624,2.3749772177991e-06,2
2,163,5.67352961903768e-06,0.0049011566218026,4.48742400729696e-05,0.000239086814224936,5.67095818313717e-06,1
2,164,5.67267673052747e-06,0.00490669534932591,4.76010942605166e-05,0.00023810467893705,1.70701354419397e-06,2
2,165,5.67179556128306e-06,0.00491222704825081,4.8511122173905e-05,0.00023695869797694,4.48315554026714e-06,1
2,166,5.6709284742111e-06,0.00491773812447364,4.92639980927218e-05,0.000235941434904758,5.46596253163204e-06,1
2,167,5.67004151003622e-06,0.00492320438719147,4.81183717436716e-05,0.000235267566391718,2.19439964977739e-06,2
2,168,5.66913947987361e-06,0.00492865705415868,4.67659437447812e-05,0.000234498191955445,1.43803032354106e-06,2
2,169,5.66821854728154e-06,0.00493413396648476,4.48615888688283e-05,0.000233546487305618,5.37241956305391e-06,1
2,170,5.66731277518307e-06,0.0049395324602765,4.35334268853013e-05,0.000232991283355262,1.28083928948265e-06,2
2,171,5.66639244869107e-06,0.00494494685546348,4.14338760092453e-05,0.000232053586278164,4.53428507500958e-06,1
2,172,5.66548986345984e-06,0.00495034987251288,4.13296607579944e-05,0.000231162514763471,6.22066768198132e-06,1
2,173,5.66461430497231e-06,0.00495573837357315,3.90592072751005e-05,0.00023061055674601,2.39424521114311e-06,2
2,174,5.66376233545118e-06,0.0049611942152842,3.81687911578359e-05,0.000229665430539702,5.45152043501117e-06,1
2,175,5.66292589750226e-06,0.00496654425169258,3.8162289565285e-05,0.000229028004986591,1.66097270648848e-06,2
2,176,5.66208985159288e-06,0.00497191482374211,3.78809554157653e-05,0.000228093401634224,4.24376402883237e-06,1
2,177,5.66129748778422e-06,0.00497728384587634,3.89645189643593e-05,0.000227223879716897,5.09035707351645e-06,1
2,178,5.66050881090612e-06,0.00498261727243111,3.90529566147305e-05,0.000226631205849582,2.05174562178237e-06,2
2,179,5.65971564204042e-06,0.00498795142784522,3.94310858873842e-05,0.000225912253838488,1.41221672501122e-06,2
2,180,5.65890991766078e-06,0.00499331917821624,3.95701855298905e-05,0.000224966897174157,5.36769505103484e-06,1
2,181,5.65812638456108e-06,0.00499860389499382,4.06988867946389e-05,0.000224399183341775,1.26901926054239e-06,2
2,182,5.65732399501079e-06,0.00500390153690806,4.0829046843154e-05,0.000223486942997357,4.72981214236578e-06,1
2,183,5.65653342907898e-06,0.00500918466437613,4.28600429739822e-05,0.000222656955864581,6.20284852745064e-06,1
2,184,5.65575723269892e-06,0.00501444645642678,4.25584743166086e-05,0.00022214058074383,2.35362037636543e-06,2
2,185,5.65498862939509e-06,0.00501977097859599,4.30821103832575e-05,0.000221246798876354,5.37056724547617e-06,1
2,186,5.65422782052194e-06,0.00502499051219736,4.41053027838827e-05,0.000220694601385696,1.61915932319187e-06,2
2,187,5.65344557050133e-06,0.00503022921094658,4.43689987447955e-05,0.000219831937273945,4.42101374815951e-06,1
2,188,5.65269428124043e-06,0.00503546802377757,4.56713569299561e-05,0.000219068784486688,4.95279792496784e-06,1
2,189,5.65195269609007e-06,0.00504066999360422,4.60577537056468e-05,0.000218520524679906,2.0134001622511e-06,2
2,190,5.65120296794781e-06,0.005045915339222,4.62775414432716e-05,0.000217507778321413,6.50705470426646e-06,1
2,191,5.65048475591327e-06,0.00505108817705159,4.73057236438423e-05,0.0002170884715725,1.83411546512061e-06,2
2,192,5.64974711825742e-06,0.00505627273535904,4.73064696170239e-05,0.00021612842526478,5.31179424177353e-06,1
2,193,5.6490389264197e-06,0.0050614443828052,4.91779378199801e-05,0.000215245712464702,6.37413224673512e-06,1
2,194,5.64836006608451e-06,0.005066573056844,4.91329206135166e-05,0.000214758507309781,2.86998404458141e-06,2
2,195,5.64770030571441e-06,0.00507170824985918,4.99027576222413e-05,0.000214036640062781,1.93709357151755e-06,2
2,196,5.64704039052545e-06,0.00507688295556585,5.03560166437955e-05,0.00021294048036229,6.5455579475295e-06,1
2,197,5.64640268035766e-06,0.00508193966894056,5.18396084105942e-05,0.000212460528049135,1.81661650123939e-06,2
2,198,5.64573581685188e-06,0.00508701117600209,5.22121279044232e-05,0.000211451156260003,5.75954326766389e-06,1
2,199,5.64512796882434e-06,0.0050920428668908,5.38802699715634e-05,0.000210993492528636,1.64507729295578e-06,2
2,200,5.64449908912641e-06,0.00509710120056554,5.42531151719906e-05,0.000209991792499988,5.74458819681822e-06,1
3,1,5.64993703885335e-06,0.0050405655174537,0.00106264140929419,0.000463750690130611,2.83905574639666e-06,5
3,2,5.65277233788509e-06,0.00500597192828841,0.00061079043597101,0.000384053131987047,5.72526762859663e-06,4
3,3,5.65374339409394e-06,0.00498200529141057,0.000420442756584427,0.000363086822337595,3.21914317339534e-06,4
3,4,5.65386491784077e-06,0.0049633805792284,0.000304232216012427,0.000351965192613154,6.67339891904359e-06,3
3,5,5.65366390915905e-06,0.00494768407725865,0.00023452713294375,0.000342067375917742,4.60339460793573e-06,3
3,6,5.65345673590799e-06,0.00493362562535941,0.000191962272678997,0.000331107716322094,3.42768606218582e-06,3
3,7,5.6533328809637e-06,0.00492049974767246,0.00016563757683668,0.000320433234819478,2.50127838069923e-06,3
3,8,5.65328615871349e-06,0.00490797808767073,0.000148092778084101,0.000310349079404387,5.64383518281062e-06,2
3,9,5.65331636158472e-06,0.00489583662397136,0.000135519407230985,0.000302388527532682,4.2592829890582e-06,2
3,10,5.65338210900518e-06,0.0048839633769216,0.000125171219128068,0.000295584167307979,3.27478998371372e-06,2
3,11,5.65345949657858e-06,0.0048723506188155,0.000115406151462982,0.000289886558773748,2.72323754426376e-06,2
3,12,5.65353715909087e-06,0.00486102732769925,0.000106570583437722,0.000285014088503103,2.4186871688926e-06,2
3,13,5.6536207197478e-06,0.00485003147774576,9.88055631111717e-05,0.000280817449902845,2.26802154247958e-06,2
3,14,5.65371340813372e-06,0.00483939085832598,9.17731056689762e-05,0.000276710907580946,6.42540061012333e-06,1
3,15,5.65383284314503e-06,0.00482910067107588,8.66251297858852e-05,0.000273778440137877,1.95096399959539e-06,2
3,16,5.65393956793007e-06,0.00481913553235527,8.13634530366914e-05,0.000270518734907008,5.03062425869568e-06,1
3,17,5.65408167987241e-06,0.00480950618907028,7.77350876953199e-05,0.000267705608718956,5.73404681342427e-06,1
3,18,5.65419916532932e-06,0.00480016072910347,7.46285615008266e-05,0.000265140886864545,2.39802945019968e-06,2
3,19,5.65427317458191e-06,0.00479103836161555,7.22263477140331e-05,0.000262087409145238,5.414357896484e-06,1
3,20,5.65436624923637e-06,0.00478216029617979,7.03061752014959e-05,0.000259766479966324,1.86962306574948e-06,2
3,21,5.6544375502108e-06,0.00477345335738134,6.81741918740949e-05,0.000257059934278976,4.62574751644891e-06,1
3,22,5.65449178942413e-06,0.00476489036872179,6.6892586091899e-05,0.000254637101482139,5.10574932525124e-06,1
3,23,5.65455754245102e-06,0.00475649021185137,6.59057892928667e-05,0.000252433022963313,1.88344645075091e-06,2
3,24,5.65460789952486e-06,0.00474821267883048,6.44325910192372e-05,0.00024974757789094,5.66586853467996e-06,1
3,25,5.65464588565095e-06,0.00474002243157569,6.33505798779099e-05,0.000247575899402223,6.01215908031891e-06,1
3,26,5.65468920604946e-06,0.00473194716637177,6.17377451476476e-05,0.000245847866631309,2.14124757965495e-06,2
3,27,5.65471615641745e-06,0.00472395291816595,5.98665721018654e-05,0.000243566656790784,6.47681680589214e-06,1
3,28,5.65475797775225e-06,0.00471604895935813,5.90272405139928e-05,0.000242029774146396,1.74153141890008e-06,2
3,29,5.65476838690813e-06,0.00470819606168806,5.7802161113604e-05,0.000239791600847143,5.48140789060682e-06,1
3,30,5.65482641610268e-06,0.00470047200848835,5.74141762127935e-05,0.000237820331300825,6.63038140640492e-06,1
3,31,5.6548720346931e-06,0.00469279993473064,5.66764980214506e-05,0.000236368024830191,2.34780256643007e-06,2
3,32,5.65492036585431e-06,0.00468520947330912,5.60704278829256e-05,0.000234650541542906,1.73914161397992e-06,2
3,33,5.65493698234151e-06,0.00467767613909013,5.49545168591426e-05,0.000232611574304611,5.98278367210158e-06,1
3,34,5.65501424929578e-06,0.00467026959851608,5.49259615880408e-05,0.000230879596241651,6.60706815164572e-06,1
3,35,5.65506247819055e-06,0.00466291029387006,5.43980211795919e-05,0.000229564121928375,1.97475455695189e-06,2
3,36,5.65507385038667e-06,0.00465561941818788,5.33775633265647e-05,0.000227684929686109,5.85587520175385e-06,1
3,37,5.65514659175687e-06,0.00464844856368238,5.30357214413581e-05,0.000226068301462942,6.74435786183325e-06,1
3,38,5.65520254979349e-06,0.00464132761503047,5.21554408699279e-05,0.000224981844235649,2.44699443335284e-06,2
3,39,5.65525817404697e-06,0.0046342702146297,5.12384900524176e-05,0.000223566420156199,1.75816870550884e-06,2
3,40,5.65528369761805e-06,0.00462726660325168,4.97683993038947e-05,0.00022181753045795,5.83625936468402e-06,1
3,41,5.65536078510808e-06,0.00462033945001617,4.91264384207913e-05,0.000220734721723815,1.44830845196852e-06,2
3,42,5.65542384275922e-06,0.00461348152900478,4.76994064006201e-05,0.000219091233896538,4.44426723252624e-06,1
3,43,5.65548862964359e-06,0.00460666106043883,4.69105008511499e-05,0.00021771053272128,4.70247226112696e-06,1
3,44,5.65557673779606e-06,0.00459992283190338,4.57044030557593e-05,0.000216610468205774,1.75685027721074e-06,2
3,45,5.65565053356519e-06,0.00459325522852524,4.40622246896267e-05,0.000215114302764406,5.28682667260639e-06,1
3,46,5.65574558826906e-06,0.00458662659567881,4.30635009898663e-05,0.000214223780791187,1.44949504656323e-06,2
3,47,5.65582099388382e-06,0.00458005796030596,4.22103729451725e-05,0.000212388911076577,4.12886468814344e-06,1
3,48,5.65593253125835e-06,0.00457354459169665,4.14959672649429e-05,0.000210953826340827,4.96934950779898e-06,1
3,49,5.65604201316642e-06,0.00456706601318215,4.00778706841094e-05,0.000209997696210758,1.95629578951933e-06,2
3,50,5.65612241524381e-06,0.00456063023058162,3.88767337098953e-05,0.00020862536687178,5.72889710842663e-06,1
3,51,5.65623696718474e-06,0.00455424038127383,3.84259393901928e-05,0.000207895337879732,1.73552730570633e-06,2
3,52,5.65634339765722e-06,0.0045479008682914,3.75097122452036e-05,0.000206619710812072,4.77877292507326e-06,1
3,53,5.65643264885371e-06,0.00454155909300344,3.78314023189687e-05,0.000205414524184962,6.35191673153486e-06,1
3,54,5.65653356127508e-06,0.00453526079707598,3.66977292956474e-05,0.000204858552140809,2.37734978229984e-06,2
3,55,5.65661674277447e-06,0.00452900904573237,3.58869918959779e-05,0.000203582751936592,6.71511795522094e-06,1
3,56,5.65669528787271e-06,0.00452274521435404,3.54929478965491e-05,0.000203125469651454,1.77129204173287e-06,2
3,57,5.65675164504611e-06,0.00451650162149855,3.47176960144938e-05,0.000202040413502688,4.81815632955988e-06,1
3,58,5.65681505147209e-06,0.00451028752919703,3.43000513221822e-05,0.000201434282582932,1.67943494437053e-06,2
3,59,5.65686726220364e-06,0.00450410448768277,3.33780492689538e-05,0.000200388650380337,4.8608120734101e-06,1
3,60,5.65689689846947e-06,0.0044979100667376,3.36753361907424e-05,0.000199338158502733,6.61339337081956e-06,1
3,61,5.65693378919064e-06,0.00449175586085996,3.25658576365505e-05,0.000198904836961353,2.38140459065028e-06,2
3,62,5.65696390544188e-06,0.00448563554316544,3.17961189603609e-05,0.000197730128465458,6.77462184124143e-06,1
3,63,5.65698938828998e-06,0.00447950531493219,3.14308550180356e-05,0.000197358085423836,1.91650291330154e-06,2
3,64,5.65700587325894e-06,0.00447337991403453,3.08231127332434e-05,0.000196301960249133,5.24884501643761e-06,1
3,65,5.65703338282209e-06,0.00446729663381097,3.05700049403469e-05,0.000195803417997082,1.85936370139158e-06,2
3,66,5.65706745828385e-06,0.00446124143401311,2.98881740473994e-05,0.000194740210466624,5.42493030874175e-06,1
3,67,5.65709782673377e-06,0.00445519322695785,2.99543871242585e-05,0.000194244158177328,1.63950782648988e-06,2
3,68,5.65712464167225e-06,0.00444914592465105,2.97110723881175e-05,0.00019317412783684,5.00035834438505e-06,1
3,69,5.65716798998103e-06,0.0044431507528926,3.00849301375192e-05,0.000192598448313755,1.6317367304768e-06,2
3,70,5.65722040582189e-06,0.00443718000351006,3.00742117699007e-05,0.000191290156388579,4.86601883184738e-06,1
3,71,5.65726567877132e-06,0.00443120967066031,3.26903330935962e-05,0.00018964717127295,6.64360113887211e-06,1
3,72,5.65732509451848e-06,0.00442527983699613,3.10959481054495e-05,0.000189135558905899,2.53655878650707e-06,2
3,73,5.65737941079796e-06,0.00441936798197432,3.06075281057069e-05,0.000188426465765437,1.22400539147323e-06,2
3,74,5.65743193560392e-06,0.0044134854480351,3.04855789826636e-05,0.000187504217531114,4.2924623671212e-06,1
3,75,5.65749552969894e-06,0.00440761162582597,3.13166867000708e-05,0.000186568464354966,5.49320599850239e-06,1
3,76,5.65755753243966e-06,0.00440179560796488,3.09630987801484e-05,0.000186025842046424,1.7943708130092e-06,2
3,77,5.65760901577346e-06,0.0043960045039044,3.10056552241565e-05,0.000184993613054298,5.18450163199363e-06,1
3,78,5.65767406565401e-06,0.00439023378508606,3.11219443657658e-05,0.000184471291634666,1.45200932119134e-06,2
3,79,5.65773681290885e-06,0.00438445722419037,3.11148768849139e-05,0.000183591226167159,3.13116435576722e-06,1
3,80,5.65780167783584e-06,0.00437874644658624,3.1454351641608e-05,0.000182616326599647,5.24582735366165e-06,1
3,81,5.65786533166371e-06,0.00437304715540248,3.0870271036541e-05,0.000182178393761807,1.8032820679064e-06,2
3,82,5.65791926725417e-06,0.00436733793124764,3.06439337306207e-05,0.00018128057098555,4.33488465995712e-06,1
3,83,5.65797978002924e-06,0.00436168375075982,3.05225916539138e-05,0.000180750017735769,1.43296233750203e-06,2
3,84,5.65803756586881e-06,0.00435604930189898,3.00316369863939e-05,0.000179860047375406,4.35805696314166e-06,1
3,85,5.65808609743734e-06,0.00435041197775841,3.0828616838033e-05,0.000178928564328463,6.05494956657887e-06,1
3,86,5.65813682618785e-06,0.00434482267532089,2.96941196893311e-05,0.000178594785887184,2.32690757822714e-06,2
3,87,5.65816986094761e-06,0.00433926856381178,2.9328270906567e-05,0.000177601044993796,6.16811657794243e-06,1
3,88,5.6582073471156e-06,0.00433371279513401,2.91760692343368e-05,0.000177173548578563,1.79231162751739e-06,2
3,89,5.65823963939512e-06,0.00432815304241281,2.89038467660203e-05,0.000176259082666424,4.05147528455926e-06,1
3,90,5.65826910835813e-06,0.00432266755035562,2.95160863857266e-05,0.000175173122849355,6.85934866009772e-06,1
3,91,5.65829176516083e-06,0.00431717588503179,2.81851503788044e-05,0.000175050907947497,2.56907252549782e-06,2
3,92,5.65830053265835e-06,0.00431167918751197,2.79341822339804e-05,0.000174091315042283,6.15079793541318e-06,1
3,93,5.65831414965834e-06,0.00430623129089479,2.7470154279199e-05,0.000173836403564432,2.0688423489319e-06,2
3,94,5.65832526084822e-06,0.00430081148984591,2.67083599936902e-05,0.000172921798147181,5.45705440224541e-06,1
3,95,5.65832505201768e-06,0.00429539417224221,2.59800009312942e-05,0.000172662091401956,1.79729776288841e-06,2
3,96,5.65831450795835e-06,0.0042899717521531,2.4924475092268e-05,0.000171821013149026,4.97221048033647e-06,1
3,97,5.65830989225943e-06,0.00428459788057773,2.42592345623912e-05,0.000171455089395743,1.64169913833049e-06,2
3,98,5.65830951451318e-06,0.00427924988328941,2.32950465692449e-05,0.000170575052579315,4.62594208751311e-06,1
3,99,5.65830324733591e-06,0.00427389355162439,2.44719888200598e-05,0.000169559197654584,6.61376224793888e-06,1
3,100,5.658312139171e-06,0.00426857900645757,2.2878508430019e-05,0.000169340141634061,2.51911032446704e-06,2
3,101,5.6583285002296e-06,0.00426331420821996,2.32657185754471e-05,0.00016820440233323,6.59846838304482e-06,1
3,102,5.65835903194318e-06,0.00425802849227562,2.36876820640272e-05,0.000167899698348361,1.83993363548128e-06,2
3,103,5.65839350572738e-06,0.00425274278529569,2.38036003291045e-05,0.000166950187741804,4.62871647912229e-06,1
3,104,5.65843541583011e-06,0.00424750897604752,2.38621031855436e-05,0.000166463794177673,1.67227282115811e-06,2
3,105,5.65848535661352e-06,0.00424230948289556,2.39622960005069e-05,0.000165457749002622,4.62928980484729e-06,1
3,106,5.65853345370992e-06,0.00423710406836341,2.43777723508696e-05,0.000164938621561125,1.41900979524402e-06,2
3,107,5.65856775935538e-06,0.00423189851330141,2.3295025362697e-05,0.000164182532001218,4.06498232194818e-06,1
3,108,5.65861820819479e-06,0.00422677440095131,2.36179436565007e-05,0.000163281639272985,6.67703745038236e-06,1
3,109,5.65865981219559e-06,0.0042216306116823,2.17656630507519e-05,0.000163157530579679,2.55132556230998e-06,2
3,110,5.65868728215869e-06,0.00421649427094825,2.13632390960745e-05,0.000162297174161112,6.1995599272736e-06,1
3,111,5.65873625034698e-06,0.00421141003835596,2.06215721427223e-05,0.000162166125982246,2.24083350309272e-06,2
3,112,5.65879844230061e-06,0.0042063625153092,2.0063809013132e-05,0.000161350297863058,5.41549657581046e-06,1
3,113,5.65884889101261e-06,0.00420131032214555,1.95533067718032e-05,0.000161165527428317,1.96229152003844e-06,2
3,114,5.65888773122009e-06,0.00419625789726544,1.89298809266187e-05,0.000160325126900039,5.95951151058337e-06,1
3,115,5.65894601806824e-06,0.00419126038004833,1.8921511072367e-05,0.000160188157217531,1.8678668813665e-06,2
3,116,5.65901457942771e-06,0.00418629494689014,1.8448775050411e-05,0.000159396148316274,4.98637943427374e-06,1
3,117,5.65907015427827e-06,0.00418132961750785,1.83543016440249e-05,0.000159206427658154,1.61554371333423e-06,2
3,118,5.65911576400168e-06,0.00417635631909999,1.77830976023286e-05,0.00015847793953352,4.93948145301097e-06,1
3,119,5.65917561747293e-06,0.0041714422185753,1.8004549170067e-05,0.000158234093371777,1.4769872239155e-06,2
3,120,5.65924186098244e-06,0.00416655806161224,1.75250410916209e-05,0.000157526255726343,4.34566702326556e-06,1
3,121,5.6592883814742e-06,0.00416166195612097,1.94477107193174e-05,0.000156723314933369,6.32048457137104e-06,1
3,122,5.65934745767621e-06,0.00415680942548452,1.7371905254225e-05,0.00015671206249274,2.34436524620919e-06,2
3,123,5.65940351007827e-06,0.00415200930825505,1.73036545955598e-05,0.000155924558948644,6.07833046840553e-06,1
3,124,5.65945291700206e-06,0.00414719154380283,1.69871022035936e-05,0.000155882795085745,1.67961768130995e-06,2
3,125,5.65950069792972e-06,0.00414237502015368,1.6711217771103e-05,0.00015522860142641,4.13680422038227e-06,1
3,126,5.65956098807943e-06,0.00413765000851733,1.84271723806804e-05,0.000154407795513441,6.28673624459034e-06,1
3,127,5.65961292859542e-06,0.0041329023752697,1.65165895289495e-05,0.00015448836407554,2.31601390647099e-06,2
3,128,5.65964702566148e-06,0.00412814069637102,1.59879279689173e-05,0.000153672399449788,6.62698882283029e-06,1
3,129,5.65970314430739e-06,0.00412344938081315,1.61470846010813e-05,0.00015370415031834,1.87029306046549e-06,2
3,130,5.65977108655353e-06,0.00411879176711017,1.55188250034112e-05,0.000152964324747158,5.30325759809136e-06,1
3,131,5.65982528878508e-06,0.00411412592144823,1.57140360784581e-05,0.000152743442100343,1.62259013801835e-06,2
3,132,5.65987508965622e-06,0.00410945389972764,1.6348600543934e-05,0.000151725177637295,4.88580618799457e-06,1
3,133,5.65994233125804e-06,0.00410483393995463,1.58467751842377e-05,0.00015149613058023,1.55225702897298e-06,2
3,134,5.6600215298635e-06,0.00410024635421643,1.48869511092135e-05,0.000150825356564608,4.50784513052839e-06,1
3,135,5.66007942083428e-06,0.00409564458291835,1.7461298233166e-05,0.000150055729792924,6.5434489347154e-06,1
3,136,5.66015668370342e-06,0.0040910893905934,1.5097104951332e-05,0.000150093769239764,2.43792954736111e-06,2
3,137,5.660235900469e-06,0.00408658425795965,1.52099717244889e-05,0.000149317709686901,6.21860189360156e-06,1
3,138,5.66030909263404e-06,0.00408206123863613,1.49588736134912e-05,0.000149349751759901,1.76506059967708e-06,2
3,139,5.66038261008411e-06,0.00407754131558575,1.46974242252223e-05,0.00014872464934647,4.28498971297966e-06,1
3,140,5.66047250885113e-06,0.00407311011398861,1.70635841904243e-05,0.000147921052498967,6.41456028259372e-06,1
3,141,5.66055572336641e-06,0.00406865560687632,1.51073567208518e-05,0.000148079272969545,2.32467830615361e-06,2
3,142,5.66062196524135e-06,0.00406418736794137,1.47776848805321e-05,0.000147247639508199,6.82425049667275e-06,1
3,143,5.66070935722103e-06,0.00405978430274566,1.54571362069995e-05,0.000147332644396796,1.88964838106533e-06,2
3,144,5.66080662864934e-06,0.00405541494649271,1.50185194487008e-05,0.00014654707936734,5.53989167766916e-06,1
3,145,5.66088455562112e-06,0.0040510292820153,1.53626062921294e-05,0.000146543281118158,1.63955792993587e-06,2
3,146,5.66095244342166e-06,0.00404663978273596,1.44696874222426e-05,0.000145896519405117,4.93884212588921e-06,1
3,147,5.66102830284496e-06,0.00404229934573074,1.47378463881904e-05,0.00014580453280129,1.5893109140537e-06,2
3,148,5.66111052307101e-06,0.00403799218344534,1.37233597419466e-05,0.000145165890126089,4.69451629518553e-06,1
3,149,5.6611664287784e-06,0.00403366335768802,1.65236256177031e-05,0.00014441927607183,6.78729325932773e-06,1
3,150,5.66123666290718e-06,0.00402937305790156,1.33050859772844e-05,0.000144550098808792,2.54923925837794e-06,2
3,151,5.66130127555048e-06,0.00402512765848726,1.32610562634187e-05,0.000143779451557888,6.38468885969324e-06,1
3,152,5.66135831880624e-06,0.00402085882054034,1.27273793160333e-05,0.000143868705193066,1.85103411217681e-06,2
3,153,5.6614127914133e-06,0.00401659185747803,1.22003790457198e-05,0.00014327434982876,4.26430679796442e-06,1
3,154,5.66147489939166e-06,0.00401240354571902,1.45154447494779e-05,0.000142488988654757,6.50204958484227e-06,1
3,155,5.66153039468246e-06,0.00400819097467543,1.14054745382886e-05,0.000142769676393881,2.14886971707923e-06,2
3,156,5.66157027216675e-06,0.00400396151354016,1.02656934125015e-05,0.000142062116373812,6.2166711847142e-06,1
3,157,5.66162662038157e-06,0.00399979240415053,1.07345037714806e-05,0.000142130305481564,1.70013381110073e-06,2
3,158,5.66169386592412e-06,0.0039956565200724,9.6122715511154e-06,0.000141446754761295,5.25884368710701e-06,1
3,159,5.66174763438249e-06,0.00399150319911696,1.00598329077022e-05,0.000141445552850836,1.50501673282909e-06,2
3,160,5.66179991803286e-06,0.00398734914557465,9.02665909211762e-06,0.000140849430807969,4.59916689299868e-06,1
3,161,5.66186350727168e-06,0.00398323698265899,1.16450430531698e-05,0.00014039669237155,1.48966840750724e-06,2
3,162,5.66194059146151e-06,0.00397914772986599,9.99971713165721e-06,0.000139634556012408,4.45545951334762e-06,1
3,163,5.66200180299632e-06,0.00397503597884842,1.34890858425276e-05,0.000138878143423931,6.44916011440065e-06,1
3,164,5.66208044011178e-06,0.0039709664664666,9.72011637873066e-06,0.000139016584823352,2.41793808718127e-06,2
3,165,5.66215472971543e-06,0.00396694146071633,9.59776700933722e-06,0.000138373794046834,6.00789313999663e-06,1
3,166,5.66223145178428e-06,0.00396289741354239,9.11320447064992e-06,0.000138494399316086,1.75347264266223e-06,2
3,167,5.66231183787313e-06,0.00395885679599653,9.0510672131567e-06,0.000137986611815619,3.9098242368508e-06,1
3,168,5.66239547048147e-06,0.00395488607982576,1.20433407369734e-05,0.000137265525894994,6.09696524564045e-06,1
3,169,5.66247943924353e-06,0.00395089182003035,9.30166202251928e-06,0.000137502045065998,1.94798202976177e-06,2
3,170,5.66255464212831e-06,0.00394687919226625,8.83997446956719e-06,0.000136902716862811,5.40866426751427e-06,1
3,171,5.66263884661554e-06,0.00394291813673849,9.74711437393102e-06,0.00013689822100227,1.50105001681896e-06,2
3,172,5.66273143651923e-06,0.00393898504267603,9.16516704246689e-06,0.000136307246629133,4.75019495547499e-06,1
3,173,5.66281205927951e-06,0.00393503379259229,9.86684200352729e-06,0.000136283652899604,1.34761354966063e-06,2
3,174,5.66289134373904e-06,0.00393107974461626,9.33904189726479e-06,0.000135782037064774,4.10515083025245e-06,1
3,175,5.66298595797993e-06,0.00392720147811521,1.2790182661483e-05,0.000135155252609155,6.34065509376475e-06,1
3,176,5.6630705613357e-06,0.00392328656836847,1.02060893431597e-05,0.000135227555583657,2.60919563351587e-06,2
3,177,5.66313286977487e-06,0.00391937468706379,1.10079119319618e-05,0.000134583532912304,6.13951468756255e-06,1
3,178,5.66321708849621e-06,0.00391550064751632,1.08473935188026e-05,0.000134679716158232,2.13114699704995e-06,2
3,179,5.6633095032898e-06,0.00391166212262964,1.10937994281696e-05,0.000134096840163118,5.11657164333076e-06,1
3,180,5.66338597406485e-06,0.00390779794897682,1.10717481086576e-05,0.000134101711400781,1.88721686778606e-06,2
3,181,5.66344731291776e-06,0.00390393033033165,1.07837591577367e-05,0.000133487098999262,5.64301070104059e-06,1
3,182,5.6635245960277e-06,0.00390010034046962,1.13227910843255e-05,0.000133543587490293,1.72988475054796e-06,2
3,183,5.66360770337914e-06,0.00389630002529134,1.10135336727539e-05,0.000132989852940461,4.74811178141735e-06,1
3,184,5.6636770784206e-06,0.0038924786293163,1.11895129879418e-05,0.000133000553414688,1.52085503279458e-06,2
3,185,5.66373768291169e-06,0.00388864916971353,1.07550447794272e-05,0.00013250983786571,4.50887545485782e-06,1
3,186,5.6638073840722e-06,0.00388485791045299,1.13343713084642e-05,0.000132455218780843,1.38957902237533e-06,2
3,187,5.66388133744031e-06,0.00388109311873251,1.09504454746672e-05,0.000131965858439984,4.14019501733307e-06,1
3,188,5.66394002118606e-06,0.00387729597045366,1.38799472029247e-05,0.000131279407832947,6.09041838405788e-06,1
3,189,5.6640082384991e-06,0.00387353565289318,1.20928976632147e-05,0.000131347000821155,2.19577146682142e-06,2
3,190,5.66406718843262e-06,0.0038698147872954,1.21287199389174e-05,0.00013068842716054,5.89667833406255e-06,1
3,191,5.6641274326066e-06,0.00386605891306073,1.1877969676969e-05,0.000130837406972412,1.69517519935799e-06,2
3,192,5.66419115227154e-06,0.00386229895218531,1.19237855679251e-05,0.000130321407463104,3.99559934476453e-06,1
3,193,5.66425433852545e-06,0.00385862140093062,1.46327839537342e-05,0.000129600299461715,6.23537250667174e-06,1
3,194,5.66431861872317e-06,0.00385490407999589,1.2370583465449e-05,0.00012987453413781,2.34207934598027e-06,2
3,195,5.66436440564565e-06,0.00385116690283854,1.23941660768713e-05,0.000129274034237917,6.03406453422198e-06,1
3,196,5.6644277382986e-06,0.00384748414375368,1.29679910874508e-05,0.000129372382250511,1.70300483163331e-06,2
3,197,5.66449735983457e-06,0.00384383130397357,1.28788586456002e-05,0.000128798156738116,4.9540055468295e-06,1
3,198,5.66455538521117e-06,0.0038401500811366,1.3082677394784e-05,0.000128828265302773,1.53656056474774e-06,2
3,199,5.66460760113818e-06,0.00383645781087052,1.28581630956084e-05,0.000128319817631738,4.47558507197425e-06,1
3,200,5.66466811626755e-06,0.00383280789967525,1.34206692255072e-05,0.000128239385265399,1.43645222545812e-06,2
4,1,5.67108841772699e-06,0.003797828313594,0.000890607916344548,0.000340603843875733,2.37512690245595e-06,5
4,2,5.67395016081177e-06,0.0037728308206172,0.000486771054025705,0.000287902568490322,4.61103221670151e-06,4
4,3,5.67528808590822e-06,0.00375204542844423,0.000315275923845997,0.000276555459633979,2.19281241066724e-06,4
4,4,5.67630424291587e-06,0.00373341030958142,0.000213256332332227,0.000270651869786454,4.48847718388446e-06,3
4,5,5.67714877289324e-06,0.00371616543920976,0.000154793356580574,0.000264199634332262,2.77002549075499e-06,3
4,6,5.6778861951507e-06,0.00369980194139785,0.000121495450616322,0.000256681602687406,6.63522061876715e-06,2
4,7,5.67870150721884e-06,0.00368407284376045,0.000104315933183502,0.000250209500512257,4.30611587783643e-06,2
4,8,5.67958783584546e-06,0.00366874182663767,9.52869285507578e-05,0.000244266603154938,3.54861938958126e-06,2
4,9,5.68052465114317e-06,0.00365369264797027,8.94178495161415e-05,0.000239223435282038,2.91968454687227e-06,2
4,10,5.6814968625994e-06,0.00363887797606083,8.40856766695653e-05,0.000235002632340466,2.52335206561203e-06,2
4,11,5.68249953014771e-06,0.00362428846716165,7.8850547386194e-05,0.000231504262269637,2.62509904635716e-06,2
4,12,5.68352544972865e-06,0.00360992066447122,7.37412215355586e-05,0.000228618976948817,2.62084904936913e-06,2
4,13,5.68456081275325e-06,0.00359578288035379,6.93870583222314e-05,0.000226121956714958,2.45661329284688e-06,2
4,14,5.68559415862824e-06,0.00358188542165657,6.56260468678125e-05,0.000223892733041125,2.33775612876428e-06,2
4,15,5.68661949613729e-06,0.00356823009595679,6.24589132402329e-05,0.000221863637170214,2.23287013571539e-06,2
4,16,5.68764087771563e-06,0.00355480644629317,5.98927882289702e-05,0.000220002670472801,2.1406764084031e-06,2
4,17,5.68865805826515e-06,0.00354160077804972,5.80382365763518e-05,0.000218239002789631,2.06086016576198e-06,2
4,18,5.6896682635478e-06,0.00352859824213502,5.6892374057874e-05,0.00021653186190122,1.99180587773391e-06,2
4,19,5.69066469312719e-06,0.00351578061995041,5.6291848030044e-05,0.000214900007355816,1.93095081038415e-06,2
4,20,5.69164129878186e-06,0.00350313258502382,5.61176916908554e-05,0.000213338559985706,1.87904246863757e-06,2
4,21,5.69259527586212e-06,0.00349064218707706,5.62035888727641e-05,0.000211796089422163,1.83469240380665e-06,2
4,22,5.69352096128645e-06,0.00347829745652986,5.63019939259576e-05,0.00021038060540795,1.79701100177917e-06,2
4,23,5.69441715788321e-06,0.00346608842752065,5.63651227336852e-05,0.000209084738016618,1.76392307761344e-06,2
4,24,5.69528284744469e-06,0.00345400770381224,5.63915307500543e-05,0.000207867641077919,1.7354723844966e-06,2
4,25,5.69611823489724e-06,0.00344204897531883,5.6388905880288e-05,0.000206700437334009,1.71078183008498e-06,2
4,26,5.69692401790909e-06,0.00343020618989276,5.62522389752677e-05,0.000205598036863586,1.68959382904981e-06,2
4,27,5.69770163991792e-06,0.00341847351551044,5.5990369903243e-05,0.000204555070566083,1.67090803893795e-06,2
4,28,5.69845371421389e-06,0.00340684731778296,5.5590185186817e-05,0.00020355521440639,1.65419350759568e-06,2
4,29,5.69918376824529e-06,0.00339532476937078,5.51071459543454e-05,0.000202578924234587,1.63963395573639e-06,2
4,30,5.69989590547466e-06,0.00338390447165905,5.45715059187053e-05,0.000201632805586266,1.62777385483786e-06,2
4,31,5.70059396469982e-06,0.00337258588938437,5.40204979052119e-05,0.000200701393063324,1.61788907867865e-06,2
4,32,5.7012808121726e-06,0.00336136913602095,5.34898961411243e-05,0.000199783873806968,1.60970784296908e-06,2
4,33,5.70196354767683e-06,0.00335025547946288,5.30280790326559e-05,0.000198862124501092,1.60300890546926e-06,2
4,34,5.70264624839716e-06,0.00333924672079897,5.27496632939073e-05,0.000197917073088014,1.59809337453464e-06,2
4,35,5.7033244864656e-06,0.0033283428064409,5.24187769551481e-05,0.000196982793826178,1.59507821241554e-06,2
4,36,5.70399826110242e-06,0.00331754380768304,5.1931151537008e-05,0.000196113802694089,1.59301752280693e-06,2
4,37,5.70466869436404e-06,0.00330685229150779,5.14464801198383e-05,0.000195266778301033,1.59165713172219e-06,2
4,38,5.70533613093592e-06,0.00329627130141281,5.10027667032017e-05,0.000194417927045107,1.59169448934883e-06,2
4,39,5.70600075785024e-06,0.00328580101314412,5.05771720191056e-05,0.000193562449780796,1.59220689583241e-06,2
4,40,5.70666278380092e-06,0.00327544115967729,5.01434502304092e-05,0.000192702184270277,1.59296658185698e-06,2
4,41,5.70732143124466e-06,0.00326519075076355,4.96207727933489e-05,0.000191863232022653,1.59352756633675e-06,2
4,42,5.70797580130241e-06,0.00325504852501632,4.88967525598813e-05,0.000191069479185312,1.59399269472655e-06,2
4,43,5.70862565018919e-06,0.00324501265025771,4.80018200156616e-05,0.000190315165335178,1.59515328043621e-06,2
4,44,5.70927115994163e-06,0.00323508079860505,4.69957970161791e-05,0.000189563276549948,1.59726634456109e-06,2
4,45,5.70991338496774e-06,0.0032252500712551,4.59642983464956e-05,0.000188796953347234,1.59886778922788e-06,2
4,46,5.71055244107162e-06,0.00321551847712177,4.47479299211721e-05,0.000188090015277665,1.6002664619993e-06,2
4,47,5.71118817066821e-06,0.0032058847098333,4.34375819738744e-05,0.000187421218059989,1.5988483501451e-06,2
4,48,5.71182014387072e-06,0.00319634534756233,4.21085599526612e-05,0.00018676977403417,1.59596769740267e-06,2
4,49,5.71244874632211e-06,0.00318689714535184,4.07832857628273e-05,0.000186125615542185,1.59105425161782e-06,2
4,50,5.71307436210355e-06,0.00317753671333201,3.94661515643057e-05,0.000185490819339227,1.58387930373435e-06,2
4,51,5.71369690077049e-06,0.00316826104807756,3.81759535327923e-05,0.000184867825109902,1.57491196274901e-06,2
4,52,5.71431557636192e-06,0.00315906690086246,3.69004435797647e-05,0.000184259440664936,1.56374614119399e-06,2
4,53,5.7149290846496e-06,0.00314995171032163,3.56441416935718e-05,0.000183662596281383,1.55089222448378e-06,2
4,54,5.71553707025834e-06,0.00314091168868933,3.44087977206394e-05,0.000183077207351057,1.53689103338627e-06,2
4,55,5.71613902821157e-06,0.00313194416798196,3.31933382651451e-05,0.000182505020306368,1.52193122626978e-06,2
4,56,5.71673451612118e-06,0.00312304628337982,3.20095444818646e-05,0.000181944095142595,1.50645508841587e-06,2
4,57,5.71732311731529e-06,0.00311421608959156,3.08456837711602e-05,0.000181394734995598,1.49060227598246e-06,2
4,58,5.71790442616072e-06,0.00310545117245661,2.97126968568823e-05,0.000180855253760576,1.47430594804932e-06,2
4,59,5.71847807329504e-06,0.00309674937305206,2.86145803531013e-05,0.000180323648106176,1.45702882472229e-06,2
4,60,5.71904327046882e-06,0.0030881079746048,2.75318730583426e-05,0.000179802629913755,1.43933414423754e-06,2
4,61,5.7195998704289e-06,0.00307952474753987,2.64672423119734e-05,0.000179291585551395,1.42135208826378e-06,2
4,62,5.72014798795021e-06,0.00307099775990409,2.54235087044195e-05,0.000178789665718583,1.4032869882896e-06,2
4,63,5.72068792959433e-06,0.00306252466034465,2.440303050219e-05,0.000178296061940631,1.38525053161509e-06,2
4,64,5.72122145602916e-06,0.00305410345828293,2.34299515436397e-05,0.00017780287048981,1.36739058397468e-06,2
4,65,5.72175139415517e-06,0.00304573182234727,2.25661352566072e-05,0.000177290071660369,1.34964637874126e-06,2
4,66,5.72227565249223e-06,0.00303740470742722,2.17121374283445e-05,0.000176795496305637,1.33230256269924e-06,2
4,67,5.72278756876288e-06,0.00302913545364616,1.96769068755727e-05,0.000175973071681495,6.87780906486126e-06,1
4,68,5.72330969107594e-06,0.00302087823041296,2.13457408080886e-05,0.00017587592332207,1.1516696325078e-06,2
4,69,5.72383523394746e-06,0.00301270886277899,1.98472816272653e-05,0.000175358196389158,1.4852096932165e-06,2
4,70,5.72436057282752e-06,0.00300456346417632,1.90291557994233e-05,0.000174887661851781,1.26710146444677e-06,2
4,71,5.72488871191828e-06,0.00299645387796833,1.84080535004619e-05,0.00017440004647037,1.27158955407804e-06,2
4,72,5.72541087127255e-06,0.00298838843730144,1.67842511442166e-05,0.000173575034482728,6.74216897956231e-06,1
4,73,5.72594464620728e-06,0.0029803404650333,1.91344911166755e-05,0.000173455081001043,1.10852206970645e-06,2
4,74,5.72648226261597e-06,0.00297237327090199,1.81302253183602e-05,0.00017293332185272,1.4052606294056e-06,2
4,75,5.72701641511597e-06,0.00296442520434835,1.77303938457562e-05,0.000172458926212171,1.19933474859159e-06,2
4,76,5.72754183556294e-06,0.00295651268968372,1.62647760122327e-05,0.000171640224607546,6.55607990753562e-06,1
4,77,5.72807593814935e-06,0.00294862175018428,1.88393972605952e-05,0.000171489692601951,1.0564889998488e-06,2
4,78,5.72861308097308e-06,0.00294081228561216,1.81824934518971e-05,0.000170947853312352,1.36884625370381e-06,2
4,79,5.72914258357961e-06,0.00293302120552106,1.78928031089995e-05,0.000170471594398026,1.14715829188982e-06,2
4,80,5.72965628306432e-06,0.00292526240981843,1.62505608273491e-05,0.000169689192895162,6.26989710391843e-06,1
4,81,5.73017233931373e-06,0.00291752573429894,1.80753015269851e-05,0.000169542694954743,1.01191069875782e-06,2
4,82,5.73068701057147e-06,0.00290986498081213,1.67536178230076e-05,0.000169036773018825,1.30803377241268e-06,2
4,83,5.73118683289136e-06,0.00290222123455455,1.48029224247674e-05,0.000168212274421504,6.81216229323574e-06,1
4,84,5.73168745980332e-06,0.00289458243212344,1.68344679862681e-05,0.000168128127546825,1.08208853632878e-06,2
4,85,5.73218982081223e-06,0.00288701792197697,1.55882665006216e-05,0.000167642355792904,1.25121536207929e-06,2
4,86,5.73267819372255e-06,0.00287946511556071,1.35705162534262e-05,0.000166841694142087,6.72847344566793e-06,1
4,87,5.73316856544508e-06,0.00287191283926606,1.57522638837651e-05,0.000166772909706888,1.04821002870305e-06,2
4,88,5.73366147332668e-06,0.00286443328190847,1.44409112132703e-05,0.00016630903921166,1.22295235659645e-06,2
4,89,5.7341408398563e-06,0.00285696188002034,1.2439602901502e-05,0.000165543786923171,6.54542978138004e-06,1
4,90,5.73462194548417e-06,0.00284949331316305,1.47264301495769e-05,0.000165470421886629,1.01380515353971e-06,2
4,91,5.73510560093327e-06,0.00284209554505894,1.35604856898274e-05,0.000165021060018408,1.17266939908345e-06,2
4,92,5.73557571747175e-06,0.00283470426321386,1.1625191136288e-05,0.000164296936728286,6.33415239091335e-06,1
4,93,5.73604801362139e-06,0.00282731588210048,1.39507316912147e-05,0.000164234003000637,9.75413297648696e-07,2
4,94,5.73652214524528e-06,0.00282002764811749,1.10408850509367e-05,0.000163432544991127,6.69300049145848e-06,1
4,95,5.73698660526731e-06,0.00281267038936262,1.39677588594985e-05,0.000163459757994452,1.11850358548952e-06,2
4,96,5.73745711092274e-06,0.00280539974885511,1.24911743056245e-05,0.000163060605441618,1.2146692167946e-06,2
4,97,5.73791316635173e-06,0.00279812763673453,1.03837175263178e-05,0.00016236605473714,6.45055505797975e-06,1
4,98,5.73837270602312e-06,0.00279086243069011,1.28737805362458e-05,0.000162336466290801,9.82123666642845e-07,2
4,99,5.73883559748663e-06,0.00278369175251613,9.95799453404973e-06,0.000161540356061617,6.62806438628125e-06,1
4,100,5.73928629687063e-06,0.00277645367706678,1.29800210468317e-05,0.000161568100200529,1.07991111208074e-06,2
4,101,5.73974167762747e-06,0.00276933240047238,9.600395326526e-06,0.000160776168845574,6.71249112157564e-06,1
4,102,5.74018871934949e-06,0.00276214360189694,1.28895566543237e-05,0.000160835466611463,1.23896642804161e-06,2
4,103,5.74064355326015e-06,0.00275507404240718,9.39372178218535e-06,0.00016002496585466,6.8563832769293e-06,1
4,104,5.74108810777466e-06,0.00274793487409259,1.27858731240373e-05,0.000160115622109617,1.30028247118083e-06,2
4,105,5.74154098287243e-06,0.00274092039742063,9.29924401640148e-06,0.000159321986834812,6.70977083111084e-06,1
4,106,5.74198438382823e-06,0.00273383199084034,1.26770598794817e-05,0.000159403102086147,1.34893918685933e-06,2
4,107,5.74243592876281e-06,0.00272686493052954,9.27579936231846e-06,0.000158621727114154,6.59002479814788e-06,1
4,108,5.74287647022514e-06,0.00271982977878122,1.2574067451419e-05,0.000158694421760537,1.34305355635009e-06,2
4,109,5.74332370690406e-06,0.00271291619379399,9.35892344060915e-06,0.000157927391690579,6.38748801389106e-06,1
4,110,5.74376052152288e-06,0.00270593456805093,1.25175089673157e-05,0.000157979853022098,1.34957050802029e-06,2
4,111,5.74420384961249e-06,0.00269907011759605,9.33191080697172e-06,0.000157239703208819,6.23751181999767e-06,1
4,112,5.74463646237389e-06,0.00269214305921109,1.23693180745178e-05,0.000157282122820193,1.3298906029595e-06,2
4,113,5.74507493644183e-06,0.00268533208143142,9.29993606429289e-06,0.000156561234082592,6.05835258772389e-06,1
4,114,5.74550357498796e-06,0.0026784591917188,1.22347462104437e-05,0.000156585783879853,1.32470817826235e-06,2
4,115,5.74593800310358e-06,0.00267169895881798,9.23138654456926e-06,0.000155880606390245,5.93102530369653e-06,1
4,116,5.74636259961826e-06,0.00266488103947604,1.20601847071188e-05,0.000155896958099775,1.30404715500823e-06,2
4,117,5.74679252962714e-06,0.00265817485303745,9.09886571934983e-06,0.000155208664437465,5.78917107083994e-06,1
4,118,5.74721343809689e-06,0.00265141121226676,1.18685208690268e-05,0.000155211022397681,1.29584058843042e-06,2
4,119,5.74763973557921e-06,0.00264475652909961,8.94922763524198e-06,0.000154532661336056,5.68650685584028e-06,1
4,120,5.7480570938425e-06,0.0026380472219649,1.16565100147453e-05,0.000154528544747432,1.2765661335928e-06,2
4,121,5.74847954367115e-06,0.00263144623813936,8.73690052616353e-06,0.000153869590561658,5.57206578467781e-06,1
4,122,5.7488936604282e-06,0.00262479038581917,1.14062313587285e-05,0.00015386338696607,1.26727740288537e-06,2
4,123,5.74931325054162e-06,0.00261824084122651,8.55701286747024e-06,0.00015319727915172,5.48826170509629e-06,1
4,124,5.74972476428046e-06,0.00261163719597684,1.13634186591286e-05,0.000153152714128864,1.24983953443503e-06,2
4,125,5.75014197621311e-06,0.00260513798748712,8.47549972626895e-06,0.000152509945660564,5.39283443902028e-06,1
4,126,5.75055155644796e-06,0.00259858562213536,1.10847363341658e-05,0.0001524941825366,1.24015916689174e-06,2
4,127,5.75096698258612e-06,0.00259213865706297,8.29391241709272e-06,0.000151876749639174,5.31948898934601e-06,1
4,128,5.75137553206576e-06,0.00258563920970468,1.09232231271994e-05,0.00015186394142459,1.22329528959799e-06,2
4,129,5.75179039229011e-06,0.00257924064443515,8.18922943052315e-06,0.000151256117750409,5.24238262937822e-06,1
4,130,5.75219839303984e-06,0.00257278351908222,1.08275654558663e-05,0.000151235218783958,1.21461678521716e-06,2
4,131,5.75261174722484e-06,0.00256642169931288,8.16132677770174e-06,0.000150632914789526,5.18159867380967e-06,1
4,132,5.75301805062496e-06,0.00256000485633937,1.0772240503543e-05,0.000150601749813818,1.20105236857493e-06,2
4,133,5.75342978677234e-06,0.00255368662993273,8.2407996841967e-06,0.000149991619470923,5.11075939061228e-06,1
4,134,5.7538343422884e-06,0.00254731701030176,1.08969882399746e-05,0.00014995097544006,1.19179206477246e-06,2
4,135,5.75424304831526e-06,0.00254104777541622,8.51980339904963e-06,0.000149360601624406,5.05362905584012e-06,1
4,136,5.75464407452317e-06,0.002534729872423,1.1062217661756e-05,0.000149330380131159,1.17743244446308e-06,2
4,137,5.75504919454175e-06,0.00252851404948464,8.77404010542742e-06,0.000148757038910139,4.99327168899967e-06,1
4,138,5.75544656093205e-06,0.00252225008828299,1.11519892891991e-05,0.000148733705115155,1.16805759807533e-06,2
4,139,5.75584854293797e-06,0.00251608834825915,8.87435348229385e-06,0.000148169098371159,4.94909438048518e-06,1
4,140,5.75624353518288e-06,0.00250987910555986,1.12243684959902e-05,0.000148134817918516,1.15610379041346e-06,2
4,141,5.75664405927303e-06,0.00250377283617235,9.21359585582911e-06,0.000147553632716105,4.90395343447587e-06,1
4,142,5.7570392333526e-06,0.002497618768558,1.18580810864209e-05,0.00014748809457987,1.14906955893431e-06,2
4,143,5.75743890964653e-06,0.00249156852482372,1.02449943887659e-05,0.000146909522777605,4.87010620678861e-06,1
4,144,5.75783119657123e-06,0.00248547110681814,1.2371733727576e-05,0.000146874655488585,1.13958381265058e-06,2
4,145,5.75822727390599e-06,0.00247947831529966,1.03965515773852e-05,0.000146308327005236,4.83274699583707e-06,1
4,146,5.75861626118094e-06,0.00247343649638559,1.21059730249234e-05,0.00014626633191377,1.13435702475208e-06,2
4,147,5.75901036611479e-06,0.00246749810416351,1.00699446693116e-05,0.000145689070338557,4.80467040941412e-06,1
4,148,5.7593968144027e-06,0.00246150983976709,1.20934977854673e-05,0.000145618079322962,1.12668193002077e-06,2
4,149,5.75978680128411e-06,0.00245562600828454,1.02242407317956e-05,0.000145031696609165,4.77109118684262e-06,1
4,150,5.76016969416831e-06,0.00244969149073575,1.21222645782366e-05,0.000144957501857733,1.12174155238293e-06,2
4,151,5.76055599796253e-06,0.00244386154551797,1.01255804323124e-05,0.00014438058138357,4.74356055071208e-06,1
4,152,5.76093456170015e-06,0.00243798040901334,1.18677176922618e-05,0.000144312290806588,1.11399352572191e-06,2
4,153,5.76131614927556e-06,0.00243220464907488,9.67528342389846e-06,0.000143741355570672,4.71062348070523e-06,1
4,154,5.76169528516944e-06,0.00242643695625839,1.5668401411995e-05,0.000143142985461865,6.8695417942397e-06,1
4,155,5.76207747573419e-06,0.00242070371886111,9.87278843599185e-06,0.000143164192748991,2.7741211134795e-06,2
4,156,5.76243797205176e-06,0.00241487463930564,1.02699452666947e-05,0.000142634532848017,5.78108270998587e-06,1
4,157,5.76281354708457e-06,0.00240916856680336,1.00257627811619e-05,0.000142586569276401,1.70299414901171e-06,2
4,158,5.76319418549442e-06,0.00240353137583319,9.58001835275499e-06,0.000142119939111483,3.82163375968424e-06,1
4,159,5.7635553801843e-06,0.00239786402135073,1.23122259105643e-05,0.000141558291117414,5.73621600004434e-06,1
4,160,5.76392974787274e-06,0.00239224069492327,1.0586078989635e-05,0.000141568921206119,1.82784785842971e-06,2
4,161,5.76430710849776e-06,0.00238663120154547,9.79496953169779e-06,0.000140827721053502,6.65985750607057e-06,1
4,162,5.76467367532745e-06,0.00238102823765867,1.12473000537749e-05,0.000140939676249907,1.64435696836553e-06,2
4,163,5.76504346408418e-06,0.00237556105841269,9.84594698293187e-06,0.000140321661315955,5.14664968947449e-06,1
4,164,5.76541223481532e-06,0.00236999338038599,1.14319771530091e-05,0.00014030634037504,1.50697784012884e-06,2
4,165,5.76579069178557e-06,0.00236452445673028,1.01052612494042e-05,0.000139764740761126,4.40786361034308e-06,1
4,166,5.76615545797086e-06,0.00235908344823575,1.50036339779926e-05,0.00013927120901073,5.67308712970838e-06,1
4,167,5.76653459192263e-06,0.00235365894131657,1.15061425607879e-05,0.00013922778199096,2.4889690776405e-06,2
4,168,5.76690464754385e-06,0.00234814687828038,1.21669411967515e-05,0.000138563505629256,6.59856279717943e-06,1
4,169,5.76727779661326e-06,0.00234274853807498,1.27513856774889e-05,0.000138661534032633,1.74828044152143e-06,2
4,170,5.76765443084502e-06,0.00233745897322278,1.2353283851797e-05,0.000138162460697544,4.3177997023491e-06,1
4,171,5.76802435362181e-06,0.00233207447069378,1.6146697287282e-05,0.000137538149985898,6.44423633739483e-06,1
4,172,5.76839910717768e-06,0.00232677409028869,1.35119846080539e-05,0.000137685081507277,2.39348754298295e-06,2
4,173,5.76877047687029e-06,0.0023214682618233,1.24297909088538e-05,0.000137483361378643,1.37417978608728e-06,2
4,174,5.76913260196318e-06,0.00231615668238268,1.21591586820666e-05,0.000137076367745916,4.34592865242552e-06,1
4,175,5.76950055706914e-06,0.00231088209559785,1.25090491369714e-05,0.000137002712978599,1.05838299821407e-06,2
4,176,5.76987216993554e-06,0.00230568474864977,1.14648738343748e-05,0.000136592162438533,3.94634564939935e-06,1
4,177,5.77023366237691e-06,0.00230049277496484,1.49299979842582e-05,0.000136109531805047,6.13139494697151e-06,1
4,178,5.77060331418835e-06,0.00229532606523681,1.12305591445901e-05,0.000136193958730753,2.01152686558314e-06,2
4,179,5.77095996643344e-06,0.00229007777714163,1.09148916532932e-05,0.000135776116165791,4.69593039610307e-06,1
4,180,5.7713214422933e-06,0.00228492941490708,1.11172396011143e-05,0.000135750303552067,1.39856931931431e-06,2
4,181,5.77168615770386e-06,0.00227986551221996,1.01857457103407e-05,0.000135351668840298,3.57130906839924e-06,1
4,182,5.77204140995191e-06,0.0022747548707174,1.30596495776792e-05,0.000134965044927495,4.62172557325451e-06,1
4,183,5.77240203457856e-06,0.00226969955265326,1.04759806340079e-05,0.000134978951711756,1.90175914312018e-06,2
4,184,5.77275213117984e-06,0.00226460406948008,9.95192908159072e-06,0.000134361186755442,6.57567372496852e-06,1
4,185,5.77310374344926e-06,0.00225955629938983,1.05814306158974e-05,0.000134543471502821,1.49526244155065e-06,2
4,186,5.77346047635815e-06,0.00225462676504863,9.18142018492325e-06,0.00013406267884771,4.74699039118825e-06,1
4,187,5.77380724281332e-06,0.00224960364151195,1.00501320910056e-05,0.00013408853504946,1.11737511411869e-06,2
4,188,5.7741543852807e-06,0.00224468132043352,8.596732969473e-06,0.000133702045936325,3.57368542211169e-06,1
4,189,5.77450465377043e-06,0.00223975226371077,1.25604425100325e-05,0.000133289324199556,5.0071982105844e-06,1
4,190,5.77485298364411e-06,0.00223486462352654,9.23828257095338e-06,0.000133253618062404,2.11699348537969e-06,2
4,191,5.77518587492799e-06,0.0022299288141853,9.16901959184844e-06,0.000132708021351055,5.82122478933348e-06,1
4,192,5.77553062241517e-06,0.00222506258634319,9.96341780589056e-06,0.000132771176662308,1.67461976011993e-06,2
4,193,5.77588265274113e-06,0.00222028641772666,9.07898893286099e-06,0.000132290853736009,4.50672791804465e-06,1
4,194,5.77621663174213e-06,0.00221550202693543,1.36805412530896e-05,0.000131745578395712,6.42173227359309e-06,1
4,195,5.77656398594268e-06,0.00221074790174408,9.7731719847271e-06,0.000131932554103258,2.60355119490906e-06,2
4,196,5.77690655765586e-06,0.00220596842415844,8.67764571151284e-06,0.000131802074457309,1.18454802950788e-06,2
4,197,5.77724622649321e-06,0.00220118854243937,8.37940153897744e-06,0.00013139579334151,4.20267585652109e-06,1
4,198,5.77758544950772e-06,0.0021964677424974,9.17633252320107e-06,0.000131333464348561,1.05439795128918e-06,2
4,199,5.77792864972282e-06,0.00219184414553191,8.14382842464927e-06,0.000130925560649672,3.67448553067211e-06,1
4,200,5.77827000840173e-06,0.00218718535367172,1.24575539185118e-05,0.00013050091901166,5.2918977947069e-06,1
5,1,5.7829608481752e-06,0.00214880101213195,0.000379651630480532,0.000257132946469881,3.82172688565016e-06,4
5,2,5.78502281597147e-06,0.00212435364585431,0.000226432612076344,0.000229933786400338,2.14025231130277e-06,4
5,3,5.7860214442167e-06,0.00210628820908427,0.000163533701468342,0.00021983488034725,4.45754259610644e-06,3
5,4,5.78671164553018e-06,0.002091472537104,0.000123163420436176,0.000214393776513754,2.70588086531315e-06,3
5,5,5.78731343110764e-06,0.00207810714967616,9.92746660275331e-05,0.000208783231846781,6.00759079188394e-06,2
5,6,5.78790968462601e-06,0.00206564072655547,8.60873675371808e-05,0.000203832175169347,3.44806659068646e-06,2
5,7,5.78851688444122e-06,0.00205365171338148,7.82459744844569e-05,0.000198976077687446,2.59385656776919e-06,2
5,8,5.78913819661485e-06,0.00204199886609958,7.28056921017123e-05,0.000194834893724111,2.05176217387639e-06,2
5,9,5.78979205248934e-06,0.00203063859481164,6.84770438369582e-05,0.000191369746027948,1.77915585292433e-06,2
5,10,5.79048826142638e-06,0.00201957864238542,6.45519299910039e-05,0.000188249342182244,5.32957680833116e-06,1
5,11,5.79123377679046e-06,0.00200876111130704,6.16472598734293e-05,0.000185999971708838,1.55987017174426e-06,2
5,12,5.79199026129836e-06,0.00199822253573371,5.86703862003825e-05,0.000183853548471902,3.43900351576715e-06,1
5,13,5.79277939932568e-06,0.00198792924315177,5.63400659660949e-05,0.000182071655687085,3.48669641444452e-06,1
5,14,5.79355224916343e-06,0.00197788132825749,5.44612045237816e-05,0.000180338321665312,5.36518755860547e-06,1
5,15,5.79434336340806e-06,0.00196804035579466,5.2818682174567e-05,0.000179134664324617,1.61320650663076e-06,2
5,16,5.79513357773844e-06,0.00195844210002455,5.13493535142112e-05,0.000177668582019921,4.52495423110686e-06,1
5,17,5.79592055451376e-06,0.00194903390277725,5.10551049462625e-05,0.000176239586929516,6.76128317870495e-06,1
5,18,5.79670921999428e-06,0.00193979090520656,4.9796237466025e-05,0.00017540287672818,2.14677353477204e-06,2
5,19,5.79748503288454e-06,0.00193073883446388,4.91362817734452e-05,0.000174191366728896,5.10728560463847e-06,1
5,20,5.79825798835566e-06,0.00192180854546756,4.87285035051096e-05,0.000173409807398712,1.5435247746277e-06,2
5,21,5.79902463702237e-06,0.00191308798571849,4.80739928085263e-05,0.00017234608359318,3.94104118559423e-06,1
5,22,5.79978131165871e-06,0.00190444933141969,4.80947377593469e-05,0.000171343814019892,5.03332874854443e-06,1
5,23,5.80053136012696e-06,0.00189594554424531,4.74191713071473e-05,0.000170734640168773,1.34625070196648e-06,2
5,24,5.80126120449262e-06,0.00188762877392229,4.64251684396179e-05,0.000169701439207512,5.46680884688453e-06,1
5,25,5.80198610218217e-06,0.00187933813114302,4.61497514552045e-05,0.000169213915548102,1.2790142992359e-06,2
5,26,5.80269597052205e-06,0.00187122935248544,4.47911985373882e-05,0.000168320317247287,4.97084136013227e-06,1
5,27,5.80339656375682e-06,0.00186321033757746,4.52920231149483e-05,0.000167499617636985,6.83838732948524e-06,1
5,28,5.80408506155851e-06,0.00185526738796263,4.29546234782838e-05,0.000167186767075836,2.61351537859269e-06,2
5,29,5.80474578500764e-06,0.00184744956022131,4.18753541246239e-05,0.000166411336685094,5.98970589160457e-06,1
5,30,5.80541432645644e-06,0.0018396841713392,4.10848160369514e-05,0.000166092905531683,1.77665969821267e-06,2
5,31,5.80607769912135e-06,0.00183209827261649,3.99431575394811e-05,0.000165360712972615,4.5996790034358e-06,1
5,32,5.80672454482047e-06,0.00182455561540081,4.00274865722395e-05,0.000164644607294357,6.14566026697745e-06,1
5,33,5.80737773355333e-06,0.00181710231237788,3.8408102951839e-05,0.000164466416648922,2.04092867775772e-06,2
5,34,5.80802613594906e-06,0.00180975043459944,3.70951387009306e-05,0.000163998641342985,1.34905858521118e-06,2
5,35,5.80866405086686e-06,0.00180254837073486,3.57284615639407e-05,0.000163295648494045,5.4097550860269e-06,1
5,36,5.80930547114963e-06,0.00179534576378901,3.51735882882426e-05,0.000163033735764572,1.11297842398653e-06,2
5,37,5.80994416390574e-06,0.00178832435781471,3.36126728252643e-05,0.000162296903005055,5.12621727914201e-06,1
5,38,5.81057836282357e-06,0.00178129784059742,3.33227424168134e-05,0.000162025510026974,1.05092415129163e-06,2
5,39,5.81120955540306e-06,0.00177445085364975,3.15757938827754e-05,0.000161269534092172,5.42844860333442e-06,1
5,40,5.81183816585097e-06,0.00176758836289903,3.14256864937324e-05,0.000161058093544713,1.11716603436688e-06,2
5,41,5.81246620687528e-06,0.0017609012425685,2.94300932243147e-05,0.000160284622192064,5.88791418186511e-06,1
5,42,5.81308955209552e-06,0.00175419023039454,2.94382244394496e-05,0.000160146549017561,1.18073230767196e-06,2
5,43,5.81371338643659e-06,0.00174765064285152,2.73998976709127e-05,0.000159348540115163,6.1214055373984e-06,1
5,44,5.81433235101243e-06,0.00174107818467173,2.76637639336331e-05,0.000159242714627611,1.25623344942254e-06,2
5,45,5.81495212782978e-06,0.00173466773958057,2.55107183656285e-05,0.00015844520223401,6.29002119090397e-06,1
5,46,5.81556501478665e-06,0.00172821994326118,2.59405374434468e-05,0.000158386142576979,1.29513837411577e-06,2
5,47,5.81617883164478e-06,0.00172192385836864,2.37854462942649e-05,0.000157581666412005,6.3419515699601e-06,1
5,48,5.81678484315928e-06,0.00171558643408599,2.44109969003319e-05,0.000157537666310914,1.33548388108169e-06,2
5,49,5.81739220511493e-06,0.00170939026821003,2.21871897559726e-05,0.000156741654590672,6.37333522196426e-06,1
5,50,5.81799165753743e-06,0.00170315436693993,2.29531542637136e-05,0.000156723144047198,1.35332679125036e-06,2
5,51,5.81859393666824e-06,0.00169704967006082,2.06980099219528e-05,0.000155938809847133,6.34540299285572e-06,1
5,52,5.8191887565119e-06,0.00169090525970448,2.1674566534623e-05,0.000155927045783742,1.3727269169057e-06,2
5,53,5.81978761356096e-06,0.00168488255317277,1.94573512017731e-05,0.00015514471499008,6.30994012171252e-06,1
5,54,5.82037967335351e-06,0.00167882348977306,2.05874085183406e-05,0.000155139462199109,1.3775490352223e-06,2
5,55,5.82097677664948e-06,0.00167287855347615,1.83657987525829e-05,0.000154375843969707,6.23796157234045e-06,1
5,56,5.82156792698666e-06,0.00166690110132238,1.96513951241188e-05,0.000154369921550483,1.38338924673377e-06,2
5,57,5.82216427923124e-06,0.00166103183869085,1.745558174801e-05,0.000153619109519183,6.16244382475488e-06,1
5,58,5.82275372539292e-06,0.00165513490675764,1.88311706481352e-05,0.000153621676169233,1.37796056274746e-06,2
5,59,5.82334768781459e-06,0.00164934119408065,1.66390980132116e-05,0.000152892087795533,6.06299916797091e-06,1
5,60,5.8239343516485e-06,0.00164352172333267,1.81433943851318e-05,0.000152893068153973,1.37279892549046e-06,2
5,61,5.82452478199468e-06,0.00163779965934281,1.60384988158366e-05,0.000152177828340345,5.96550801005447e-06,1
5,62,5.82510677381122e-06,0.00163205565251539,1.76291994469199e-05,0.000152178045149315,1.35939208811004e-06,2
5,63,5.82569124750554e-06,0.0016264064034738,1.55704779057618e-05,0.000151483102586505,5.85602732269457e-06,1
5,64,5.82626733193998e-06,0.00162073885685641,1.72041468222071e-05,0.000151482302576735,1.34683627605255e-06,2
5,65,5.82684517332481e-06,0.00161516336773875,1.52112470938284e-05,0.000150804082244491,5.75454177730084e-06,1
5,66,5.82741468715809e-06,0.00160957315400701,1.68370168814129e-05,0.000150804624087234,1.32892996358235e-06,2
5,67,5.82798542289724e-06,0.00160407305897345,1.48718566641053e-05,0.000150146058019023,5.64981363723021e-06,1
5,68,5.8285486734791e-06,0.0015985604430654,1.65430763460615e-05,0.000150143011596559,1.31304533924182e-06,2
5,69,5.82911317952445e-06,0.00159313542222021,1.46123849351416e-05,0.00014949856475885,5.55492033259826e-06,1
5,70,5.82967073504083e-06,0.00158770070379161,1.62513161585194e-05,0.000149492216203086,1.29425568419238e-06,2
5,71,5.83022981042431e-06,0.0015823521241811,1.43625576400171e-05,0.000148858878242189,5.45426853773706e-06,1
5,72,5.83078301173196e-06,0.00157699499556536,1.6033064432145e-05,0.00014884248724345,1.27748397575192e-06,2
5,73,5.83133713263391e-06,0.00157172248933713,1.41521520425871e-05,0.000148227657058992,5.34105538744811e-06,1
5,74,5.83188506391915e-06,0.00156644339299569,1.57571208829784e-05,0.000148215144172561,1.25592609192931e-06,2
5,75,5.83243426495877e-06,0.00156124763859565,1.39855560562153e-05,0.000147611379460778,5.22316606664694e-06,1
5,76,5.83297819941113e-06,0.00155604711076887,1.55969966548002e-05,0.000147586588921799,1.23411846104686e-06,2
5,77,5.83352334252533e-06,0.00155092865741382,1.38681516351392e-05,0.000146992194824502,5.13331733819236e-06,1
5,78,5.83406346294432e-06,0.00154580662505958,1.54274559004346e-05,0.000146966837053597,1.21311243871424e-06,2
5,79,5.83460423121301e-06,0.00154076571829087,1.36799373009562e-05,0.000146393796261535,5.04783928342433e-06,1
5,80,5.83514010030488e-06,0.00153572170860763,1.52276489589101e-05,0.000146363979055739,1.19643154632425e-06,2
5,81,5.83567650753503e-06,0.00153075808046368,1.35366194609241e-05,0.000145796709977304,4.9736952920768e-06,1
5,82,5.83620815382234e-06,0.00152579194671865,1.50897921985386e-05,0.000145752250673875,1.17892363969197e-06,2
5,83,5.83674009257897e-06,0.00152090600032133,1.34676128933969e-05,0.000145181782032394,4.89955892233596e-06,1
5,84,5.83726738331e-06,0.00151601742969563,1.49966173897305e-05,0.00014513164802766,1.16382420895282e-06,2
5,85,5.8377948881775e-06,0.00151120850815453,1.33764033368316e-05,0.00014457402372699,4.83139436957927e-06,1
5,86,5.83831769947637e-06,0.00150639614141616,1.4841653452579e-05,0.000144528065741534,1.14728296644873e-06,2
5,87,5.83884068281563e-06,0.00150166264991703,1.32032008712657e-05,0.000143986285264265,4.76171120335375e-06,1
5,88,5.839362714042e-06,0.00149696235188288,1.80981315946437e-05,0.000143452629731488,6.81659468028731e-06,1
5,89,5.83988701574536e-06,0.00149230414251683,1.34806838305953e-05,0.000143512202815333,2.79824787464939e-06,2
5,90,5.8403888919907e-06,0.00148760621395767,1.38133763731165e-05,0.000143027043982153,5.87861923685259e-06,1
5,91,5.84090593299293e-06,0.00148300485750563,1.36608540631295e-05,0.000143011919932523,1.76363140496167e-06,2
5,92,5.84142515212601e-06,0.00147846539949295,1.33205932272938e-05,0.000142579334009454,3.94132420560244e-06,1
5,93,5.84192548569108e-06,0.00147393037791618,1.54651351123471e-05,0.000142043668749713,5.91556237041418e-06,1
5,94,5.84243667239802e-06,0.00146944631692745,1.39670659648121e-05,0.00014209767870626,1.90128430293779e-06,2
5,95,5.84294749252202e-06,0.00146499458202529,1.32799639569444e-05,0.000141386479696034,6.83290600380768e-06,1
5,96,5.84344827817265e-06,0.00146056695994417,1.42071263707414e-05,0.000141535787795422,1.70984264801728e-06,2
5,97,5.84394886370077e-06,0.0014562451389748,1.29989515052602e-05,0.000140963890806372,5.11619554253985e-06,1
5,98,5.84444863964783e-06,0.00145188744787659,1.39918673379375e-05,0.000140965137927126,1.5155912511153e-06,2
5,99,5.84495370397488e-06,0.00144760396901867,1.27433566294816e-05,0.000140471249423434,4.2654045664927e-06,1
5,100,5.84544454868667e-06,0.00144337412302731,1.61693688430782e-05,0.000140060335556587,5.22072616452573e-06,1
5,101,5.84594639575612e-06,0.00143917120468298,1.32752021191538e-05,0.000140012406607123,2.33221403861721e-06,2
5,102,5.84643676267092e-06,0.00143494981410829,1.32424164936603e-05,0.000139391147597059,6.60490413520273e-06,1
5,103,5.84692833657174e-06,0.00143081578803251,1.34725030770044e-05,0.000139494454914435,1.68126187718416e-06,2
5,104,5.84741999421466e-06,0.00142677891629817,1.27702264042056e-05,0.000139024936672095,4.33246424434758e-06,1
5,105,5.84790818885775e-06,0.00142269787232003,1.63517643969059e-05,0.000138431514121254,6.54488882592837e-06,1
5,106,5.84839967233317e-06,0.00141870590165108,1.34606052888396e-05,0.000138575285881539,2.51333746268845e-06,2
5,107,5.84888621771578e-06,0.00141473220605944,1.24851944828805e-05,0.000138379004631004,1.41135899020606e-06,2
5,108,5.84936218259374e-06,0.00141078890020652,1.2457304502282e-05,0.000137954199837689,4.3049083206657e-06,1
5,109,5.84984588848131e-06,0.00140687975528759,1.28655904123359e-05,0.000137830812122181,1.13253398840054e-06,2
5,110,5.85033269077227e-06,0.00140304818305747,1.22791564627627e-05,0.000137401152441814,3.78233317827031e-06,1
5,111,5.85080767135707e-06,0.00139923462182023,1.52852852089863e-05,0.000136916927470012,5.77468603711476e-06,1
5,112,5.85129256835e-06,0.00139546992530869,1.27069538804106e-05,0.00013693997001125,1.93411908973978e-06,2
5,113,5.85176567749128e-06,0.00139170077316614,1.27064828879588e-05,0.000136484889442476,4.79707758718296e-06,1
5,114,5.85224194949167e-06,0.00138799478973373,1.2996777427347e-05,0.000136437312593768,1.47896043104203e-06,2
5,115,5.85271942403247e-06,0.00138438397489353,1.24878407314786e-05,0.000136024293257253,3.51834504320174e-06,1
5,116,5.85319064649256e-06,0.00138074610642325,1.48833896952025e-05,0.000135596795249477,4.73230283013456e-06,1
5,117,5.85366668706477e-06,0.00137717473059377,1.28830373767549e-05,0.00013562204770561,1.56213294260166e-06,2
5,118,5.85413059302982e-06,0.00137364585096502,1.25295482429076e-05,0.000135065647053035,5.81332200432328e-06,1
5,119,5.85459725326273e-06,0.00137012545195501,1.31402985638796e-05,0.000135118849179549,1.26578820603628e-06,2
5,120,5.85506690340755e-06,0.00136671012735711,1.22514525596497e-05,0.000134659670713979,4.32472688392484e-06,1
5,121,5.85553012450016e-06,0.00136326583497249,1.3137279341569e-05,0.000134601769056559,9.72372499960048e-07,2
5,122,5.8559920715838e-06,0.00135991938787307,1.23065049094084e-05,0.000134198401498074,3.37923928199898e-06,1
5,123,5.85645612136681e-06,0.00135657142284894,1.50627447657968e-05,0.0001338112650936,4.71972972865617e-06,1
5,124,5.85692061832085e-06,0.00135328494729264,1.28112363774062e-05,0.000133748548851156,1.9457482807302e-06,2
5,125,5.85736765037209e-06,0.00135002160668177,1.28340585718073e-05,0.000133305366844363,4.9920839225537e-06,1
5,126,5.85782574403542e-06,0.00134679186829976,1.30720405587919e-05,0.00013328205534087,1.51065537233039e-06,2
5,127,5.85828625967085e-06,0.00134365564750328,1.25792032273237e-05,0.000132876003183504,3.86283725505386e-06,1
5,128,5.85873343661837e-06,0.0013405270142497,1.5143962493223e-05,0.000132435514789633,5.40878064584468e-06,1
5,129,5.85919164690636e-06,0.00133744133275198,1.31072963073691e-05,0.000132492695343839,2.16277139545439e-06,2
5,130,5.8596422406754e-06,0.00133438111229229,1.32177050102765e-05,0.000131904705036681,6.31181767390993e-06,1
5,131,5.8600903888104e-06,0.00133134991640509,1.32850648469513e-05,0.000132050855989003,1.72866157085165e-06,2
5,132,5.86053942873892e-06,0.00132844393040893,1.28628543326051e-05,0.00013161051316567,4.20368041583612e-06,1
5,133,5.86098372985327e-06,0.00132546230525861,1.61439290851174e-05,0.00013102339268261,6.28714357950349e-06,1
5,134,5.86143487273198e-06,0.00132256567260519,1.35315122803852e-05,0.000131278855602151,1.86890983103309e-06,2
5,135,5.86187276332263e-06,0.00131977000002484,1.33629757939627e-05,0.000130659640865558,6.22899534126436e-06,1
5,136,5.86231741405488e-06,0.00131691492213111,1.40483313720854e-05,0.000130802377465017,1.70979960391897e-06,2
5,137,5.86276591334689e-06,0.00131418477533746,1.3274263361081e-05,0.000130340320677531,4.55604734889552e-06,1
5,138,5.86319818596847e-06,0.00131145210622058,1.68672374035712e-05,0.00012982332007179,6.56828294576866e-06,1
5,139,5.86364342986827e-06,0.00130877019963834,1.35382911798748e-05,0.000130052853900761,2.57530497348659e-06,2
5,140,5.86407496491439e-06,0.00130609587744678,1.38596464066592e-05,0.000129502208876471,6.27326154707092e-06,1
5,141,5.86450767773104e-06,0.00130345979945682,1.3425353328139e-05,0.000129657571705972,1.97521840453676e-06,2
5,142,5.86494136298369e-06,0.00130095338194001,1.31539232065854e-05,0.000129212704359656,4.24799939659716e-06,1
5,143,5.86536534150543e-06,0.00129835479193105,1.59390132852963e-05,0.000128557508399339,6.68219103912485e-06,1
5,144,5.86579343635219e-06,0.00129582778572971,1.31290409166863e-05,0.000128912482774656,1.90270883942289e-06,2
5,145,5.86622575037869e-06,0.00129347499814396,1.26477715736484e-05,0.000128468183335941,4.52607196719341e-06,1
5,146,5.86665256806834e-06,0.00129100955636707,1.33848138712142e-05,0.00012843395571042,1.25780457688315e-06,2
5,147,5.86707111771161e-06,0.0012886171659221,1.26024768234645e-05,0.000127966666035879,4.3635261161573e-06,1
5,148,5.86749163207873e-06,0.00128623853119469,1.32174107665464e-05,0.000127953761704955,1.38792609216373e-06,2
5,149,5.86791633458894e-06,0.00128398227873323,1.22511613445215e-05,0.000127507329290211,4.09378284424708e-06,1
5,150,5.86832138692563e-06,0.0012816505661065,1.51246713518237e-05,0.000127082344130751,5.53486675806095e-06,1
5,151,5.8687374997912e-06,0.0012794017126143,1.25186866801892e-05,0.000127146384915207,2.23617431123546e-06,2
5,152,5.86915287094145e-06,0.00127724974923808,1.25643895278444e-05,0.000126652388268907,5.53014400691983e-06,1
5,153,5.86955967940302e-06,0.00127506919945375,1.28828271955444e-05,0.00012668346206199,1.61015110015759e-06,2
5,154,5.86995865284561e-06,0.00127299024218875,1.23347137640229e-05,0.00012623379858866,4.01655289453073e-06,1
5,155,5.87036603984558e-06,0.00127086137869301,1.48884094237553e-05,0.000125648254842281,6.41280357923167e-06,1
5,156,5.87076469618996e-06,0.00126879959287267,1.2732737161238e-05,0.000125805132550575,2.5385749896597e-06,2
5,157,5.8711441125179e-06,0.0012668019781425,1.30167549192731e-05,0.000125221425433974,5.94805200946074e-06,1
5,158,5.87153187862961e-06,0.0012647478461497,1.29222963875032e-05,0.000125319316177883,2.20574300833451e-06,2
5,159,5.87192809802341e-06,0.00126282744916781,1.22452185909379e-05,0.000124687871569195,5.92381768457377e-06,1
5,160,5.87230818527555e-06,0.00126086529657883,1.30261707068788e-05,0.000124811135695613,2.10623914452512e-06,2
5,161,5.87267479363562e-06,0.00125898800322003,1.22100809468148e-05,0.000124213342977187,5.46756096355105e-06,1
5,162,5.87304718836014e-06,0.00125703822309644,1.28451252770861e-05,0.000124304728045771,1.99174547370092e-06,2
5,163,5.87342993209506e-06,0.00125522755749633,1.17034467634389e-05,0.000123648539752855,6.07598821221535e-06,1
5,164,5.87378456817265e-06,0.00125337601196881,1.32479312920536e-05,0.000123773759694126,1.98639698863484e-06,2
5,165,5.87412841025351e-06,0.0012516191128085,1.22665988656091e-05,0.000123147119357363,5.26377446634635e-06,1
5,166,5.87447643697608e-06,0.00124973815326057,1.30097655080374e-05,0.000123241982872791,1.83743938740878e-06,2
5,167,5.87484352081908e-06,0.00124797529385277,1.14155597519521e-05,0.000122543653438783,6.39403746298703e-06,1
5,168,5.87518949858482e-06,0.00124611663872237,1.30056311586615e-05,0.000122706884462564,1.79307333180308e-06,2
5,169,5.87553372738662e-06,0.00124435135987426,1.16115291822931e-05,0.000122130017329992,4.92451205018282e-06,1
5,170,5.8758788143211e-06,0.00124251593789991,1.18679495092836e-05,0.000122270641703688,1.24360475562761e-06,2
5,171,5.87623197533506e-06,0.00124075833031796,1.04224299367468e-05,0.00012182863055103,4.23115925421396e-06,1
5,172,5.87656884494183e-06,0.0012390288470711,1.12340210949703e-05,0.000121795075495601,1.16454134023665e-06,2
5,173,5.87690220336247e-06,0.00123740561583847,1.01925379257032e-05,0.000121387480627311,3.38525606605351e-06,1
5,174,5.87723718675352e-06,0.00123566889173758,1.23733318728989e-05,0.000121021707516772,4.51863092670482e-06,1
5,175,5.87756676359873e-06,0.0012340579346978,9.99346905627137e-06,0.000121081396750583,1.40306680567661e-06,2
5,176,5.87789413252701e-06,0.00123262884902304,9.6344613325377e-06,0.000120730406437681,3.50284013678255e-06,1
5,177,5.87822464984085e-06,0.00123102452135633,1.16887551291863e-05,0.000120240404790284,5.81536213601235e-06,1
5,178,5.8785495223094e-06,0.00122959270171271,9.55151473645772e-06,0.0001203787443342,1.63769874653435e-06,2
5,179,5.87887268479639e-06,0.00122823878760301,9.75291062929073e-06,0.000120028724226673,3.47968158229443e-06,1
5,180,5.8791992109489e-06,0.00122682265000017,1.20347771516223e-05,0.000119396172813605,6.40508423914494e-06,1
5,181,5.8795212532579e-06,0.00122549331593666,9.9530563125404e-06,0.000119622187477702,2.4131680434522e-06,2
5,182,5.87983898309887e-06,0.00122422939558133,1.06796122176143e-05,0.000119133910465726,4.9962638086297e-06,1
5,183,5.88015818186484e-06,0.00122293459868331,1.00910019187241e-05,0.000119211264629162,1.87930511078308e-06,2
5,184,5.8804809128671e-06,0.00122173315228396,1.00297016619774e-05,0.000118742661410362,4.75572943337853e-06,1
5,185,5.88079696696002e-06,0.001220535342287,1.00657319798835e-05,0.000118796545591693,1.69217004983399e-06,2
5,186,5.88110751299784e-06,0.00121940292949134,9.74852075601923e-06,0.000118394353144017,3.9033905761425e-06,1
5,187,5.88141975437155e-06,0.00121825084948415,9.66838919342889e-06,0.000118392174099532,1.38290139748062e-06,2
5,188,5.88173826561949e-06,0.00121720184492403,9.31195104679264e-06,0.000117985495571495,3.96200534001555e-06,1
5,189,5.88204803784133e-06,0.00121614429310483,9.69505780220515e-06,0.000117940593537775,1.28409663168844e-06,2
5,190,5.88235348869148e-06,0.00121516019786103,9.26871401872448e-06,0.000117571767525282,3.16910300813924e-06,1
5,191,5.88266420425597e-06,0.00121412688553249,1.1636704264442e-05,0.000117083698297315,5.10414521455247e-06,1
5,192,5.88297152390714e-06,0.00121317742885556,9.5403311099647e-06,0.000117187229210273,1.82631360221752e-06,2
5,193,5.88327114872512e-06,0.00121232030588029,1.00047715789916e-05,0.000116753567267667,4.32685975128615e-06,1
5,194,5.8835737722083e-06,0.0012113985886672,9.80324099688874e-06,0.000116734522992898,1.48924286381403e-06,2
5,195,5.88388327847659e-06,0.00121062400916425,9.45058476732773e-06,0.000116318249118137,3.95318075843204e-06,1
5,196,5.88416616356087e-06,0.00120973099818687,1.22734946651609e-05,0.000115720852885188,6.73760725604584e-06,1
5,197,5.88446286208388e-06,0.00120893930805906,9.61935094365802e-06,0.000115940220633326,2.80239597155996e-06,2
5,198,5.88477249394928e-06,0.00120828799092151,1.04349982721049e-05,0.000115370173975378,6.1418905244833e-06,1
5,199,5.88506912486639e-06,0.0012076079018198,9.58270639518557e-06,0.000115550797360574,2.48031039736793e-06,2
5,200,5.88535034157033e-06,0.001206951300981,9.7981476776725e-06,0.000115002887820907,5.55032856390837e-06,1
